;Accuracy;f1_score_macro;Method;Alpha;Samples_labeled;Dataset;Neighbors;Resolution;ADC;Time;Qnt_Amostras;Qnt_parametros;Execucao
0;0,5392491467576792;0,35033259423503327;PhyDL;0,9;2;heart_2classes;6;1;edgebetweenness;14,803157599999395;297,0;13,0;1,0
1;0,46075085324232085;0,31542056074766356;PhyDL;0,9;2;heart_2classes;6;1;edgebetweenness;14,803212800001347;297,0;13,0;2,0
2;0,5392491467576792;0,35033259423503327;PhyDL;0,9;2;heart_2classes;6;1;edgebetweenness;14,803155699999479;297,0;13,0;3,0
3;0,5392491467576792;0,35033259423503327;PhyDL;0,9;2;heart_2classes;6;1;edgebetweenness;14,803186500001175;297,0;13,0;4,0
4;0,46075085324232085;0,31542056074766356;PhyDL;0,9;2;heart_2classes;6;1;edgebetweenness;14,803157700000156;297,0;13,0;5,0
5;0,5392491467576792;0,35033259423503327;PhyDL;0,9;2;heart_2classes;6;1;edgebetweenness;14,80317389999982;297,0;13,0;6,0
6;0,5392491467576792;0,35033259423503327;PhyDL;0,9;2;heart_2classes;6;1;edgebetweenness;14,803155500001594;297,0;13,0;7,0
7;0,46075085324232085;0,31542056074766356;PhyDL;0,9;2;heart_2classes;6;1;edgebetweenness;14,80321080000067;297,0;13,0;8,0
8;0,5392491467576792;0,35033259423503327;PhyDL;0,9;2;heart_2classes;6;1;edgebetweenness;14,80315100000007;297,0;13,0;9,0
9;0,5392491467576792;0,35033259423503327;PhyDL;0,9;2;heart_2classes;6;1;edgebetweenness;14,803178900001512;297,0;13,0;10,0
10;0,5392491467576792;0,35033259423503327;PhyDL;0,9;2;heart_2classes;6;1;edgebetweenness;14,80317709999872;297,0;13,0;11,0
11;0,5392491467576792;0,35033259423503327;PhyDL;0,9;2;heart_2classes;6;1;edgebetweenness;14,80319690000033;297,0;13,0;12,0
12;0,46075085324232085;0,31542056074766356;PhyDL;0,9;2;heart_2classes;6;1;edgebetweenness;14,803195899999992;297,0;13,0;13,0
13;0,46075085324232085;0,31542056074766356;PhyDL;0,9;2;heart_2classes;6;1;edgebetweenness;14,803194700001768;297,0;13,0;14,0
14;0,5392491467576792;0,35033259423503327;PhyDL;0,9;2;heart_2classes;6;1;edgebetweenness;14,803223900002195;297,0;13,0;15,0
15;0,5392491467576792;0,35033259423503327;PhyDL;0,9;2;heart_2classes;6;1;edgebetweenness;14,80315210000117;297,0;13,0;16,0
16;0,5392491467576792;0,35033259423503327;PhyDL;0,9;2;heart_2classes;6;1;edgebetweenness;14,803192300001683;297,0;13,0;17,0
17;0,5392491467576792;0,35033259423503327;PhyDL;0,9;2;heart_2classes;6;1;edgebetweenness;14,80319690000033;297,0;13,0;18,0
18;0,5392491467576792;0,35033259423503327;PhyDL;0,9;2;heart_2classes;6;1;edgebetweenness;14,803191299997707;297,0;13,0;19,0
19;0,5392491467576792;0,35033259423503327;PhyDL;0,9;2;heart_2classes;6;1;edgebetweenness;14,803206299999147;297,0;13,0;20,0
20;0,5392491467576792;0,35033259423503327;PhyDL;0,9;2;heart_2classes;6;1;edgebetweenness;14,803259599997546;297,0;13,0;21,0
21;0,5392491467576792;0,35033259423503327;PhyDL;0,9;2;heart_2classes;6;1;edgebetweenness;14,803210000001854;297,0;13,0;22,0
22;0,5392491467576792;0,35033259423503327;PhyDL;0,9;2;heart_2classes;6;1;edgebetweenness;14,803153000000748;297,0;13,0;23,0
23;0,46075085324232085;0,31542056074766356;PhyDL;0,9;2;heart_2classes;6;1;edgebetweenness;14,803298300001188;297,0;13,0;24,0
24;0,5392491467576792;0,35033259423503327;PhyDL;0,9;2;heart_2classes;6;1;edgebetweenness;14,80319999999847;297,0;13,0;25,0
25;0,5392491467576792;0,35033259423503327;PhyDL;0,9;2;heart_2classes;6;1;edgebetweenness;14,803180700000667;297,0;13,0;26,0
26;0,46075085324232085;0,31542056074766356;PhyDL;0,9;2;heart_2classes;6;1;edgebetweenness;14,803190300001006;297,0;13,0;27,0
27;0,5392491467576792;0,35033259423503327;PhyDL;0,9;2;heart_2classes;6;1;edgebetweenness;14,803150900002947;297,0;13,0;28,0
28;0,46075085324232085;0,31542056074766356;PhyDL;0,9;2;heart_2classes;6;1;edgebetweenness;14,803153600001679;297,0;13,0;29,0
29;0,5392491467576792;0,35033259423503327;PhyDL;0,9;2;heart_2classes;6;1;edgebetweenness;14,803200800000923;297,0;13,0;30,0
30;0,6689419795221843;0,6074067934745072;LLGC;0,9;2;heart_2classes;6;1;edgebetweenness;0,06605440000203089;297,0;13,0;1,0
31;0,4812286689419795;0,3658008658008658;LLGC;0,9;2;heart_2classes;6;1;edgebetweenness;0,16194650000034017;297,0;13,0;2,0
32;0,5597269624573379;0,39760937126464263;LLGC;0,9;2;heart_2classes;6;1;edgebetweenness;0,08195699999851058;297,0;13,0;3,0
33;0,6518771331058021;0,6109809434551703;LLGC;0,9;2;heart_2classes;6;1;edgebetweenness;0,08062380000046687;297,0;13,0;4,0
34;0,6416382252559727;0,6416382252559727;LLGC;0,9;2;heart_2classes;6;1;edgebetweenness;0,04722839999885764;297,0;13,0;5,0
35;0,590443686006826;0,46701430996846954;LLGC;0,9;2;heart_2classes;6;1;edgebetweenness;0,13143960000161314;297,0;13,0;6,0
36;0,7849829351535836;0,7839764069796019;LLGC;0,9;2;heart_2classes;6;1;edgebetweenness;0,04828350000025239;297,0;13,0;7,0
37;0,5563139931740614;0,5233983983983984;LLGC;0,9;2;heart_2classes;6;1;edgebetweenness;0,03440029999910621;297,0;13,0;8,0
38;0,7952218430034129;0,7941644810790558;LLGC;0,9;2;heart_2classes;6;1;edgebetweenness;0,07043130000238307;297,0;13,0;9,0
39;0,6791808873720137;0,6787280701754386;LLGC;0,9;2;heart_2classes;6;1;edgebetweenness;0,05599889999939478;297,0;13,0;10,0
40;0,5426621160409556;0,41469886702444847;LLGC;0,9;2;heart_2classes;6;1;edgebetweenness;0,12365950000094017;297,0;13,0;11,0
41;0,7849829351535836;0,7795492816452295;LLGC;0,9;2;heart_2classes;6;1;edgebetweenness;0,10358470000210218;297,0;13,0;12,0
42;0,4641638225255973;0,32771647789550606;LLGC;0,9;2;heart_2classes;6;1;edgebetweenness;0,1538555000006454;297,0;13,0;13,0
43;0,7064846416382252;0,7006225643950195;LLGC;0,9;2;heart_2classes;6;1;edgebetweenness;0,08028170000034152;297,0;13,0;14,0
44;0,5392491467576792;0,35033259423503327;LLGC;0,9;2;heart_2classes;6;1;edgebetweenness;0,3042989999994461;297,0;13,0;15,0
45;0,7167235494880546;0,6886370910953203;LLGC;0,9;2;heart_2classes;6;1;edgebetweenness;0,22178559999883873;297,0;13,0;16,0
46;0,5392491467576792;0,35033259423503327;LLGC;0,9;2;heart_2classes;6;1;edgebetweenness;0,10079119999863906;297,0;13,0;17,0
47;0,8054607508532423;0,8031122900088418;LLGC;0,9;2;heart_2classes;6;1;edgebetweenness;0,06585519999862299;297,0;13,0;18,0
48;0,552901023890785;0,382244539938519;LLGC;0,9;2;heart_2classes;6;1;edgebetweenness;0,03798919999826467;297,0;13,0;19,0
49;0,6723549488054608;0,633864417369572;LLGC;0,9;2;heart_2classes;6;1;edgebetweenness;0,21577629999956116;297,0;13,0;20,0
50;0,5631399317406144;0,4161892901618929;LLGC;0,9;2;heart_2classes;6;1;edgebetweenness;0,10028740000052494;297,0;13,0;21,0
51;0,7030716723549488;0,6721372622155912;LLGC;0,9;2;heart_2classes;6;1;edgebetweenness;0,03778430000238586;297,0;13,0;22,0
52;0,5563139931740614;0,4321705426356589;LLGC;0,9;2;heart_2classes;6;1;edgebetweenness;0,03381490000174381;297,0;13,0;23,0
53;0,6279863481228669;0,627969013920438;LLGC;0,9;2;heart_2classes;6;1;edgebetweenness;1,3063739999997779;297,0;13,0;24,0
54;0,7235494880546075;0,7188199751199573;LLGC;0,9;2;heart_2classes;6;1;edgebetweenness;0,5428246000010404;297,0;13,0;25,0
55;0,5460750853242321;0,36649163591435957;LLGC;0,9;2;heart_2classes;6;1;edgebetweenness;0,6372944000031566;297,0;13,0;26,0
56;0,5187713310580204;0,4364231634949867;LLGC;0,9;2;heart_2classes;6;1;edgebetweenness;0,45519469999999274;297,0;13,0;27,0
57;0,5460750853242321;0,36649163591435957;LLGC;0,9;2;heart_2classes;6;1;edgebetweenness;0,2819603999996616;297,0;13,0;28,0
58;0,48464163822525597;0,3888497506665009;LLGC;0,9;2;heart_2classes;6;1;edgebetweenness;0,2214547000003222;297,0;13,0;29,0
59;0,5733788395904437;0,42724216123230907;LLGC;0,9;2;heart_2classes;6;1;edgebetweenness;0,0476130999995803;297,0;13,0;30,0
60;0,5400696864111498;0,3506787330316742;PhyDL;0,9;4;heart_2classes;6;1;edgebetweenness;14,803156400001171;297,0;13,0;1,0
61;0,5400696864111498;0,3506787330316742;PhyDL;0,9;4;heart_2classes;6;1;edgebetweenness;14,803192900002614;297,0;13,0;2,0
62;0,45993031358885017;0,315035799522673;PhyDL;0,9;4;heart_2classes;6;1;edgebetweenness;14,803201499998977;297,0;13,0;3,0
63;0,5400696864111498;0,3506787330316742;PhyDL;0,9;4;heart_2classes;6;1;edgebetweenness;14,803161399999226;297,0;13,0;4,0
64;0,5400696864111498;0,3506787330316742;PhyDL;0,9;4;heart_2classes;6;1;edgebetweenness;14,80315150000024;297,0;13,0;5,0
65;0,5400696864111498;0,3506787330316742;PhyDL;0,9;4;heart_2classes;6;1;edgebetweenness;14,803205300002446;297,0;13,0;6,0
66;0,5400696864111498;0,3506787330316742;PhyDL;0,9;4;heart_2classes;6;1;edgebetweenness;14,803192900002614;297,0;13,0;7,0
67;0,5400696864111498;0,3506787330316742;PhyDL;0,9;4;heart_2classes;6;1;edgebetweenness;14,803193300002022;297,0;13,0;8,0
68;0,5400696864111498;0,3506787330316742;PhyDL;0,9;4;heart_2classes;6;1;edgebetweenness;14,80316060000041;297,0;13,0;9,0
69;0,5400696864111498;0,3506787330316742;PhyDL;0,9;4;heart_2classes;6;1;edgebetweenness;14,80315210000117;297,0;13,0;10,0
70;0,5400696864111498;0,3506787330316742;PhyDL;0,9;4;heart_2classes;6;1;edgebetweenness;14,803235100000165;297,0;13,0;11,0
71;0,45993031358885017;0,315035799522673;PhyDL;0,9;4;heart_2classes;6;1;edgebetweenness;14,803152099997533;297,0;13,0;12,0
72;0,5400696864111498;0,3506787330316742;PhyDL;0,9;4;heart_2classes;6;1;edgebetweenness;14,803186700002698;297,0;13,0;13,0
73;0,5400696864111498;0,3506787330316742;PhyDL;0,9;4;heart_2classes;6;1;edgebetweenness;14,803191900002275;297,0;13,0;14,0
74;0,5400696864111498;0,3506787330316742;PhyDL;0,9;4;heart_2classes;6;1;edgebetweenness;14,803152799999225;297,0;13,0;15,0
75;0,5400696864111498;0,3506787330316742;PhyDL;0,9;4;heart_2classes;6;1;edgebetweenness;14,803187400000752;297,0;13,0;16,0
76;0,5400696864111498;0,3506787330316742;PhyDL;0,9;4;heart_2classes;6;1;edgebetweenness;14,803151199997956;297,0;13,0;17,0
77;0,5400696864111498;0,3506787330316742;PhyDL;0,9;4;heart_2classes;6;1;edgebetweenness;14,80315039999914;297,0;13,0;18,0
78;0,5400696864111498;0,3506787330316742;PhyDL;0,9;4;heart_2classes;6;1;edgebetweenness;14,803159700000833;297,0;13,0;19,0
79;0,5400696864111498;0,3506787330316742;PhyDL;0,9;4;heart_2classes;6;1;edgebetweenness;14,80315000000337;297,0;13,0;20,0
80;0,5400696864111498;0,3506787330316742;PhyDL;0,9;4;heart_2classes;6;1;edgebetweenness;14,803186299999652;297,0;13,0;21,0
81;0,45993031358885017;0,315035799522673;PhyDL;0,9;4;heart_2classes;6;1;edgebetweenness;14,803192500003206;297,0;13,0;22,0
82;0,5400696864111498;0,3506787330316742;PhyDL;0,9;4;heart_2classes;6;1;edgebetweenness;14,803153400000156;297,0;13,0;23,0
83;0,5400696864111498;0,3506787330316742;PhyDL;0,9;4;heart_2classes;6;1;edgebetweenness;14,803149800001847;297,0;13,0;24,0
84;0,45993031358885017;0,315035799522673;PhyDL;0,9;4;heart_2classes;6;1;edgebetweenness;14,803195100001176;297,0;13,0;25,0
85;0,45993031358885017;0,315035799522673;PhyDL;0,9;4;heart_2classes;6;1;edgebetweenness;14,803152199998294;297,0;13,0;26,0
86;0,45993031358885017;0,315035799522673;PhyDL;0,9;4;heart_2classes;6;1;edgebetweenness;14,803186400000413;297,0;13,0;27,0
87;0,45993031358885017;0,315035799522673;PhyDL;0,9;4;heart_2classes;6;1;edgebetweenness;14,803149399998802;297,0;13,0;28,0
88;0,5400696864111498;0,3506787330316742;PhyDL;0,9;4;heart_2classes;6;1;edgebetweenness;14,803150199997617;297,0;13,0;29,0
89;0,5400696864111498;0,3506787330316742;PhyDL;0,9;4;heart_2classes;6;1;edgebetweenness;14,803199000001769;297,0;13,0;30,0
90;0,5644599303135889;0,4066815513106756;LLGC;0,9;4;heart_2classes;6;1;edgebetweenness;0,04405390000101761;297,0;13,0;1,0
91;0,662020905923345;0,5987055482680581;LLGC;0,9;4;heart_2classes;6;1;edgebetweenness;0,04243730000234791;297,0;13,0;2,0
92;0,6376306620209059;0,6276447105788423;LLGC;0,9;4;heart_2classes;6;1;edgebetweenness;0,04547129999991739;297,0;13,0;3,0
93;0,8013937282229965;0,7966133303494833;LLGC;0,9;4;heart_2classes;6;1;edgebetweenness;0,037921799998002825;297,0;13,0;4,0
94;0,7700348432055749;0,7521978021978022;LLGC;0,9;4;heart_2classes;6;1;edgebetweenness;0,09447370000270894;297,0;13,0;5,0
95;0,7909407665505227;0,7851796407185629;LLGC;0,9;4;heart_2classes;6;1;edgebetweenness;0,07177890000093612;297,0;13,0;6,0
96;0,7073170731707317;0,7033956692913386;LLGC;0,9;4;heart_2classes;6;1;edgebetweenness;0,037926400000287686;297,0;13,0;7,0
97;0,6027874564459931;0,48556603773584905;LLGC;0,9;4;heart_2classes;6;1;edgebetweenness;0,0567034000014246;297,0;13,0;8,0
98;0,7770034843205574;0,7671635736740696;LLGC;0,9;4;heart_2classes;6;1;edgebetweenness;0,09356579999803216;297,0;13,0;9,0
99;0,8153310104529616;0,8100168613001937;LLGC;0,9;4;heart_2classes;6;1;edgebetweenness;0,04284180000104243;297,0;13,0;10,0
100;0,6829268292682927;0,6259649122807017;LLGC;0,9;4;heart_2classes;6;1;edgebetweenness;0,045313099999475526;297,0;13,0;11,0
101;0,7282229965156795;0,727266081871345;LLGC;0,9;4;heart_2classes;6;1;edgebetweenness;0,047154100000625476;297,0;13,0;12,0
102;0,7456445993031359;0,7420240601874084;LLGC;0,9;4;heart_2classes;6;1;edgebetweenness;0,03487440000026254;297,0;13,0;13,0
103;0,8118466898954704;0,8099057992346188;LLGC;0,9;4;heart_2classes;6;1;edgebetweenness;0,05795859999852837;297,0;13,0;14,0
104;0,7804878048780488;0,7789419632486887;LLGC;0,9;4;heart_2classes;6;1;edgebetweenness;0,05397440000160714;297,0;13,0;15,0
105;0,5818815331010453;0,44379844961240306;LLGC;0,9;4;heart_2classes;6;1;edgebetweenness;0,049046300002373755;297,0;13,0;16,0
106;0,7839721254355401;0,7690290758047766;LLGC;0,9;4;heart_2classes;6;1;edgebetweenness;0,04944779999641469;297,0;13,0;17,0
107;0,6898954703832753;0,657715242881072;LLGC;0,9;4;heart_2classes;6;1;edgebetweenness;0,05560770000010962;297,0;13,0;18,0
108;0,8048780487804879;0,8019323671497585;LLGC;0,9;4;heart_2classes;6;1;edgebetweenness;0,054177999998501036;297,0;13,0;19,0
109;0,6724738675958188;0,6098287631609395;LLGC;0,9;4;heart_2classes;6;1;edgebetweenness;0,04967179999948712;297,0;13,0;20,0
110;0,794425087108014;0,789004772407262;LLGC;0,9;4;heart_2classes;6;1;edgebetweenness;0,05287549999775365;297,0;13,0;21,0
111;0,6724738675958188;0,6719920241221671;LLGC;0,9;4;heart_2classes;6;1;edgebetweenness;0,04517460000352003;297,0;13,0;22,0
112;0,7177700348432056;0,6805194805194805;LLGC;0,9;4;heart_2classes;6;1;edgebetweenness;0,09284509999997681;297,0;13,0;23,0
113;0,7804878048780488;0,7730370928262098;LLGC;0,9;4;heart_2classes;6;1;edgebetweenness;0,042497200000070734;297,0;13,0;24,0
114;0,5644599303135889;0,5214944046523415;LLGC;0,9;4;heart_2classes;6;1;edgebetweenness;0,0410784000014246;297,0;13,0;25,0
115;0,7735191637630662;0,7735191637630662;LLGC;0,9;4;heart_2classes;6;1;edgebetweenness;0,03768500000296626;297,0;13,0;26,0
116;0,7421602787456446;0,7401888823644549;LLGC;0,9;4;heart_2classes;6;1;edgebetweenness;0,13409150000006775;297,0;13,0;27,0
117;0,7212543554006968;0,7170462387853692;LLGC;0,9;4;heart_2classes;6;1;edgebetweenness;0,032155799999600276;297,0;13,0;28,0
118;0,5435540069686411;0,35899271989497555;LLGC;0,9;4;heart_2classes;6;1;edgebetweenness;0,041289400000096066;297,0;13,0;29,0
119;0,686411149825784;0,6420851346857332;LLGC;0,9;4;heart_2classes;6;1;edgebetweenness;0,04230769999776385;297,0;13,0;30,0
120;0,5409252669039146;0,3510392609699769;PhyDL;0,9;6;heart_2classes;6;1;edgebetweenness;14,803199099998892;297,0;13,0;1,0
121;0,45907473309608543;0,3146341463414634;PhyDL;0,9;6;heart_2classes;6;1;edgebetweenness;14,803175700002612;297,0;13,0;2,0
122;0,5409252669039146;0,3510392609699769;PhyDL;0,9;6;heart_2classes;6;1;edgebetweenness;14,803170499999396;297,0;13,0;3,0
123;0,45907473309608543;0,3146341463414634;PhyDL;0,9;6;heart_2classes;6;1;edgebetweenness;14,803190800001175;297,0;13,0;4,0
124;0,5409252669039146;0,3510392609699769;PhyDL;0,9;6;heart_2classes;6;1;edgebetweenness;14,80321449999974;297,0;13,0;5,0
125;0,5409252669039146;0,3510392609699769;PhyDL;0,9;6;heart_2classes;6;1;edgebetweenness;14,803194399999484;297,0;13,0;6,0
126;0,5409252669039146;0,3510392609699769;PhyDL;0,9;6;heart_2classes;6;1;edgebetweenness;14,803188199999568;297,0;13,0;7,0
127;0,5409252669039146;0,3510392609699769;PhyDL;0,9;6;heart_2classes;6;1;edgebetweenness;14,803188700003375;297,0;13,0;8,0
128;0,5409252669039146;0,3510392609699769;PhyDL;0,9;6;heart_2classes;6;1;edgebetweenness;14,80315409999821;297,0;13,0;9,0
129;0,5409252669039146;0,3510392609699769;PhyDL;0,9;6;heart_2classes;6;1;edgebetweenness;14,803150600000663;297,0;13,0;10,0
130;0,5409252669039146;0,3510392609699769;PhyDL;0,9;6;heart_2classes;6;1;edgebetweenness;14,803193600000668;297,0;13,0;11,0
131;0,5409252669039146;0,3510392609699769;PhyDL;0,9;6;heart_2classes;6;1;edgebetweenness;14,803151600001001;297,0;13,0;12,0
132;0,5409252669039146;0,3510392609699769;PhyDL;0,9;6;heart_2classes;6;1;edgebetweenness;14,803154299999733;297,0;13,0;13,0
133;0,5409252669039146;0,3510392609699769;PhyDL;0,9;6;heart_2classes;6;1;edgebetweenness;14,803171799998381;297,0;13,0;14,0
134;0,5409252669039146;0,3510392609699769;PhyDL;0,9;6;heart_2classes;6;1;edgebetweenness;14,803177300000243;297,0;13,0;15,0
135;0,5409252669039146;0,3510392609699769;PhyDL;0,9;6;heart_2classes;6;1;edgebetweenness;14,803179099999397;297,0;13,0;16,0
136;0,5409252669039146;0,3510392609699769;PhyDL;0,9;6;heart_2classes;6;1;edgebetweenness;14,803185000000667;297,0;13,0;17,0
137;0,5409252669039146;0,3510392609699769;PhyDL;0,9;6;heart_2classes;6;1;edgebetweenness;14,803199699999823;297,0;13,0;18,0
138;0,5409252669039146;0,3510392609699769;PhyDL;0,9;6;heart_2classes;6;1;edgebetweenness;14,803199500001938;297,0;13,0;19,0
139;0,5409252669039146;0,3510392609699769;PhyDL;0,9;6;heart_2classes;6;1;edgebetweenness;14,80315100000007;297,0;13,0;20,0
140;0,5409252669039146;0,3510392609699769;PhyDL;0,9;6;heart_2classes;6;1;edgebetweenness;14,803201599999738;297,0;13,0;21,0
141;0,5409252669039146;0,3510392609699769;PhyDL;0,9;6;heart_2classes;6;1;edgebetweenness;14,803178300000582;297,0;13,0;22,0
142;0,5409252669039146;0,3510392609699769;PhyDL;0,9;6;heart_2classes;6;1;edgebetweenness;14,803155400000833;297,0;13,0;23,0
143;0,5409252669039146;0,3510392609699769;PhyDL;0,9;6;heart_2classes;6;1;edgebetweenness;14,803152400003455;297,0;13,0;24,0
144;0,5409252669039146;0,3510392609699769;PhyDL;0,9;6;heart_2classes;6;1;edgebetweenness;14,803189499998552;297,0;13,0;25,0
145;0,5409252669039146;0,3510392609699769;PhyDL;0,9;6;heart_2classes;6;1;edgebetweenness;14,803158300001087;297,0;13,0;26,0
146;0,5409252669039146;0,3510392609699769;PhyDL;0,9;6;heart_2classes;6;1;edgebetweenness;14,803151799998886;297,0;13,0;27,0
147;0,5409252669039146;0,3510392609699769;PhyDL;0,9;6;heart_2classes;6;1;edgebetweenness;14,803197199998976;297,0;13,0;28,0
148;0,5409252669039146;0,3510392609699769;PhyDL;0,9;6;heart_2classes;6;1;edgebetweenness;14,803164000000834;297,0;13,0;29,0
149;0,5409252669039146;0,3510392609699769;PhyDL;0,9;6;heart_2classes;6;1;edgebetweenness;14,803157900001679;297,0;13,0;30,0
150;0,8113879003558719;0,8041554342823328;LLGC;0,9;6;heart_2classes;6;1;edgebetweenness;0,07125989999985904;297,0;13,0;1,0
151;0,7437722419928826;0,7430400325137168;LLGC;0,9;6;heart_2classes;6;1;edgebetweenness;0,037464799999725074;297,0;13,0;2,0
152;0,7046263345195729;0,6674081996434937;LLGC;0,9;6;heart_2classes;6;1;edgebetweenness;0,05273449999731383;297,0;13,0;3,0
153;0,7473309608540926;0,7473181605177501;LLGC;0,9;6;heart_2classes;6;1;edgebetweenness;0,07181090000085533;297,0;13,0;4,0
154;0,797153024911032;0,7963172552360849;LLGC;0,9;6;heart_2classes;6;1;edgebetweenness;0,07173360000160756;297,0;13,0;5,0
155;0,5551601423487544;0,3843875422822791;LLGC;0,9;6;heart_2classes;6;1;edgebetweenness;0,09241870000187191;297,0;13,0;6,0
156;0,608540925266904;0,49552813683248464;LLGC;0,9;6;heart_2classes;6;1;edgebetweenness;0,05096639999828767;297,0;13,0;7,0
157;0,7046263345195729;0,6655961000788587;LLGC;0,9;6;heart_2classes;6;1;edgebetweenness;0,05107470000075409;297,0;13,0;8,0
158;0,6583629893238434;0,5867140580953548;LLGC;0,9;6;heart_2classes;6;1;edgebetweenness;0,04512319999776082;297,0;13,0;9,0
159;0,6903914590747331;0,6412502751485802;LLGC;0,9;6;heart_2classes;6;1;edgebetweenness;0,05039350000151899;297,0;13,0;10,0
160;0,7829181494661922;0,7745939904004209;LLGC;0,9;6;heart_2classes;6;1;edgebetweenness;0,03923349999968195;297,0;13,0;11,0
161;0,8042704626334519;0,8028321745231868;LLGC;0,9;6;heart_2classes;6;1;edgebetweenness;0,03382100000089849;297,0;13,0;12,0
162;0,708185053380783;0,6756475225225225;LLGC;0,9;6;heart_2classes;6;1;edgebetweenness;0,11214029999973718;297,0;13,0;13,0
163;0,7686832740213523;0,7576332585820251;LLGC;0,9;6;heart_2classes;6;1;edgebetweenness;0,04997189999994589;297,0;13,0;14,0
164;0,7153024911032029;0,6749566223250434;LLGC;0,9;6;heart_2classes;6;1;edgebetweenness;0,04077830000096583;297,0;13,0;15,0
165;0,800711743772242;0,7963768115942029;LLGC;0,9;6;heart_2classes;6;1;edgebetweenness;0,03970910000134609;297,0;13,0;16,0
166;0,7864768683274022;0,7710234680573664;LLGC;0,9;6;heart_2classes;6;1;edgebetweenness;0,05237680000209366;297,0;13,0;17,0
167;0,7864768683274022;0,775176018775336;LLGC;0,9;6;heart_2classes;6;1;edgebetweenness;0,08643139999912819;297,0;13,0;18,0
168;0,6761565836298933;0,6224289405684754;LLGC;0,9;6;heart_2classes;6;1;edgebetweenness;0,040592900000774534;297,0;13,0;19,0
169;0,8113879003558719;0,8061942872015095;LLGC;0,9;6;heart_2classes;6;1;edgebetweenness;0,07110889999967185;297,0;13,0;20,0
170;0,8220640569395018;0,8195757139921923;LLGC;0,9;6;heart_2classes;6;1;edgebetweenness;0,04123299999992014;297,0;13,0;21,0
171;0,8078291814946619;0,8057603686635945;LLGC;0,9;6;heart_2classes;6;1;edgebetweenness;0,04751089999990654;297,0;13,0;22,0
172;0,6370106761565836;0,5509775661110414;LLGC;0,9;6;heart_2classes;6;1;edgebetweenness;0,053841799999645445;297,0;13,0;23,0
173;0,7615658362989324;0,7405355493998154;LLGC;0,9;6;heart_2classes;6;1;edgebetweenness;0,047585099997377256;297,0;13,0;24,0
174;0,6120996441281139;0,5290526930823992;LLGC;0,9;6;heart_2classes;6;1;edgebetweenness;0,04358270000011544;297,0;13,0;25,0
175;0,701067615658363;0,6781389767644812;LLGC;0,9;6;heart_2classes;6;1;edgebetweenness;0,058017800001834985;297,0;13,0;26,0
176;0,8220640569395018;0,8206444035947713;LLGC;0,9;6;heart_2classes;6;1;edgebetweenness;0,06791379999776836;297,0;13,0;27,0
177;0,8220640569395018;0,8160031430068099;LLGC;0,9;6;heart_2classes;6;1;edgebetweenness;0,04062129999874742;297,0;13,0;28,0
178;0,7508896797153025;0,7328607127335941;LLGC;0,9;6;heart_2classes;6;1;edgebetweenness;0,043118999998114305;297,0;13,0;29,0
179;0,6583629893238434;0,6004265908282972;LLGC;0,9;6;heart_2classes;6;1;edgebetweenness;0,10960759999943548;297,0;13,0;30,0
180;0,5418181818181819;0,35141509433962265;PhyDL;0,9;8;heart_2classes;6;1;edgebetweenness;14,803203100000246;297,0;13,0;1,0
181;0,5418181818181819;0,35141509433962265;PhyDL;0,9;8;heart_2classes;6;1;edgebetweenness;14,80315150000024;297,0;13,0;2,0
182;0,5418181818181819;0,35141509433962265;PhyDL;0,9;8;heart_2classes;6;1;edgebetweenness;14,803157000002102;297,0;13,0;3,0
183;0,5418181818181819;0,35141509433962265;PhyDL;0,9;8;heart_2classes;6;1;edgebetweenness;14,80319690000033;297,0;13,0;4,0
184;0,5418181818181819;0,35141509433962265;PhyDL;0,9;8;heart_2classes;6;1;edgebetweenness;14,80315260000134;297,0;13,0;5,0
185;0,5418181818181819;0,35141509433962265;PhyDL;0,9;8;heart_2classes;6;1;edgebetweenness;14,803186900000583;297,0;13,0;6,0
186;0,5418181818181819;0,35141509433962265;PhyDL;0,9;8;heart_2classes;6;1;edgebetweenness;14,803166700003203;297,0;13,0;7,0
187;0,5418181818181819;0,35141509433962265;PhyDL;0,9;8;heart_2classes;6;1;edgebetweenness;14,803190599999652;297,0;13,0;8,0
188;0,4581818181818182;0,314214463840399;PhyDL;0,9;8;heart_2classes;6;1;edgebetweenness;14,803192200000922;297,0;13,0;9,0
189;0,5418181818181819;0,35141509433962265;PhyDL;0,9;8;heart_2classes;6;1;edgebetweenness;14,803182899999229;297,0;13,0;10,0
190;0,5418181818181819;0,35141509433962265;PhyDL;0,9;8;heart_2classes;6;1;edgebetweenness;14,803192899998976;297,0;13,0;11,0
191;0,5418181818181819;0,35141509433962265;PhyDL;0,9;8;heart_2classes;6;1;edgebetweenness;14,803192299998045;297,0;13,0;12,0
192;0,5418181818181819;0,35141509433962265;PhyDL;0,9;8;heart_2classes;6;1;edgebetweenness;14,8032060000005;297,0;13,0;13,0
193;0,4581818181818182;0,314214463840399;PhyDL;0,9;8;heart_2classes;6;1;edgebetweenness;14,803191200000583;297,0;13,0;14,0
194;0,5418181818181819;0,35141509433962265;PhyDL;0,9;8;heart_2classes;6;1;edgebetweenness;14,803150700001424;297,0;13,0;15,0
195;0,5418181818181819;0,35141509433962265;PhyDL;0,9;8;heart_2classes;6;1;edgebetweenness;14,803155600002356;297,0;13,0;16,0
196;0,4581818181818182;0,314214463840399;PhyDL;0,9;8;heart_2classes;6;1;edgebetweenness;14,803192999999737;297,0;13,0;17,0
197;0,5418181818181819;0,35141509433962265;PhyDL;0,9;8;heart_2classes;6;1;edgebetweenness;14,803155900001002;297,0;13,0;18,0
198;0,5418181818181819;0,35141509433962265;PhyDL;0,9;8;heart_2classes;6;1;edgebetweenness;14,803185300002951;297,0;13,0;19,0
199;0,5418181818181819;0,35141509433962265;PhyDL;0,9;8;heart_2classes;6;1;edgebetweenness;14,803191300001345;297,0;13,0;20,0
200;0,5418181818181819;0,35141509433962265;PhyDL;0,9;8;heart_2classes;6;1;edgebetweenness;14,803186000001006;297,0;13,0;21,0
201;0,5418181818181819;0,35141509433962265;PhyDL;0,9;8;heart_2classes;6;1;edgebetweenness;14,803192499999568;297,0;13,0;22,0
202;0,5418181818181819;0,35141509433962265;PhyDL;0,9;8;heart_2classes;6;1;edgebetweenness;14,80317279999872;297,0;13,0;23,0
203;0,5418181818181819;0,35141509433962265;PhyDL;0,9;8;heart_2classes;6;1;edgebetweenness;14,8032103000005;297,0;13,0;24,0
204;0,4581818181818182;0,314214463840399;PhyDL;0,9;8;heart_2classes;6;1;edgebetweenness;14,803162000000157;297,0;13,0;25,0
205;0,5418181818181819;0,35141509433962265;PhyDL;0,9;8;heart_2classes;6;1;edgebetweenness;14,803196799999569;297,0;13,0;26,0
206;0,5418181818181819;0,35141509433962265;PhyDL;0,9;8;heart_2classes;6;1;edgebetweenness;14,80315630000041;297,0;13,0;27,0
207;0,4581818181818182;0,314214463840399;PhyDL;0,9;8;heart_2classes;6;1;edgebetweenness;14,803208699999232;297,0;13,0;28,0
208;0,5418181818181819;0,35141509433962265;PhyDL;0,9;8;heart_2classes;6;1;edgebetweenness;14,803199899997708;297,0;13,0;29,0
209;0,5418181818181819;0,35141509433962265;PhyDL;0,9;8;heart_2classes;6;1;edgebetweenness;14,80318780000016;297,0;13,0;30,0
210;0,8;0,7991394536593139;LLGC;0,9;8;heart_2classes;6;1;edgebetweenness;0,05561479999960284;297,0;13,0;1,0
211;0,7454545454545455;0,7212730221244064;LLGC;0,9;8;heart_2classes;6;1;edgebetweenness;0,042857100001128856;297,0;13,0;2,0
212;0,7090909090909091;0,6750561266690299;LLGC;0,9;8;heart_2classes;6;1;edgebetweenness;0,036261999997805106;297,0;13,0;3,0
213;0,7418181818181818;0,7204684390614039;LLGC;0,9;8;heart_2classes;6;1;edgebetweenness;0,05395160000261967;297,0;13,0;4,0
214;0,8545454545454545;0,8505434782608696;LLGC;0,9;8;heart_2classes;6;1;edgebetweenness;0,04303329999675043;297,0;13,0;5,0
215;0,6036363636363636;0,4849744849744849;LLGC;0,9;8;heart_2classes;6;1;edgebetweenness;0,04614649999712128;297,0;13,0;6,0
216;0,6836363636363636;0,6284303219494013;LLGC;0,9;8;heart_2classes;6;1;edgebetweenness;0,05092330000115908;297,0;13,0;7,0
217;0,7927272727272727;0,787281683833408;LLGC;0,9;8;heart_2classes;6;1;edgebetweenness;0,045269700000062585;297,0;13,0;8,0
218;0,7818181818181819;0,7817460317460317;LLGC;0,9;8;heart_2classes;6;1;edgebetweenness;0,044435100000555394;297,0;13,0;9,0
219;0,7272727272727273;0,7072017716954615;LLGC;0,9;8;heart_2classes;6;1;edgebetweenness;0,04447009999785223;297,0;13,0;10,0
220;0,8;0,7987117552334944;LLGC;0,9;8;heart_2classes;6;1;edgebetweenness;0,09744409999984782;297,0;13,0;11,0
221;0,7709090909090909;0,7691508214633107;LLGC;0,9;8;heart_2classes;6;1;edgebetweenness;0,04064010000001872;297,0;13,0;12,0
222;0,5636363636363636;0,4019138755980861;LLGC;0,9;8;heart_2classes;6;1;edgebetweenness;0,04395480000312091;297,0;13,0;13,0
223;0,7745454545454545;0,7740405004240882;LLGC;0,9;8;heart_2classes;6;1;edgebetweenness;0,058085500000743195;297,0;13,0;14,0
224;0,8109090909090909;0,8057065217391304;LLGC;0,9;8;heart_2classes;6;1;edgebetweenness;0,04558589999942342;297,0;13,0;15,0
225;0,8109090909090909;0,8057065217391304;LLGC;0,9;8;heart_2classes;6;1;edgebetweenness;0,041134600000077626;297,0;13,0;16,0
226;0,7818181818181819;0,7814685314685315;LLGC;0,9;8;heart_2classes;6;1;edgebetweenness;0,1364809000006062;297,0;13,0;17,0
227;0,8218181818181818;0,8135232006199749;LLGC;0,9;8;heart_2classes;6;1;edgebetweenness;0,058540800000628224;297,0;13,0;18,0
228;0,8145454545454546;0,8076685728390999;LLGC;0,9;8;heart_2classes;6;1;edgebetweenness;0,04501140000138548;297,0;13,0;19,0
229;0,7090909090909091;0,6767368049841307;LLGC;0,9;8;heart_2classes;6;1;edgebetweenness;0,04753999999957159;297,0;13,0;20,0
230;0,8290909090909091;0,8241711899223224;LLGC;0,9;8;heart_2classes;6;1;edgebetweenness;0,049406600002839696;297,0;13,0;21,0
231;0,64;0,5517854496962513;LLGC;0,9;8;heart_2classes;6;1;edgebetweenness;0,031403900000441354;297,0;13,0;22,0
232;0,8181818181818182;0,814449962215265;LLGC;0,9;8;heart_2classes;6;1;edgebetweenness;0,06485709999833489;297,0;13,0;23,0
233;0,7963636363636364;0,7891104294478528;LLGC;0,9;8;heart_2classes;6;1;edgebetweenness;0,057776199999352684;297,0;13,0;24,0
234;0,6509090909090909;0,6315730713408507;LLGC;0,9;8;heart_2classes;6;1;edgebetweenness;0,038222099999984493;297,0;13,0;25,0
235;0,7272727272727273;0,7020585048754062;LLGC;0,9;8;heart_2classes;6;1;edgebetweenness;0,042884100002993364;297,0;13,0;26,0
236;0,8036363636363636;0,800016160310278;LLGC;0,9;8;heart_2classes;6;1;edgebetweenness;0,038412900001276284;297,0;13,0;27,0
237;0,7236363636363636;0,7213333333333334;LLGC;0,9;8;heart_2classes;6;1;edgebetweenness;0,09255760000087321;297,0;13,0;28,0
238;0,7890909090909091;0,7740281083531679;LLGC;0,9;8;heart_2classes;6;1;edgebetweenness;0,041748900002858136;297,0;13,0;29,0
239;0,76;0,7372002780030117;LLGC;0,9;8;heart_2classes;6;1;edgebetweenness;0,040752699998847675;297,0;13,0;30,0
240;0,5427509293680297;0,35180722891566263;PhyDL;0,9;10;heart_2classes;6;1;edgebetweenness;14,803220000001602;297,0;13,0;1,0
241;0,5427509293680297;0,35180722891566263;PhyDL;0,9;10;heart_2classes;6;1;edgebetweenness;14,80315039999914;297,0;13,0;2,0
242;0,5427509293680297;0,35180722891566263;PhyDL;0,9;10;heart_2classes;6;1;edgebetweenness;14,803159300001425;297,0;13,0;3,0
243;0,5427509293680297;0,35180722891566263;PhyDL;0,9;10;heart_2classes;6;1;edgebetweenness;14,803154299999733;297,0;13,0;4,0
244;0,5427509293680297;0,35180722891566263;PhyDL;0,9;10;heart_2classes;6;1;edgebetweenness;14,803161499999987;297,0;13,0;5,0
245;0,5427509293680297;0,35180722891566263;PhyDL;0,9;10;heart_2classes;6;1;edgebetweenness;14,803197199998976;297,0;13,0;6,0
246;0,5427509293680297;0,35180722891566263;PhyDL;0,9;10;heart_2classes;6;1;edgebetweenness;14,803191000002698;297,0;13,0;7,0
247;0,5427509293680297;0,35180722891566263;PhyDL;0,9;10;heart_2classes;6;1;edgebetweenness;14,80319480000253;297,0;13,0;8,0
248;0,45724907063197023;0,3137755102040816;PhyDL;0,9;10;heart_2classes;6;1;edgebetweenness;14,803150600000663;297,0;13,0;9,0
249;0,5427509293680297;0,35180722891566263;PhyDL;0,9;10;heart_2classes;6;1;edgebetweenness;14,803153299999394;297,0;13,0;10,0
250;0,5427509293680297;0,35180722891566263;PhyDL;0,9;10;heart_2classes;6;1;edgebetweenness;14,803159400002187;297,0;13,0;11,0
251;0,5427509293680297;0,35180722891566263;PhyDL;0,9;10;heart_2classes;6;1;edgebetweenness;14,80321449999974;297,0;13,0;12,0
252;0,5427509293680297;0,35180722891566263;PhyDL;0,9;10;heart_2classes;6;1;edgebetweenness;14,80319370000143;297,0;13,0;13,0
253;0,5427509293680297;0,35180722891566263;PhyDL;0,9;10;heart_2classes;6;1;edgebetweenness;14,803149100000155;297,0;13,0;14,0
254;0,5427509293680297;0,35180722891566263;PhyDL;0,9;10;heart_2classes;6;1;edgebetweenness;14,803191999999399;297,0;13,0;15,0
255;0,5427509293680297;0,35180722891566263;PhyDL;0,9;10;heart_2classes;6;1;edgebetweenness;14,803247299998475;297,0;13,0;16,0
256;0,5427509293680297;0,35180722891566263;PhyDL;0,9;10;heart_2classes;6;1;edgebetweenness;14,803194100000837;297,0;13,0;17,0
257;0,5427509293680297;0,35180722891566263;PhyDL;0,9;10;heart_2classes;6;1;edgebetweenness;14,803191599999991;297,0;13,0;18,0
258;0,5427509293680297;0,35180722891566263;PhyDL;0,9;10;heart_2classes;6;1;edgebetweenness;14,803154999997787;297,0;13,0;19,0
259;0,5427509293680297;0,35180722891566263;PhyDL;0,9;10;heart_2classes;6;1;edgebetweenness;14,803205600001093;297,0;13,0;20,0
260;0,45724907063197023;0,3137755102040816;PhyDL;0,9;10;heart_2classes;6;1;edgebetweenness;14,803204600000754;297,0;13,0;21,0
261;0,5427509293680297;0,35180722891566263;PhyDL;0,9;10;heart_2classes;6;1;edgebetweenness;14,803195899999992;297,0;13,0;22,0
262;0,5427509293680297;0,35180722891566263;PhyDL;0,9;10;heart_2classes;6;1;edgebetweenness;14,803209300000162;297,0;13,0;23,0
263;0,45724907063197023;0,3137755102040816;PhyDL;0,9;10;heart_2classes;6;1;edgebetweenness;14,803155300000071;297,0;13,0;24,0
264;0,5427509293680297;0,35180722891566263;PhyDL;0,9;10;heart_2classes;6;1;edgebetweenness;14,803200800000923;297,0;13,0;25,0
265;0,5427509293680297;0,35180722891566263;PhyDL;0,9;10;heart_2classes;6;1;edgebetweenness;14,803192200000922;297,0;13,0;26,0
266;0,5427509293680297;0,35180722891566263;PhyDL;0,9;10;heart_2classes;6;1;edgebetweenness;14,803220500001771;297,0;13,0;27,0
267;0,5427509293680297;0,35180722891566263;PhyDL;0,9;10;heart_2classes;6;1;edgebetweenness;14,80319060000329;297,0;13,0;28,0
268;0,5427509293680297;0,35180722891566263;PhyDL;0,9;10;heart_2classes;6;1;edgebetweenness;14,803160999999818;297,0;13,0;29,0
269;0,5427509293680297;0,35180722891566263;PhyDL;0,9;10;heart_2classes;6;1;edgebetweenness;14,803193399999145;297,0;13,0;30,0
270;0,7992565055762082;0,7949463579898363;LLGC;0,9;10;heart_2classes;6;1;edgebetweenness;0,06307860000015353;297,0;13,0;1,0
271;0,7063197026022305;0,667417875643614;LLGC;0,9;10;heart_2classes;6;1;edgebetweenness;0,045167899999796646;297,0;13,0;2,0
272;0,7955390334572491;0,7904301882516254;LLGC;0,9;10;heart_2classes;6;1;edgebetweenness;0,04634979999900679;297,0;13,0;3,0
273;0,6319702602230484;0,5405358775728507;LLGC;0,9;10;heart_2classes;6;1;edgebetweenness;0,12433489999966696;297,0;13,0;4,0
274;0,7434944237918215;0,7212435233160621;LLGC;0,9;10;heart_2classes;6;1;edgebetweenness;0,05931770000097458;297,0;13,0;5,0
275;0,8066914498141264;0,8040896358543417;LLGC;0,9;10;heart_2classes;6;1;edgebetweenness;0,04494640000120853;297,0;13,0;6,0
276;0,7397769516728625;0,7138297872340426;LLGC;0,9;10;heart_2classes;6;1;edgebetweenness;0,03778769999917131;297,0;13,0;7,0
277;0,8252788104089219;0,818496346382991;LLGC;0,9;10;heart_2classes;6;1;edgebetweenness;0,044475700000475626;297,0;13,0;8,0
278;0,828996282527881;0,8288046485888212;LLGC;0,9;10;heart_2classes;6;1;edgebetweenness;0,04942460000165738;297,0;13,0;9,0
279;0,6951672862453532;0,6451415701415701;LLGC;0,9;10;heart_2classes;6;1;edgebetweenness;0,043058200000814395;297,0;13,0;10,0
280;0,7843866171003717;0,7701261197548326;LLGC;0,9;10;heart_2classes;6;1;edgebetweenness;0,039852499998232815;297,0;13,0;11,0
281;0,7769516728624535;0,7739495798319328;LLGC;0,9;10;heart_2classes;6;1;edgebetweenness;0,050210100002004765;297,0;13,0;12,0
282;0,7472118959107806;0,7246507707129095;LLGC;0,9;10;heart_2classes;6;1;edgebetweenness;0,04542039999796543;297,0;13,0;13,0
283;0,8066914498141264;0,7988842880147229;LLGC;0,9;10;heart_2classes;6;1;edgebetweenness;0,05815549999897485;297,0;13,0;14,0
284;0,8141263940520446;0,8071961009174312;LLGC;0,9;10;heart_2classes;6;1;edgebetweenness;0,10796309999932419;297,0;13,0;15,0
285;0,6617100371747212;0,5937837075388726;LLGC;0,9;10;heart_2classes;6;1;edgebetweenness;0,05440610000005108;297,0;13,0;16,0
286;0,8141263940520446;0,8092523258452462;LLGC;0,9;10;heart_2classes;6;1;edgebetweenness;0,17249570000058156;297,0;13,0;17,0
287;0,7955390334572491;0,786953704370365;LLGC;0,9;10;heart_2classes;6;1;edgebetweenness;0,03779860000213375;297,0;13,0;18,0
288;0,6245353159851301;0,5232254101956655;LLGC;0,9;10;heart_2classes;6;1;edgebetweenness;0,09278790000098525;297,0;13,0;19,0
289;0,8252788104089219;0,8220924505734187;LLGC;0,9;10;heart_2classes;6;1;edgebetweenness;0,044432200000301236;297,0;13,0;20,0
290;0,8029739776951673;0,8027013188303511;LLGC;0,9;10;heart_2classes;6;1;edgebetweenness;0,03708639999968;297,0;13,0;21,0
291;0,6022304832713755;0,4949021672369922;LLGC;0,9;10;heart_2classes;6;1;edgebetweenness;0,03718450000087614;297,0;13,0;22,0
292;0,8066914498141264;0,8040896358543417;LLGC;0,9;10;heart_2classes;6;1;edgebetweenness;0,0573504000021785;297,0;13,0;23,0
293;0,8029739776951673;0,8029739776951673;LLGC;0,9;10;heart_2classes;6;1;edgebetweenness;0,0797502000023087;297,0;13,0;24,0
294;0,7397769516728625;0,7214497041420118;LLGC;0,9;10;heart_2classes;6;1;edgebetweenness;0,09371770000143442;297,0;13,0;25,0
295;0,8141263940520446;0,8082734633367545;LLGC;0,9;10;heart_2classes;6;1;edgebetweenness;0,030522099998052;297,0;13,0;26,0
296;0,6133828996282528;0,5069091934574168;LLGC;0,9;10;heart_2classes;6;1;edgebetweenness;0,08549520000087796;297,0;13,0;27,0
297;0,8141263940520446;0,811624649859944;LLGC;0,9;10;heart_2classes;6;1;edgebetweenness;0,04463879999821074;297,0;13,0;28,0
298;0,8141263940520446;0,8071961009174312;LLGC;0,9;10;heart_2classes;6;1;edgebetweenness;0,06665040000007139;297,0;13,0;29,0
299;0,5650557620817844;0,4034798430659009;LLGC;0,9;10;heart_2classes;6;1;edgebetweenness;0,030644200000097044;297,0;13,0;30,0
300;0,5437262357414449;0,3522167487684729;PhyDL;0,9;12;heart_2classes;6;1;edgebetweenness;14,803244599999744;297,0;13,0;1,0
301;0,5437262357414449;0,3522167487684729;PhyDL;0,9;12;heart_2classes;6;1;edgebetweenness;14,8032017000005;297,0;13,0;2,0
302;0,5437262357414449;0,3522167487684729;PhyDL;0,9;12;heart_2classes;6;1;edgebetweenness;14,803194400003122;297,0;13,0;3,0
303;0,5437262357414449;0,3522167487684729;PhyDL;0,9;12;heart_2classes;6;1;edgebetweenness;14,803199000001769;297,0;13,0;4,0
304;0,5437262357414449;0,3522167487684729;PhyDL;0,9;12;heart_2classes;6;1;edgebetweenness;14,803153099997871;297,0;13,0;5,0
305;0,5437262357414449;0,3522167487684729;PhyDL;0,9;12;heart_2classes;6;1;edgebetweenness;14,803192499999568;297,0;13,0;6,0
306;0,5437262357414449;0,3522167487684729;PhyDL;0,9;12;heart_2classes;6;1;edgebetweenness;14,803200700000161;297,0;13,0;7,0
307;0,5437262357414449;0,3522167487684729;PhyDL;0,9;12;heart_2classes;6;1;edgebetweenness;14,80320120000033;297,0;13,0;8,0
308;0,5437262357414449;0,3522167487684729;PhyDL;0,9;12;heart_2classes;6;1;edgebetweenness;14,80319970000346;297,0;13,0;9,0
309;0,5437262357414449;0,3522167487684729;PhyDL;0,9;12;heart_2classes;6;1;edgebetweenness;14,803203700001177;297,0;13,0;10,0
310;0,5437262357414449;0,3522167487684729;PhyDL;0,9;12;heart_2classes;6;1;edgebetweenness;14,803154900000663;297,0;13,0;11,0
311;0,5437262357414449;0,3522167487684729;PhyDL;0,9;12;heart_2classes;6;1;edgebetweenness;14,80316710000261;297,0;13,0;12,0
312;0,5437262357414449;0,3522167487684729;PhyDL;0,9;12;heart_2classes;6;1;edgebetweenness;14,803235499999573;297,0;13,0;13,0
313;0,5437262357414449;0,3522167487684729;PhyDL;0,9;12;heart_2classes;6;1;edgebetweenness;14,803184699998383;297,0;13,0;14,0
314;0,5437262357414449;0,3522167487684729;PhyDL;0,9;12;heart_2classes;6;1;edgebetweenness;14,803148899998632;297,0;13,0;15,0
315;0,5437262357414449;0,3522167487684729;PhyDL;0,9;12;heart_2classes;6;1;edgebetweenness;14,803190099999483;297,0;13,0;16,0
316;0,5437262357414449;0,3522167487684729;PhyDL;0,9;12;heart_2classes;6;1;edgebetweenness;14,803155099998548;297,0;13,0;17,0
317;0,5437262357414449;0,3522167487684729;PhyDL;0,9;12;heart_2classes;6;1;edgebetweenness;14,803150600000663;297,0;13,0;18,0
318;0,5437262357414449;0,3522167487684729;PhyDL;0,9;12;heart_2classes;6;1;edgebetweenness;14,803192299998045;297,0;13,0;19,0
319;0,5437262357414449;0,3522167487684729;PhyDL;0,9;12;heart_2classes;6;1;edgebetweenness;14,803150600000663;297,0;13,0;20,0
320;0,5437262357414449;0,3522167487684729;PhyDL;0,9;12;heart_2classes;6;1;edgebetweenness;14,803175699998974;297,0;13,0;21,0
321;0,5437262357414449;0,3522167487684729;PhyDL;0,9;12;heart_2classes;6;1;edgebetweenness;14,803178099999059;297,0;13,0;22,0
322;0,5437262357414449;0,3522167487684729;PhyDL;0,9;12;heart_2classes;6;1;edgebetweenness;14,803148099999817;297,0;13,0;23,0
323;0,5437262357414449;0,3522167487684729;PhyDL;0,9;12;heart_2classes;6;1;edgebetweenness;14,803158999999141;297,0;13,0;24,0
324;0,5437262357414449;0,3522167487684729;PhyDL;0,9;12;heart_2classes;6;1;edgebetweenness;14,803208199999062;297,0;13,0;25,0
325;0,5437262357414449;0,3522167487684729;PhyDL;0,9;12;heart_2classes;6;1;edgebetweenness;14,803151199997956;297,0;13,0;26,0
326;0,5437262357414449;0,3522167487684729;PhyDL;0,9;12;heart_2classes;6;1;edgebetweenness;14,803154000001086;297,0;13,0;27,0
327;0,5437262357414449;0,3522167487684729;PhyDL;0,9;12;heart_2classes;6;1;edgebetweenness;14,80316369999855;297,0;13,0;28,0
328;0,5437262357414449;0,3522167487684729;PhyDL;0,9;12;heart_2classes;6;1;edgebetweenness;14,80321929999991;297,0;13,0;29,0
329;0,5437262357414449;0,3522167487684729;PhyDL;0,9;12;heart_2classes;6;1;edgebetweenness;14,80321510000067;297,0;13,0;30,0
330;0,6501901140684411;0,5743737686462145;LLGC;0,9;12;heart_2classes;6;1;edgebetweenness;0,07542620000094757;297,0;13,0;1,0
331;0,8174904942965779;0,8141999293535853;LLGC;0,9;12;heart_2classes;6;1;edgebetweenness;0,07785169999988284;297,0;13,0;2,0
332;0,6996197718631179;0,6488532846591966;LLGC;0,9;12;heart_2classes;6;1;edgebetweenness;0,06453020000117249;297,0;13,0;3,0
333;0,7072243346007605;0,6622187380114424;LLGC;0,9;12;heart_2classes;6;1;edgebetweenness;0,18966169999839622;297,0;13,0;4,0
334;0,7604562737642585;0,7373543631608148;LLGC;0,9;12;heart_2classes;6;1;edgebetweenness;0,16063289999874542;297,0;13,0;5,0
335;0,7566539923954373;0,7363408521303259;LLGC;0,9;12;heart_2classes;6;1;edgebetweenness;0,07438050000200747;297,0;13,0;6,0
336;0,7946768060836502;0,7909749205227835;LLGC;0,9;12;heart_2classes;6;1;edgebetweenness;0,07835889999842038;297,0;13,0;7,0
337;0,6615969581749049;0,5866313465783665;LLGC;0,9;12;heart_2classes;6;1;edgebetweenness;0,14796349999960512;297,0;13,0;8,0
338;0,7680608365019012;0,7503773203255069;LLGC;0,9;12;heart_2classes;6;1;edgebetweenness;0,09303659999932279;297,0;13,0;9,0
339;0,7642585551330798;0,7489221483123922;LLGC;0,9;12;heart_2classes;6;1;edgebetweenness;0,03749700000116718;297,0;13,0;10,0
340;0,8022813688212928;0,799847792998478;LLGC;0,9;12;heart_2classes;6;1;edgebetweenness;0,05093449999912991;297,0;13,0;11,0
341;0,7832699619771863;0,7677434348129213;LLGC;0,9;12;heart_2classes;6;1;edgebetweenness;0,11350980000133859;297,0;13,0;12,0
342;0,8098859315589354;0,8036140979689367;LLGC;0,9;12;heart_2classes;6;1;edgebetweenness;0,1212325000014971;297,0;13,0;13,0
343;0,7832699619771863;0,7800132071318513;LLGC;0,9;12;heart_2classes;6;1;edgebetweenness;0,0565573999992921;297,0;13,0;14,0
344;0,7908745247148289;0,7868813814035036;LLGC;0,9;12;heart_2classes;6;1;edgebetweenness;0,04100509999989299;297,0;13,0;15,0
345;0,7984790874524715;0,787414784425567;LLGC;0,9;12;heart_2classes;6;1;edgebetweenness;0,07625449999977718;297,0;13,0;16,0
346;0,6463878326996197;0,5609821765117656;LLGC;0,9;12;heart_2classes;6;1;edgebetweenness;0,06859840000106487;297,0;13,0;17,0
347;0,8250950570342205;0,8219415989638525;LLGC;0,9;12;heart_2classes;6;1;edgebetweenness;0,04996690000189119;297,0;13,0;18,0
348;0,8326996197718631;0,827653997378768;LLGC;0,9;12;heart_2classes;6;1;edgebetweenness;0,03185010000015609;297,0;13,0;19,0
349;0,8174904942965779;0,811986178958656;LLGC;0,9;12;heart_2classes;6;1;edgebetweenness;0,06649169999946025;297,0;13,0;20,0
350;0,8060836501901141;0,7968742901276635;LLGC;0,9;12;heart_2classes;6;1;edgebetweenness;0,03848490000018501;297,0;13,0;21,0
351;0,55893536121673;0,38797945755095486;LLGC;0,9;12;heart_2classes;6;1;edgebetweenness;0,0464243999995233;297,0;13,0;22,0
352;0,7414448669201521;0,7158021866259853;LLGC;0,9;12;heart_2classes;6;1;edgebetweenness;0,04819800000041141;297,0;13,0;23,0
353;0,7680608365019012;0,7600687953338816;LLGC;0,9;12;heart_2classes;6;1;edgebetweenness;0,04283460000078776;297,0;13,0;24,0
354;0,7376425855513308;0,7108923194570569;LLGC;0,9;12;heart_2classes;6;1;edgebetweenness;0,07838310000079218;297,0;13,0;25,0
355;0,6311787072243346;0,53420730705326;LLGC;0,9;12;heart_2classes;6;1;edgebetweenness;0,05756159999873489;297,0;13,0;26,0
356;0,7984790874524715;0,7977304717542408;LLGC;0,9;12;heart_2classes;6;1;edgebetweenness;0,04509730000063428;297,0;13,0;27,0
357;0,7870722433460076;0,780047789725209;LLGC;0,9;12;heart_2classes;6;1;edgebetweenness;0,05305260000022827;297,0;13,0;28,0
358;0,7376425855513308;0,7062308775678694;LLGC;0,9;12;heart_2classes;6;1;edgebetweenness;0,13817009999911534;297,0;13,0;29,0
359;0,6996197718631179;0,6577382423194136;LLGC;0,9;12;heart_2classes;6;1;edgebetweenness;0,0817339000022912;297,0;13,0;30,0
360;0,45525291828793774;0,31283422459893045;PhyDL;0,9;14;heart_2classes;6;1;edgebetweenness;14,803155100002186;297,0;13,0;1,0
361;0,5447470817120622;0,3526448362720403;PhyDL;0,9;14;heart_2classes;6;1;edgebetweenness;14,803149900002609;297,0;13,0;2,0
362;0,5447470817120622;0,3526448362720403;PhyDL;0,9;14;heart_2classes;6;1;edgebetweenness;14,803191700000752;297,0;13,0;3,0
363;0,5447470817120622;0,3526448362720403;PhyDL;0,9;14;heart_2classes;6;1;edgebetweenness;14,803192700001091;297,0;13,0;4,0
364;0,5447470817120622;0,3526448362720403;PhyDL;0,9;14;heart_2classes;6;1;edgebetweenness;14,803190300001006;297,0;13,0;5,0
365;0,5447470817120622;0,3526448362720403;PhyDL;0,9;14;heart_2classes;6;1;edgebetweenness;14,80320109999957;297,0;13,0;6,0
366;0,5447470817120622;0,3526448362720403;PhyDL;0,9;14;heart_2classes;6;1;edgebetweenness;14,803152899999986;297,0;13,0;7,0
367;0,5447470817120622;0,3526448362720403;PhyDL;0,9;14;heart_2classes;6;1;edgebetweenness;14,803154500001256;297,0;13,0;8,0
368;0,5447470817120622;0,3526448362720403;PhyDL;0,9;14;heart_2classes;6;1;edgebetweenness;14,80317930000092;297,0;13,0;9,0
369;0,5447470817120622;0,3526448362720403;PhyDL;0,9;14;heart_2classes;6;1;edgebetweenness;14,803208400000585;297,0;13,0;10,0
370;0,5447470817120622;0,3526448362720403;PhyDL;0,9;14;heart_2classes;6;1;edgebetweenness;14,80319430000236;297,0;13,0;11,0
371;0,5447470817120622;0,3526448362720403;PhyDL;0,9;14;heart_2classes;6;1;edgebetweenness;14,803196699998807;297,0;13,0;12,0
372;0,5447470817120622;0,3526448362720403;PhyDL;0,9;14;heart_2classes;6;1;edgebetweenness;14,803259300002537;297,0;13,0;13,0
373;0,5447470817120622;0,3526448362720403;PhyDL;0,9;14;heart_2classes;6;1;edgebetweenness;14,803151299998717;297,0;13,0;14,0
374;0,5447470817120622;0,3526448362720403;PhyDL;0,9;14;heart_2classes;6;1;edgebetweenness;14,803154600002017;297,0;13,0;15,0
375;0,5447470817120622;0,3526448362720403;PhyDL;0,9;14;heart_2classes;6;1;edgebetweenness;14,803191299997707;297,0;13,0;16,0
376;0,5447470817120622;0,3526448362720403;PhyDL;0,9;14;heart_2classes;6;1;edgebetweenness;14,803179000002274;297,0;13,0;17,0
377;0,5447470817120622;0,3526448362720403;PhyDL;0,9;14;heart_2classes;6;1;edgebetweenness;14,80320120000033;297,0;13,0;18,0
378;0,5447470817120622;0,3526448362720403;PhyDL;0,9;14;heart_2classes;6;1;edgebetweenness;14,803155300000071;297,0;13,0;19,0
379;0,5447470817120622;0,3526448362720403;PhyDL;0,9;14;heart_2classes;6;1;edgebetweenness;14,80319210000016;297,0;13,0;20,0
380;0,5447470817120622;0,3526448362720403;PhyDL;0,9;14;heart_2classes;6;1;edgebetweenness;14,803188000001683;297,0;13,0;21,0
381;0,5447470817120622;0,3526448362720403;PhyDL;0,9;14;heart_2classes;6;1;edgebetweenness;14,80315089999931;297,0;13,0;22,0
382;0,5447470817120622;0,3526448362720403;PhyDL;0,9;14;heart_2classes;6;1;edgebetweenness;14,80318840000109;297,0;13,0;23,0
383;0,5447470817120622;0,3526448362720403;PhyDL;0,9;14;heart_2classes;6;1;edgebetweenness;14,803192399998807;297,0;13,0;24,0
384;0,5447470817120622;0,3526448362720403;PhyDL;0,9;14;heart_2classes;6;1;edgebetweenness;14,80315310000151;297,0;13,0;25,0
385;0,5447470817120622;0,3526448362720403;PhyDL;0,9;14;heart_2classes;6;1;edgebetweenness;14,803251199999067;297,0;13,0;26,0
386;0,5447470817120622;0,3526448362720403;PhyDL;0,9;14;heart_2classes;6;1;edgebetweenness;14,803242999998474;297,0;13,0;27,0
387;0,5447470817120622;0,3526448362720403;PhyDL;0,9;14;heart_2classes;6;1;edgebetweenness;14,803153500000917;297,0;13,0;28,0
388;0,5447470817120622;0,3526448362720403;PhyDL;0,9;14;heart_2classes;6;1;edgebetweenness;14,803197599998384;297,0;13,0;29,0
389;0,5447470817120622;0,3526448362720403;PhyDL;0,9;14;heart_2classes;6;1;edgebetweenness;14,803198599998723;297,0;13,0;30,0
390;0,7626459143968871;0,762415700538001;LLGC;0,9;14;heart_2classes;6;1;edgebetweenness;0,1046805999976641;297,0;13,0;1,0
391;0,7976653696498055;0,7893708233514058;LLGC;0,9;14;heart_2classes;6;1;edgebetweenness;0,046249800001533004;297,0;13,0;2,0
392;0,8093385214007782;0,8059420892854392;LLGC;0,9;14;heart_2classes;6;1;edgebetweenness;0,040916999998444226;297,0;13,0;3,0
393;0,7898832684824902;0,7781933256616801;LLGC;0,9;14;heart_2classes;6;1;edgebetweenness;0,050145299999712734;297,0;13,0;4,0
394;0,7937743190661478;0,7827071867272872;LLGC;0,9;14;heart_2classes;6;1;edgebetweenness;0,058281300000089686;297,0;13,0;5,0
395;0,8249027237354085;0,8161747174669782;LLGC;0,9;14;heart_2classes;6;1;edgebetweenness;0,03345489999992424;297,0;13,0;6,0
396;0,7821011673151751;0,7690925426774484;LLGC;0,9;14;heart_2classes;6;1;edgebetweenness;0,052322600000479724;297,0;13,0;7,0
397;0,7198443579766537;0,6835841313269493;LLGC;0,9;14;heart_2classes;6;1;edgebetweenness;0,055791999999200925;297,0;13,0;8,0
398;0,8249027237354085;0,8240395587675922;LLGC;0,9;14;heart_2classes;6;1;edgebetweenness;0,04818950000117184;297,0;13,0;9,0
399;0,8171206225680934;0,8065781677849124;LLGC;0,9;14;heart_2classes;6;1;edgebetweenness;0,07324220000009518;297,0;13,0;10,0
400;0,7354085603112841;0,7029103767169862;LLGC;0,9;14;heart_2classes;6;1;edgebetweenness;0,037571000000752974;297,0;13,0;11,0
401;0,7159533073929961;0,6762498058637767;LLGC;0,9;14;heart_2classes;6;1;edgebetweenness;0,05036680000193883;297,0;13,0;12,0
402;0,7392996108949417;0,7097513695743785;LLGC;0,9;14;heart_2classes;6;1;edgebetweenness;0,038398699998651864;297,0;13,0;13,0
403;0,8249027237354085;0,8168152946953258;LLGC;0,9;14;heart_2classes;6;1;edgebetweenness;0,03249109999887878;297,0;13,0;14,0
404;0,6653696498054474;0,5952014652014652;LLGC;0,9;14;heart_2classes;6;1;edgebetweenness;0,1314023000013549;297,0;13,0;15,0
405;0,8093385214007782;0,8041067122968033;LLGC;0,9;14;heart_2classes;6;1;edgebetweenness;0,045952100001159124;297,0;13,0;16,0
406;0,8210116731517509;0,8183689773844641;LLGC;0,9;14;heart_2classes;6;1;edgebetweenness;0,03603760000260081;297,0;13,0;17,0
407;0,708171206225681;0,6631010434691416;LLGC;0,9;14;heart_2classes;6;1;edgebetweenness;0,03276969999933499;297,0;13,0;18,0
408;0,8171206225680934;0,8125804899998449;LLGC;0,9;14;heart_2classes;6;1;edgebetweenness;0,0452170999997179;297,0;13,0;19,0
409;0,8249027237354085;0,8230921022440457;LLGC;0,9;14;heart_2classes;6;1;edgebetweenness;0,05160009999963222;297,0;13,0;20,0
410;0,754863813229572;0,7285620882160639;LLGC;0,9;14;heart_2classes;6;1;edgebetweenness;0,05169409999871277;297,0;13,0;21,0
411;0,8171206225680934;0,8145942378240648;LLGC;0,9;14;heart_2classes;6;1;edgebetweenness;0,0368105999987165;297,0;13,0;22,0
412;0,688715953307393;0,6318579000143246;LLGC;0,9;14;heart_2classes;6;1;edgebetweenness;0,1023432000001776;297,0;13,0;23,0
413;0,8093385214007782;0,799106644332775;LLGC;0,9;14;heart_2classes;6;1;edgebetweenness;0,05386500000167871;297,0;13,0;24,0
414;0,8093385214007782;0,8024472507647659;LLGC;0,9;14;heart_2classes;6;1;edgebetweenness;0,04133500000170898;297,0;13,0;25,0
415;0,7392996108949417;0,7128491620111732;LLGC;0,9;14;heart_2classes;6;1;edgebetweenness;0,05539869999847724;297,0;13,0;26,0
416;0,6770428015564203;0,6166591787222572;LLGC;0,9;14;heart_2classes;6;1;edgebetweenness;0,035814099999697646;297,0;13,0;27,0
417;0,7120622568093385;0,67078659465448;LLGC;0,9;14;heart_2classes;6;1;edgebetweenness;0,08208329999979469;297,0;13,0;28,0
418;0,7315175097276264;0,7027108585223558;LLGC;0,9;14;heart_2classes;6;1;edgebetweenness;0,04335939999873517;297,0;13,0;29,0
419;0,7042801556420234;0,6597212543554007;LLGC;0,9;14;heart_2classes;6;1;edgebetweenness;0,03750859999854583;297,0;13,0;30,0
420;0,545816733067729;0,35309278350515466;PhyDL;0,9;16;heart_2classes;6;1;edgebetweenness;14,803190899998299;297,0;13,0;1,0
421;0,545816733067729;0,35309278350515466;PhyDL;0,9;16;heart_2classes;6;1;edgebetweenness;14,803165299999819;297,0;13,0;2,0
422;0,545816733067729;0,35309278350515466;PhyDL;0,9;16;heart_2classes;6;1;edgebetweenness;14,80315100000007;297,0;13,0;3,0
423;0,545816733067729;0,35309278350515466;PhyDL;0,9;16;heart_2classes;6;1;edgebetweenness;14,803192899998976;297,0;13,0;4,0
424;0,545816733067729;0,35309278350515466;PhyDL;0,9;16;heart_2classes;6;1;edgebetweenness;14,803161699997872;297,0;13,0;5,0
425;0,545816733067729;0,35309278350515466;PhyDL;0,9;16;heart_2classes;6;1;edgebetweenness;14,803156099998887;297,0;13,0;6,0
426;0,545816733067729;0,35309278350515466;PhyDL;0,9;16;heart_2classes;6;1;edgebetweenness;14,803214600000501;297,0;13,0;7,0
427;0,545816733067729;0,35309278350515466;PhyDL;0,9;16;heart_2classes;6;1;edgebetweenness;14,8032017000005;297,0;13,0;8,0
428;0,545816733067729;0,35309278350515466;PhyDL;0,9;16;heart_2classes;6;1;edgebetweenness;14,803192299998045;297,0;13,0;9,0
429;0,4541832669322709;0,31232876712328766;PhyDL;0,9;16;heart_2classes;6;1;edgebetweenness;14,803189700000075;297,0;13,0;10,0
430;0,545816733067729;0,35309278350515466;PhyDL;0,9;16;heart_2classes;6;1;edgebetweenness;14,803193800002191;297,0;13,0;11,0
431;0,545816733067729;0,35309278350515466;PhyDL;0,9;16;heart_2classes;6;1;edgebetweenness;14,803153300003032;297,0;13,0;12,0
432;0,4541832669322709;0,31232876712328766;PhyDL;0,9;16;heart_2classes;6;1;edgebetweenness;14,803151699998125;297,0;13,0;13,0
433;0,545816733067729;0,35309278350515466;PhyDL;0,9;16;heart_2classes;6;1;edgebetweenness;14,803191999999399;297,0;13,0;14,0
434;0,545816733067729;0,35309278350515466;PhyDL;0,9;16;heart_2classes;6;1;edgebetweenness;14,80319110000346;297,0;13,0;15,0
435;0,545816733067729;0,35309278350515466;PhyDL;0,9;16;heart_2classes;6;1;edgebetweenness;14,803147999999055;297,0;13,0;16,0
436;0,545816733067729;0,35309278350515466;PhyDL;0,9;16;heart_2classes;6;1;edgebetweenness;14,803157999998803;297,0;13,0;17,0
437;0,545816733067729;0,35309278350515466;PhyDL;0,9;16;heart_2classes;6;1;edgebetweenness;14,80319370000143;297,0;13,0;18,0
438;0,545816733067729;0,35309278350515466;PhyDL;0,9;16;heart_2classes;6;1;edgebetweenness;14,803211500002362;297,0;13,0;19,0
439;0,545816733067729;0,35309278350515466;PhyDL;0,9;16;heart_2classes;6;1;edgebetweenness;14,803188800000498;297,0;13,0;20,0
440;0,4541832669322709;0,31232876712328766;PhyDL;0,9;16;heart_2classes;6;1;edgebetweenness;14,80319210000016;297,0;13,0;21,0
441;0,545816733067729;0,35309278350515466;PhyDL;0,9;16;heart_2classes;6;1;edgebetweenness;14,803152200001932;297,0;13,0;22,0
442;0,545816733067729;0,35309278350515466;PhyDL;0,9;16;heart_2classes;6;1;edgebetweenness;14,80316590000075;297,0;13,0;23,0
443;0,545816733067729;0,35309278350515466;PhyDL;0,9;16;heart_2classes;6;1;edgebetweenness;14,80322470000101;297,0;13,0;24,0
444;0,545816733067729;0,35309278350515466;PhyDL;0,9;16;heart_2classes;6;1;edgebetweenness;14,803211899998132;297,0;13,0;25,0
445;0,545816733067729;0,35309278350515466;PhyDL;0,9;16;heart_2classes;6;1;edgebetweenness;14,803195500000584;297,0;13,0;26,0
446;0,545816733067729;0,35309278350515466;PhyDL;0,9;16;heart_2classes;6;1;edgebetweenness;14,803197000001092;297,0;13,0;27,0
447;0,545816733067729;0,35309278350515466;PhyDL;0,9;16;heart_2classes;6;1;edgebetweenness;14,803157499998633;297,0;13,0;28,0
448;0,545816733067729;0,35309278350515466;PhyDL;0,9;16;heart_2classes;6;1;edgebetweenness;14,803154600002017;297,0;13,0;29,0
449;0,545816733067729;0,35309278350515466;PhyDL;0,9;16;heart_2classes;6;1;edgebetweenness;14,803157899998041;297,0;13,0;30,0
450;0,8047808764940239;0,794554414098388;LLGC;0,9;16;heart_2classes;6;1;edgebetweenness;0,0503960999994888;297,0;13,0;1,0
451;0,8087649402390438;0,8054012146272128;LLGC;0,9;16;heart_2classes;6;1;edgebetweenness;0,12596169999960694;297,0;13,0;2,0
452;0,6972111553784861;0,6440513509479027;LLGC;0,9;16;heart_2classes;6;1;edgebetweenness;0,1293456999992486;297,0;13,0;3,0
453;0,6414342629482072;0,5502866698518872;LLGC;0,9;16;heart_2classes;6;1;edgebetweenness;0,05165040000065346;297,0;13,0;4,0
454;0,7171314741035857;0,6709867995938337;LLGC;0,9;16;heart_2classes;6;1;edgebetweenness;0,05103589999998803;297,0;13,0;5,0
455;0,6573705179282868;0,5777386541471048;LLGC;0,9;16;heart_2classes;6;1;edgebetweenness;0,05906260000119801;297,0;13,0;6,0
456;0,7569721115537849;0,7364761363831948;LLGC;0,9;16;heart_2classes;6;1;edgebetweenness;0,03684319999956642;297,0;13,0;7,0
457;0,8167330677290837;0,8111917844060701;LLGC;0,9;16;heart_2classes;6;1;edgebetweenness;0,05817899999965448;297,0;13,0;8,0
458;0,8087649402390438;0,8011881188118812;LLGC;0,9;16;heart_2classes;6;1;edgebetweenness;0,1058056999972905;297,0;13,0;9,0
459;0,7649402390438247;0,7648058445167951;LLGC;0,9;16;heart_2classes;6;1;edgebetweenness;0,037549299999227514;297,0;13,0;10,0
460;0,7131474103585658;0,6675007359434795;LLGC;0,9;16;heart_2classes;6;1;edgebetweenness;0,050033999999868684;297,0;13,0;11,0
461;0,6812749003984063;0,6196969696969696;LLGC;0,9;16;heart_2classes;6;1;edgebetweenness;0,056411400000797585;297,0;13,0;12,0
462;0,7888446215139442;0,7879831062236035;LLGC;0,9;16;heart_2classes;6;1;edgebetweenness;0,1736345999997866;297,0;13,0;13,0
463;0,7569721115537849;0,7364761363831948;LLGC;0,9;16;heart_2classes;6;1;edgebetweenness;0,1325169999981881;297,0;13,0;14,0
464;0,7808764940239044;0,7646005627078183;LLGC;0,9;16;heart_2classes;6;1;edgebetweenness;0,052400299999135314;297,0;13,0;15,0
465;0,7051792828685259;0,660562865497076;LLGC;0,9;16;heart_2classes;6;1;edgebetweenness;0,04128119999950286;297,0;13,0;16,0
466;0,7529880478087649;0,7258280479210713;LLGC;0,9;16;heart_2classes;6;1;edgebetweenness;0,038981400000920985;297,0;13,0;17,0
467;0,7370517928286853;0,7097350714886459;LLGC;0,9;16;heart_2classes;6;1;edgebetweenness;0,107587099999364;297,0;13,0;18,0
468;0,796812749003984;0,7826839826839826;LLGC;0,9;16;heart_2classes;6;1;edgebetweenness;0,0432236999986344;297,0;13,0;19,0
469;0,8127490039840638;0,8100352651326066;LLGC;0,9;16;heart_2classes;6;1;edgebetweenness;0,03073980000044685;297,0;13,0;20,0
470;0,7689243027888446;0,7687444402084127;LLGC;0,9;16;heart_2classes;6;1;edgebetweenness;0,03795959999843035;297,0;13,0;21,0
471;0,8207171314741036;0,8187725631768954;LLGC;0,9;16;heart_2classes;6;1;edgebetweenness;0,10682140000062645;297,0;13,0;22,0
472;0,6653386454183267;0,5910148975791434;LLGC;0,9;16;heart_2classes;6;1;edgebetweenness;0,06569319999834988;297,0;13,0;23,0
473;0,749003984063745;0,7264991265544736;LLGC;0,9;16;heart_2classes;6;1;edgebetweenness;0,05128730000069481;297,0;13,0;24,0
474;0,7609561752988048;0,7388680815647107;LLGC;0,9;16;heart_2classes;6;1;edgebetweenness;0,03972500000236323;297,0;13,0;25,0
475;0,7370517928286853;0,7047690333618477;LLGC;0,9;16;heart_2classes;6;1;edgebetweenness;0,049559499999304535;297,0;13,0;26,0
476;0,8207171314741036;0,8150331613854089;LLGC;0,9;16;heart_2classes;6;1;edgebetweenness;0,0660394999977143;297,0;13,0;27,0
477;0,7211155378486056;0,6904510218463706;LLGC;0,9;16;heart_2classes;6;1;edgebetweenness;0,038151799999468494;297,0;13,0;28,0
478;0,7609561752988048;0,7401656314699793;LLGC;0,9;16;heart_2classes;6;1;edgebetweenness;0,04244710000057239;297,0;13,0;29,0
479;0,7370517928286853;0,708139534883721;LLGC;0,9;16;heart_2classes;6;1;edgebetweenness;0,12266640000234474;297,0;13,0;30,0
480;0,5469387755102041;0,35356200527704484;PhyDL;0,9;18;heart_2classes;6;1;edgebetweenness;14,803164599998127;297,0;13,0;1,0
481;0,5469387755102041;0,35356200527704484;PhyDL;0,9;18;heart_2classes;6;1;edgebetweenness;14,80318669999906;297,0;13,0;2,0
482;0,5469387755102041;0,35356200527704484;PhyDL;0,9;18;heart_2classes;6;1;edgebetweenness;14,803148500002862;297,0;13,0;3,0
483;0,5469387755102041;0,35356200527704484;PhyDL;0,9;18;heart_2classes;6;1;edgebetweenness;14,803188499998214;297,0;13,0;4,0
484;0,5469387755102041;0,35356200527704484;PhyDL;0,9;18;heart_2classes;6;1;edgebetweenness;14,803165799999988;297,0;13,0;5,0
485;0,5469387755102041;0,35356200527704484;PhyDL;0,9;18;heart_2classes;6;1;edgebetweenness;14,803153500000917;297,0;13,0;6,0
486;0,5469387755102041;0,35356200527704484;PhyDL;0,9;18;heart_2classes;6;1;edgebetweenness;14,803196000000753;297,0;13,0;7,0
487;0,5469387755102041;0,35356200527704484;PhyDL;0,9;18;heart_2classes;6;1;edgebetweenness;14,803195899999992;297,0;13,0;8,0
488;0,5469387755102041;0,35356200527704484;PhyDL;0,9;18;heart_2classes;6;1;edgebetweenness;14,803197999997792;297,0;13,0;9,0
489;0,5469387755102041;0,35356200527704484;PhyDL;0,9;18;heart_2classes;6;1;edgebetweenness;14,803198199999315;297,0;13,0;10,0
490;0,5469387755102041;0,35356200527704484;PhyDL;0,9;18;heart_2classes;6;1;edgebetweenness;14,803152799999225;297,0;13,0;11,0
491;0,5469387755102041;0,35356200527704484;PhyDL;0,9;18;heart_2classes;6;1;edgebetweenness;14,80319999999847;297,0;13,0;12,0
492;0,5469387755102041;0,35356200527704484;PhyDL;0,9;18;heart_2classes;6;1;edgebetweenness;14,803250400000252;297,0;13,0;13,0
493;0,5469387755102041;0,35356200527704484;PhyDL;0,9;18;heart_2classes;6;1;edgebetweenness;14,803189099999145;297,0;13,0;14,0
494;0,5469387755102041;0,35356200527704484;PhyDL;0,9;18;heart_2classes;6;1;edgebetweenness;14,803224299997964;297,0;13,0;15,0
495;0,5469387755102041;0,35356200527704484;PhyDL;0,9;18;heart_2classes;6;1;edgebetweenness;14,803155499997956;297,0;13,0;16,0
496;0,5469387755102041;0,35356200527704484;PhyDL;0,9;18;heart_2classes;6;1;edgebetweenness;14,803228000000672;297,0;13,0;17,0
497;0,5469387755102041;0,35356200527704484;PhyDL;0,9;18;heart_2classes;6;1;edgebetweenness;14,80317649999779;297,0;13,0;18,0
498;0,5469387755102041;0,35356200527704484;PhyDL;0,9;18;heart_2classes;6;1;edgebetweenness;14,803192200000922;297,0;13,0;19,0
499;0,5469387755102041;0,35356200527704484;PhyDL;0,9;18;heart_2classes;6;1;edgebetweenness;14,803176500001427;297,0;13,0;20,0
500;0,5469387755102041;0,35356200527704484;PhyDL;0,9;18;heart_2classes;6;1;edgebetweenness;14,803155400000833;297,0;13,0;21,0
501;0,5469387755102041;0,35356200527704484;PhyDL;0,9;18;heart_2classes;6;1;edgebetweenness;14,80320009999923;297,0;13,0;22,0
502;0,5469387755102041;0,35356200527704484;PhyDL;0,9;18;heart_2classes;6;1;edgebetweenness;14,803155100002186;297,0;13,0;23,0
503;0,5469387755102041;0,35356200527704484;PhyDL;0,9;18;heart_2classes;6;1;edgebetweenness;14,803153900000325;297,0;13,0;24,0
504;0,5469387755102041;0,35356200527704484;PhyDL;0,9;18;heart_2classes;6;1;edgebetweenness;14,803190599999652;297,0;13,0;25,0
505;0,5469387755102041;0,35356200527704484;PhyDL;0,9;18;heart_2classes;6;1;edgebetweenness;14,803179999998974;297,0;13,0;26,0
506;0,5469387755102041;0,35356200527704484;PhyDL;0,9;18;heart_2classes;6;1;edgebetweenness;14,803148999999394;297,0;13,0;27,0
507;0,5469387755102041;0,35356200527704484;PhyDL;0,9;18;heart_2classes;6;1;edgebetweenness;14,803154700002779;297,0;13,0;28,0
508;0,5469387755102041;0,35356200527704484;PhyDL;0,9;18;heart_2classes;6;1;edgebetweenness;14,80315469999914;297,0;13,0;29,0
509;0,5469387755102041;0,35356200527704484;PhyDL;0,9;18;heart_2classes;6;1;edgebetweenness;14,80315999999948;297,0;13,0;30,0
510;0,7795918367346939;0,7617761452031115;LLGC;0,9;18;heart_2classes;6;1;edgebetweenness;0,052584199998818804;297,0;13,0;1,0
511;0,7183673469387755;0,6808510638297872;LLGC;0,9;18;heart_2classes;6;1;edgebetweenness;0,04365490000054706;297,0;13,0;2,0
512;0,7224489795918367;0,6824004880280616;LLGC;0,9;18;heart_2classes;6;1;edgebetweenness;0,04657949999818811;297,0;13,0;3,0
513;0,8122448979591836;0,8095769126791025;LLGC;0,9;18;heart_2classes;6;1;edgebetweenness;0,056522800001403084;297,0;13,0;4,0
514;0,8081632653061225;0,803929915374006;LLGC;0,9;18;heart_2classes;6;1;edgebetweenness;0,043697000000975095;297,0;13,0;5,0
515;0,7877551020408163;0,77168458781362;LLGC;0,9;18;heart_2classes;6;1;edgebetweenness;0,08599250000042957;297,0;13,0;6,0
516;0,6244897959183674;0,5183760683760684;LLGC;0,9;18;heart_2classes;6;1;edgebetweenness;0,10020169999916106;297,0;13,0;7,0
517;0,8081632653061225;0,8068763102725367;LLGC;0,9;18;heart_2classes;6;1;edgebetweenness;0,036507700002403;297,0;13,0;8,0
518;0,8448979591836735;0,8416666666666667;LLGC;0,9;18;heart_2classes;6;1;edgebetweenness;0,0645479000013438;297,0;13,0;9,0
519;0,7795918367346939;0,7669790052134704;LLGC;0,9;18;heart_2classes;6;1;edgebetweenness;0,04471389999889652;297,0;13,0;10,0
520;0,7591836734693878;0,7350088910887459;LLGC;0,9;18;heart_2classes;6;1;edgebetweenness;0,052450300001510186;297,0;13,0;11,0
521;0,7020408163265306;0,6601683482490641;LLGC;0,9;18;heart_2classes;6;1;edgebetweenness;0,05076849999750266;297,0;13,0;12,0
522;0,8;0,7939444911690496;LLGC;0,9;18;heart_2classes;6;1;edgebetweenness;0,06512590000056662;297,0;13,0;13,0
523;0,8367346938775511;0,8315456545654566;LLGC;0,9;18;heart_2classes;6;1;edgebetweenness;0,051339800000278046;297,0;13,0;14,0
524;0,8122448979591836;0,804421768707483;LLGC;0,9;18;heart_2classes;6;1;edgebetweenness;0,0403418000023521;297,0;13,0;15,0
525;0,8040816326530612;0,7920203735144312;LLGC;0,9;18;heart_2classes;6;1;edgebetweenness;0,11049959999945713;297,0;13,0;16,0
526;0,7551020408163265;0,7297794117647058;LLGC;0,9;18;heart_2classes;6;1;edgebetweenness;0,04218570000011823;297,0;13,0;17,0
527;0,7755102040816326;0,7542896737842125;LLGC;0,9;18;heart_2classes;6;1;edgebetweenness;0,04086919999826932;297,0;13,0;18,0
528;0,7755102040816326;0,7611874169251218;LLGC;0,9;18;heart_2classes;6;1;edgebetweenness;0,07564999999885913;297,0;13,0;19,0
529;0,6979591836734694;0,6496212121212122;LLGC;0,9;18;heart_2classes;6;1;edgebetweenness;0,05514250000123866;297,0;13,0;20,0
530;0,8122448979591836;0,8095769126791025;LLGC;0,9;18;heart_2classes;6;1;edgebetweenness;0,04206979999798932;297,0;13,0;21,0
531;0,7877551020408163;0,77168458781362;LLGC;0,9;18;heart_2classes;6;1;edgebetweenness;0,03795010000249022;297,0;13,0;22,0
532;0,6775510204081633;0,6099433707502872;LLGC;0,9;18;heart_2classes;6;1;edgebetweenness;0,03800269999919692;297,0;13,0;23,0
533;0,7795918367346939;0,7669790052134704;LLGC;0,9;18;heart_2classes;6;1;edgebetweenness;0,08321979999891482;297,0;13,0;24,0
534;0,8081632653061225;0,7975882859603789;LLGC;0,9;18;heart_2classes;6;1;edgebetweenness;0,11003250000067055;297,0;13,0;25,0
535;0,8204081632653061;0,8147002200220022;LLGC;0,9;18;heart_2classes;6;1;edgebetweenness;0,16978479999670526;297,0;13,0;26,0
536;0,7387755102040816;0,7101449275362319;LLGC;0,9;18;heart_2classes;6;1;edgebetweenness;0,05452490000243415;297,0;13,0;27,0
537;0,7918367346938775;0,778555604785113;LLGC;0,9;18;heart_2classes;6;1;edgebetweenness;0,040240399997856;297,0;13,0;28,0
538;0,8244897959183674;0,8191757779646762;LLGC;0,9;18;heart_2classes;6;1;edgebetweenness;0,09354979999989155;297,0;13,0;29,0
539;0,8163265306122449;0,8083441981747066;LLGC;0,9;18;heart_2classes;6;1;edgebetweenness;0,0503270999979577;297,0;13,0;30,0
540;0,5481171548117155;0,35405405405405405;PhyDL;0,9;20;heart_2classes;6;1;edgebetweenness;14,803192299998045;297,0;13,0;1,0
541;0,5481171548117155;0,35405405405405405;PhyDL;0,9;20;heart_2classes;6;1;edgebetweenness;14,803205000000162;297,0;13,0;2,0
542;0,5481171548117155;0,35405405405405405;PhyDL;0,9;20;heart_2classes;6;1;edgebetweenness;14,803162399999565;297,0;13,0;3,0
543;0,5481171548117155;0,35405405405405405;PhyDL;0,9;20;heart_2classes;6;1;edgebetweenness;14,803177300000243;297,0;13,0;4,0
544;0,5481171548117155;0,35405405405405405;PhyDL;0,9;20;heart_2classes;6;1;edgebetweenness;14,80317720000312;297,0;13,0;5,0
545;0,5481171548117155;0,35405405405405405;PhyDL;0,9;20;heart_2classes;6;1;edgebetweenness;14,80315150000024;297,0;13,0;6,0
546;0,5481171548117155;0,35405405405405405;PhyDL;0,9;20;heart_2classes;6;1;edgebetweenness;14,803178100002697;297,0;13,0;7,0
547;0,5481171548117155;0,35405405405405405;PhyDL;0,9;20;heart_2classes;6;1;edgebetweenness;14,803223399998387;297,0;13,0;8,0
548;0,5481171548117155;0,35405405405405405;PhyDL;0,9;20;heart_2classes;6;1;edgebetweenness;14,803152700002101;297,0;13,0;9,0
549;0,5481171548117155;0,35405405405405405;PhyDL;0,9;20;heart_2classes;6;1;edgebetweenness;14,803207900000416;297,0;13,0;10,0
550;0,5481171548117155;0,35405405405405405;PhyDL;0,9;20;heart_2classes;6;1;edgebetweenness;14,803152500000579;297,0;13,0;11,0
551;0,5481171548117155;0,35405405405405405;PhyDL;0,9;20;heart_2classes;6;1;edgebetweenness;14,803169600003457;297,0;13,0;12,0
552;0,5481171548117155;0,35405405405405405;PhyDL;0,9;20;heart_2classes;6;1;edgebetweenness;14,80315430000337;297,0;13,0;13,0
553;0,5481171548117155;0,35405405405405405;PhyDL;0,9;20;heart_2classes;6;1;edgebetweenness;14,803158299997449;297,0;13,0;14,0
554;0,5481171548117155;0,35405405405405405;PhyDL;0,9;20;heart_2classes;6;1;edgebetweenness;14,803152500000579;297,0;13,0;15,0
555;0,5481171548117155;0,35405405405405405;PhyDL;0,9;20;heart_2classes;6;1;edgebetweenness;14,803183100000751;297,0;13,0;16,0
556;0,5481171548117155;0,35405405405405405;PhyDL;0,9;20;heart_2classes;6;1;edgebetweenness;14,803197099998215;297,0;13,0;17,0
557;0,5481171548117155;0,35405405405405405;PhyDL;0,9;20;heart_2classes;6;1;edgebetweenness;14,80318189999889;297,0;13,0;18,0
558;0,5481171548117155;0,35405405405405405;PhyDL;0,9;20;heart_2classes;6;1;edgebetweenness;14,803205799998977;297,0;13,0;19,0
559;0,5481171548117155;0,35405405405405405;PhyDL;0,9;20;heart_2classes;6;1;edgebetweenness;14,803149800001847;297,0;13,0;20,0
560;0,5481171548117155;0,35405405405405405;PhyDL;0,9;20;heart_2classes;6;1;edgebetweenness;14,8032060000005;297,0;13,0;21,0
561;0,5481171548117155;0,35405405405405405;PhyDL;0,9;20;heart_2classes;6;1;edgebetweenness;14,80319039999813;297,0;13,0;22,0
562;0,5481171548117155;0,35405405405405405;PhyDL;0,9;20;heart_2classes;6;1;edgebetweenness;14,803157900001679;297,0;13,0;23,0
563;0,5481171548117155;0,35405405405405405;PhyDL;0,9;20;heart_2classes;6;1;edgebetweenness;14,803213099999994;297,0;13,0;24,0
564;0,5481171548117155;0,35405405405405405;PhyDL;0,9;20;heart_2classes;6;1;edgebetweenness;14,803149100000155;297,0;13,0;25,0
565;0,5481171548117155;0,35405405405405405;PhyDL;0,9;20;heart_2classes;6;1;edgebetweenness;14,803177800000412;297,0;13,0;26,0
566;0,5481171548117155;0,35405405405405405;PhyDL;0,9;20;heart_2classes;6;1;edgebetweenness;14,803197399996861;297,0;13,0;27,0
567;0,5481171548117155;0,35405405405405405;PhyDL;0,9;20;heart_2classes;6;1;edgebetweenness;14,80321780000304;297,0;13,0;28,0
568;0,5481171548117155;0,35405405405405405;PhyDL;0,9;20;heart_2classes;6;1;edgebetweenness;14,803165499997704;297,0;13,0;29,0
569;0,5481171548117155;0,35405405405405405;PhyDL;0,9;20;heart_2classes;6;1;edgebetweenness;14,803207500001008;297,0;13,0;30,0
570;0,7196652719665272;0,6842925021194377;LLGC;0,9;20;heart_2classes;6;1;edgebetweenness;0,0437666999969224;297,0;13,0;1,0
571;0,7824267782426778;0,7672659176029962;LLGC;0,9;20;heart_2classes;6;1;edgebetweenness;0,08434930000294116;297,0;13,0;2,0
572;0,8075313807531381;0,7941198501872659;LLGC;0,9;20;heart_2classes;6;1;edgebetweenness;0,0456451999998535;297,0;13,0;3,0
573;0,698744769874477;0,6476658476658477;LLGC;0,9;20;heart_2classes;6;1;edgebetweenness;0,04963000000134343;297,0;13,0;4,0
574;0,7071129707112971;0,6623748789150792;LLGC;0,9;20;heart_2classes;6;1;edgebetweenness;0,07312159999855794;297,0;13,0;5,0
575;0,698744769874477;0,6527284468840814;LLGC;0,9;20;heart_2classes;6;1;edgebetweenness;0,044444500003010035;297,0;13,0;6,0
576;0,8326359832635983;0,8293832095945174;LLGC;0,9;20;heart_2classes;6;1;edgebetweenness;0,09111399999892456;297,0;13,0;7,0
577;0,8200836820083682;0,8179289573921517;LLGC;0,9;20;heart_2classes;6;1;edgebetweenness;0,04465809999965131;297,0;13,0;8,0
578;0,799163179916318;0,7917816175402933;LLGC;0,9;20;heart_2classes;6;1;edgebetweenness;0,04591769999751705;297,0;13,0;9,0
579;0,7196652719665272;0,6779688285570639;LLGC;0,9;20;heart_2classes;6;1;edgebetweenness;0,06372120000014547;297,0;13,0;10,0
580;0,803347280334728;0,7910411667317745;LLGC;0,9;20;heart_2classes;6;1;edgebetweenness;0,08742440000060014;297,0;13,0;11,0
581;0,8410041841004184;0,8382834757834758;LLGC;0,9;20;heart_2classes;6;1;edgebetweenness;0,057700699999259086;297,0;13,0;12,0
582;0,8117154811715481;0,8087013749310756;LLGC;0,9;20;heart_2classes;6;1;edgebetweenness;0,062438400000246475;297,0;13,0;13,0
583;0,7949790794979079;0,7863618950325628;LLGC;0,9;20;heart_2classes;6;1;edgebetweenness;0,057920999999623746;297,0;13,0;14,0
584;0,8200836820083682;0,813162439778202;LLGC;0,9;20;heart_2classes;6;1;edgebetweenness;0,09550020000096993;297,0;13,0;15,0
585;0,7949790794979079;0,7830693711216079;LLGC;0,9;20;heart_2classes;6;1;edgebetweenness;0,05133410000053118;297,0;13,0;16,0
586;0,7489539748953975;0,7261268143621085;LLGC;0,9;20;heart_2classes;6;1;edgebetweenness;0,06741730000067037;297,0;13,0;17,0
587;0,8158995815899581;0,8097409176436532;LLGC;0,9;20;heart_2classes;6;1;edgebetweenness;0,06675949999771547;297,0;13,0;18,0
588;0,7740585774058577;0,7535141329258976;LLGC;0,9;20;heart_2classes;6;1;edgebetweenness;0,052895799999532755;297,0;13,0;19,0
589;0,7866108786610879;0,7712145954164086;LLGC;0,9;20;heart_2classes;6;1;edgebetweenness;0,03634030000102939;297,0;13,0;20,0
590;0,7280334728033473;0,6875816993464052;LLGC;0,9;20;heart_2classes;6;1;edgebetweenness;0,04686840000067605;297,0;13,0;21,0
591;0,7615062761506276;0,7377014459826328;LLGC;0,9;20;heart_2classes;6;1;edgebetweenness;0,04534870000134106;297,0;13,0;22,0
592;0,803347280334728;0,7910411667317745;LLGC;0,9;20;heart_2classes;6;1;edgebetweenness;0,044981900002312614;297,0;13,0;23,0
593;0,8368200836820083;0,8321175771329767;LLGC;0,9;20;heart_2classes;6;1;edgebetweenness;0,03459839999777614;297,0;13,0;24,0
594;0,7656903765690377;0,743010752688172;LLGC;0,9;20;heart_2classes;6;1;edgebetweenness;0,048013100000389386;297,0;13,0;25,0
595;0,7531380753138075;0,7313941749052326;LLGC;0,9;20;heart_2classes;6;1;edgebetweenness;0,06988249999994878;297,0;13,0;26,0
596;0,8326359832635983;0,8297720797720798;LLGC;0,9;20;heart_2classes;6;1;edgebetweenness;0,051698400002351264;297,0;13,0;27,0
597;0,7656903765690377;0,7443850267379679;LLGC;0,9;20;heart_2classes;6;1;edgebetweenness;0,08402949999799603;297,0;13,0;28,0
598;0,7154811715481172;0,6720213109460769;LLGC;0,9;20;heart_2classes;6;1;edgebetweenness;0,03690460000143503;297,0;13,0;29,0
599;0,8368200836820083;0,8330317957904165;LLGC;0,9;20;heart_2classes;6;1;edgebetweenness;0,05024790000243229;297,0;13,0;30,0
600;0,4337606837606838;0,3025335320417288;PhyDL;0,9;2;musk;6;1;edgebetweenness;63,765053300001455;476,0;166,0;1,0
601;0,4337606837606838;0,3025335320417288;PhyDL;0,9;2;musk;6;1;edgebetweenness;63,764958699997806;476,0;166,0;2,0
602;0,4337606837606838;0,3025335320417288;PhyDL;0,9;2;musk;6;1;edgebetweenness;63,76497490000111;476,0;166,0;3,0
603;0,4337606837606838;0,3025335320417288;PhyDL;0,9;2;musk;6;1;edgebetweenness;63,76495520000026;476,0;166,0;4,0
604;0,4337606837606838;0,3025335320417288;PhyDL;0,9;2;musk;6;1;edgebetweenness;63,76501100000314;476,0;166,0;5,0
605;0,4337606837606838;0,3025335320417288;PhyDL;0,9;2;musk;6;1;edgebetweenness;63,76501609999832;476,0;166,0;6,0
606;0,4337606837606838;0,3025335320417288;PhyDL;0,9;2;musk;6;1;edgebetweenness;63,764961900000344;476,0;166,0;7,0
607;0,4337606837606838;0,3025335320417288;PhyDL;0,9;2;musk;6;1;edgebetweenness;63,7649550999995;476,0;166,0;8,0
608;0,4337606837606838;0,3025335320417288;PhyDL;0,9;2;musk;6;1;edgebetweenness;63,76496009999755;476,0;166,0;9,0
609;0,4337606837606838;0,3025335320417288;PhyDL;0,9;2;musk;6;1;edgebetweenness;63,76503149999917;476,0;166,0;10,0
610;0,4337606837606838;0,3025335320417288;PhyDL;0,9;2;musk;6;1;edgebetweenness;63,76512899999943;476,0;166,0;11,0
611;0,4337606837606838;0,3025335320417288;PhyDL;0,9;2;musk;6;1;edgebetweenness;63,76505840000027;476,0;166,0;12,0
612;0,4337606837606838;0,3025335320417288;PhyDL;0,9;2;musk;6;1;edgebetweenness;63,765018499998405;476,0;166,0;13,0
613;0,4337606837606838;0,3025335320417288;PhyDL;0,9;2;musk;6;1;edgebetweenness;63,76496469999984;476,0;166,0;14,0
614;0,5662393162393162;0,3615279672578445;PhyDL;0,9;2;musk;6;1;edgebetweenness;63,76495689999865;476,0;166,0;15,0
615;0,4337606837606838;0,3025335320417288;PhyDL;0,9;2;musk;6;1;edgebetweenness;63,76495729999806;476,0;166,0;16,0
616;0,4337606837606838;0,3025335320417288;PhyDL;0,9;2;musk;6;1;edgebetweenness;63,76501139999891;476,0;166,0;17,0
617;0,4337606837606838;0,3025335320417288;PhyDL;0,9;2;musk;6;1;edgebetweenness;63,76495269999941;476,0;166,0;18,0
618;0,4337606837606838;0,3025335320417288;PhyDL;0,9;2;musk;6;1;edgebetweenness;63,764959699998144;476,0;166,0;19,0
619;0,4337606837606838;0,3025335320417288;PhyDL;0,9;2;musk;6;1;edgebetweenness;63,76494670000102;476,0;166,0;20,0
620;0,4337606837606838;0,3025335320417288;PhyDL;0,9;2;musk;6;1;edgebetweenness;63,764940000000934;476,0;166,0;21,0
621;0,4337606837606838;0,3025335320417288;PhyDL;0,9;2;musk;6;1;edgebetweenness;63,76501999999891;476,0;166,0;22,0
622;0,4337606837606838;0,3025335320417288;PhyDL;0,9;2;musk;6;1;edgebetweenness;63,76501980000103;476,0;166,0;23,0
623;0,4337606837606838;0,3025335320417288;PhyDL;0,9;2;musk;6;1;edgebetweenness;63,76500830000077;476,0;166,0;24,0
624;0,4337606837606838;0,3025335320417288;PhyDL;0,9;2;musk;6;1;edgebetweenness;63,764944300000934;476,0;166,0;25,0
625;0,4337606837606838;0,3025335320417288;PhyDL;0,9;2;musk;6;1;edgebetweenness;63,76497970000128;476,0;166,0;26,0
626;0,4337606837606838;0,3025335320417288;PhyDL;0,9;2;musk;6;1;edgebetweenness;63,76497390000077;476,0;166,0;27,0
627;0,5662393162393162;0,3615279672578445;PhyDL;0,9;2;musk;6;1;edgebetweenness;63,7650100000028;476,0;166,0;28,0
628;0,4337606837606838;0,3025335320417288;PhyDL;0,9;2;musk;6;1;edgebetweenness;63,76502370000162;476,0;166,0;29,0
629;0,4337606837606838;0,3025335320417288;PhyDL;0,9;2;musk;6;1;edgebetweenness;63,7649980999995;476,0;166,0;30,0
630;0,44017094017094016;0,3150862454196085;LLGC;0,9;2;musk;6;1;edgebetweenness;0,6410461999985273;476,0;166,0;1,0
631;0,43803418803418803;0,31092860381921705;LLGC;0,9;2;musk;6;1;edgebetweenness;0,5503699000000779;476,0;166,0;2,0
632;0,4337606837606838;0,3025335320417288;LLGC;0,9;2;musk;6;1;edgebetweenness;0,5899625999991258;476,0;166,0;3,0
633;0,4358974358974359;0,30674447312310626;LLGC;0,9;2;musk;6;1;edgebetweenness;0,2804190999995626;476,0;166,0;4,0
634;0,4807692307692308;0,43949333399048773;LLGC;0,9;2;musk;6;1;edgebetweenness;0,43055680000179564;476,0;166,0;5,0
635;0,49145299145299143;0,47192353643966545;LLGC;0,9;2;musk;6;1;edgebetweenness;0,40490739999950165;476,0;166,0;6,0
636;0,43803418803418803;0,31092860381921705;LLGC;0,9;2;musk;6;1;edgebetweenness;0,32137459999648854;476,0;166,0;7,0
637;0,4337606837606838;0,3025335320417288;LLGC;0,9;2;musk;6;1;edgebetweenness;0,3245601999988139;476,0;166,0;8,0
638;0,47649572649572647;0,3913980435140314;LLGC;0,9;2;musk;6;1;edgebetweenness;0,5006103000014264;476,0;166,0;9,0
639;0,43803418803418803;0,31092860381921705;LLGC;0,9;2;musk;6;1;edgebetweenness;0,5385248999991745;476,0;166,0;10,0
640;0,4358974358974359;0,3098578961480025;LLGC;0,9;2;musk;6;1;edgebetweenness;0,2602402999982587;476,0;166,0;11,0
641;0,4465811965811966;0,32740337929695085;LLGC;0,9;2;musk;6;1;edgebetweenness;1,5430908999987878;476,0;166,0;12,0
642;0,44871794871794873;0,33145818568391217;LLGC;0,9;2;musk;6;1;edgebetweenness;1,0424058999997214;476,0;166,0;13,0
643;0,48717948717948717;0,47093735280263777;LLGC;0,9;2;musk;6;1;edgebetweenness;0,9742091999978584;476,0;166,0;14,0
644;0,5299145299145299;0,5134859281380536;LLGC;0,9;2;musk;6;1;edgebetweenness;0,26727309999841964;476,0;166,0;15,0
645;0,4465811965811966;0,32740337929695085;LLGC;0,9;2;musk;6;1;edgebetweenness;0,24569510000219452;476,0;166,0;16,0
646;0,4337606837606838;0,3025335320417288;LLGC;0,9;2;musk;6;1;edgebetweenness;0,2519871000004059;476,0;166,0;17,0
647;0,47649572649572647;0,38678917334730967;LLGC;0,9;2;musk;6;1;edgebetweenness;0,2855560999996669;476,0;166,0;18,0
648;0,4337606837606838;0,3025335320417288;LLGC;0,9;2;musk;6;1;edgebetweenness;0,2534190000005765;476,0;166,0;19,0
649;0,5021367521367521;0,4890135380203281;LLGC;0,9;2;musk;6;1;edgebetweenness;0,286878799997794;476,0;166,0;20,0
650;0,44017094017094016;0,3150862454196085;LLGC;0,9;2;musk;6;1;edgebetweenness;0,3350546999972721;476,0;166,0;21,0
651;0,5790598290598291;0,5697063888772209;LLGC;0,9;2;musk;6;1;edgebetweenness;0,3413552999991225;476,0;166,0;22,0
652;0,5790598290598291;0,578503668823005;LLGC;0,9;2;musk;6;1;edgebetweenness;0,30153360000258544;476,0;166,0;23,0
653;0,47649572649572647;0,4686131386861314;LLGC;0,9;2;musk;6;1;edgebetweenness;0,3420803999979398;476,0;166,0;24,0
654;0,5149572649572649;0,4992056944870012;LLGC;0,9;2;musk;6;1;edgebetweenness;0,38525899999876856;476,0;166,0;25,0
655;0,43803418803418803;0,31092860381921705;LLGC;0,9;2;musk;6;1;edgebetweenness;0,6755694999992556;476,0;166,0;26,0
656;0,49572649572649574;0,48206782713085233;LLGC;0,9;2;musk;6;1;edgebetweenness;0,48864920000050915;476,0;166,0;27,0
657;0,45085470085470086;0,4168577731448935;LLGC;0,9;2;musk;6;1;edgebetweenness;0,26402279999820166;476,0;166,0;28,0
658;0,4358974358974359;0,30674447312310626;LLGC;0,9;2;musk;6;1;edgebetweenness;0,28904920000059064;476,0;166,0;29,0
659;0,5149572649572649;0,5007307914636038;LLGC;0,9;2;musk;6;1;edgebetweenness;0,49505970000245725;476,0;166,0;30,0
660;0,43231441048034935;0,3018292682926829;PhyDL;0,9;4;musk;6;1;edgebetweenness;63,765043599996716;476,0;166,0;1,0
661;0,43231441048034935;0,3018292682926829;PhyDL;0,9;4;musk;6;1;edgebetweenness;63,76500120000128;476,0;166,0;2,0
662;0,43231441048034935;0,3018292682926829;PhyDL;0,9;4;musk;6;1;edgebetweenness;63,76495879999857;476,0;166,0;3,0
663;0,5676855895196506;0,362116991643454;PhyDL;0,9;4;musk;6;1;edgebetweenness;63,76498179999908;476,0;166,0;4,0
664;0,43231441048034935;0,3018292682926829;PhyDL;0,9;4;musk;6;1;edgebetweenness;63,764994600001955;476,0;166,0;5,0
665;0,43231441048034935;0,3018292682926829;PhyDL;0,9;4;musk;6;1;edgebetweenness;63,76502800000162;476,0;166,0;6,0
666;0,43231441048034935;0,3018292682926829;PhyDL;0,9;4;musk;6;1;edgebetweenness;63,76495789999899;476,0;166,0;7,0
667;0,43231441048034935;0,3018292682926829;PhyDL;0,9;4;musk;6;1;edgebetweenness;63,764997800000856;476,0;166,0;8,0
668;0,43231441048034935;0,3018292682926829;PhyDL;0,9;4;musk;6;1;edgebetweenness;63,76493499999924;476,0;166,0;9,0
669;0,43231441048034935;0,3018292682926829;PhyDL;0,9;4;musk;6;1;edgebetweenness;63,76495900000009;476,0;166,0;10,0
670;0,43231441048034935;0,3018292682926829;PhyDL;0,9;4;musk;6;1;edgebetweenness;63,76502729999993;476,0;166,0;11,0
671;0,43231441048034935;0,3018292682926829;PhyDL;0,9;4;musk;6;1;edgebetweenness;63,76500110000052;476,0;166,0;12,0
672;0,43231441048034935;0,3018292682926829;PhyDL;0,9;4;musk;6;1;edgebetweenness;63,76501370000187;476,0;166,0;13,0
673;0,43231441048034935;0,3018292682926829;PhyDL;0,9;4;musk;6;1;edgebetweenness;63,76498150000043;476,0;166,0;14,0
674;0,43231441048034935;0,3018292682926829;PhyDL;0,9;4;musk;6;1;edgebetweenness;63,76499390000026;476,0;166,0;15,0
675;0,5676855895196506;0,362116991643454;PhyDL;0,9;4;musk;6;1;edgebetweenness;63,76495090000026;476,0;166,0;16,0
676;0,43231441048034935;0,3018292682926829;PhyDL;0,9;4;musk;6;1;edgebetweenness;63,7650973000018;476,0;166,0;17,0
677;0,43231441048034935;0,3018292682926829;PhyDL;0,9;4;musk;6;1;edgebetweenness;63,76496010000119;476,0;166,0;18,0
678;0,43231441048034935;0,3018292682926829;PhyDL;0,9;4;musk;6;1;edgebetweenness;63,76499409999815;476,0;166,0;19,0
679;0,5676855895196506;0,362116991643454;PhyDL;0,9;4;musk;6;1;edgebetweenness;63,76493439999831;476,0;166,0;20,0
680;0,43231441048034935;0,3018292682926829;PhyDL;0,9;4;musk;6;1;edgebetweenness;63,7649437;476,0;166,0;21,0
681;0,43231441048034935;0,3018292682926829;PhyDL;0,9;4;musk;6;1;edgebetweenness;63,76501130000179;476,0;166,0;22,0
682;0,43231441048034935;0,3018292682926829;PhyDL;0,9;4;musk;6;1;edgebetweenness;63,76493929999924;476,0;166,0;23,0
683;0,43231441048034935;0,3018292682926829;PhyDL;0,9;4;musk;6;1;edgebetweenness;63,765069799999765;476,0;166,0;24,0
684;0,43231441048034935;0,3018292682926829;PhyDL;0,9;4;musk;6;1;edgebetweenness;63,76493469999696;476,0;166,0;25,0
685;0,43231441048034935;0,3018292682926829;PhyDL;0,9;4;musk;6;1;edgebetweenness;63,76495690000229;476,0;166,0;26,0
686;0,43231441048034935;0,3018292682926829;PhyDL;0,9;4;musk;6;1;edgebetweenness;63,76493610000034;476,0;166,0;27,0
687;0,43231441048034935;0,3018292682926829;PhyDL;0,9;4;musk;6;1;edgebetweenness;63,76497029999882;476,0;166,0;28,0
688;0,43231441048034935;0,3018292682926829;PhyDL;0,9;4;musk;6;1;edgebetweenness;63,76499829999739;476,0;166,0;29,0
689;0,43231441048034935;0,3018292682926829;PhyDL;0,9;4;musk;6;1;edgebetweenness;63,765030800001114;476,0;166,0;30,0
690;0,43231441048034935;0,3018292682926829;LLGC;0,9;4;musk;6;1;edgebetweenness;0,2989363999986381;476,0;166,0;1,0
691;0,4978165938864629;0,4922394678492239;LLGC;0,9;4;musk;6;1;edgebetweenness;0,46495040000081644;476,0;166,0;2,0
692;0,43231441048034935;0,3018292682926829;LLGC;0,9;4;musk;6;1;edgebetweenness;0,3826311999982863;476,0;166,0;3,0
693;0,5087336244541485;0,4951969001513674;LLGC;0,9;4;musk;6;1;edgebetweenness;0,3418836000018928;476,0;166,0;4,0
694;0,5043668122270742;0,5043644494024209;LLGC;0,9;4;musk;6;1;edgebetweenness;0,24715589999686927;476,0;166,0;5,0
695;0,43231441048034935;0,3018292682926829;LLGC;0,9;4;musk;6;1;edgebetweenness;0,4248003000029712;476,0;166,0;6,0
696;0,4868995633187773;0,40150693691439376;LLGC;0,9;4;musk;6;1;edgebetweenness;0,4744357999989006;476,0;166,0;7,0
697;0,4344978165938865;0,3061214939603989;LLGC;0,9;4;musk;6;1;edgebetweenness;0,28113070000108564;476,0;166,0;8,0
698;0,44541484716157204;0,33867703572321894;LLGC;0,9;4;musk;6;1;edgebetweenness;0,23651340000287746;476,0;166,0;9,0
699;0,4432314410480349;0,3230153899660899;LLGC;0,9;4;musk;6;1;edgebetweenness;0,23290649999762536;476,0;166,0;10,0
700;0,44759825327510916;0,33130197422713137;LLGC;0,9;4;musk;6;1;edgebetweenness;0,23386699999900884;476,0;166,0;11,0
701;0,4344978165938865;0,3061214939603989;LLGC;0,9;4;musk;6;1;edgebetweenness;0,26877370000147494;476,0;166,0;12,0
702;0,4432314410480349;0,3230153899660899;LLGC;0,9;4;musk;6;1;edgebetweenness;0,42182229999889387;476,0;166,0;13,0
703;0,4388646288209607;0,3146227705995726;LLGC;0,9;4;musk;6;1;edgebetweenness;0,2617102000003797;476,0;166,0;14,0
704;0,43231441048034935;0,3018292682926829;LLGC;0,9;4;musk;6;1;edgebetweenness;0,22815619999892078;476,0;166,0;15,0
705;0,4759825327510917;0,458628841607565;LLGC;0,9;4;musk;6;1;edgebetweenness;0,2302004000011948;476,0;166,0;16,0
706;0,4366812227074236;0,3103858813642412;LLGC;0,9;4;musk;6;1;edgebetweenness;0,24871210000128485;476,0;166,0;17,0
707;0,4388646288209607;0,3146227705995726;LLGC;0,9;4;musk;6;1;edgebetweenness;0,23572199999762233;476,0;166,0;18,0
708;0,4585152838427948;0,3515710632078919;LLGC;0,9;4;musk;6;1;edgebetweenness;0,2672327000000223;476,0;166,0;19,0
709;0,5021834061135371;0,48956887281259165;LLGC;0,9;4;musk;6;1;edgebetweenness;0,23704179999913322;476,0;166,0;20,0
710;0,4497816593886463;0,3438843031584692;LLGC;0,9;4;musk;6;1;edgebetweenness;0,2398806000019249;476,0;166,0;21,0
711;0,43231441048034935;0,3018292682926829;LLGC;0,9;4;musk;6;1;edgebetweenness;0,2402963999993517;476,0;166,0;22,0
712;0,4344978165938865;0,3061214939603989;LLGC;0,9;4;musk;6;1;edgebetweenness;0,2688678999984404;476,0;166,0;23,0
713;0,4366812227074236;0,3103858813642412;LLGC;0,9;4;musk;6;1;edgebetweenness;0,22632850000081817;476,0;166,0;24,0
714;0,43231441048034935;0,3018292682926829;LLGC;0,9;4;musk;6;1;edgebetweenness;0,24496450000151526;476,0;166,0;25,0
715;0,4672489082969432;0,37494686444280373;LLGC;0,9;4;musk;6;1;edgebetweenness;0,24648700000034296;476,0;166,0;26,0
716;0,43231441048034935;0,3018292682926829;LLGC;0,9;4;musk;6;1;edgebetweenness;0,2243626999988919;476,0;166,0;27,0
717;0,4497816593886463;0,3438843031584692;LLGC;0,9;4;musk;6;1;edgebetweenness;0,25734010000087437;476,0;166,0;28,0
718;0,4366812227074236;0,3103858813642412;LLGC;0,9;4;musk;6;1;edgebetweenness;0,26369890000205487;476,0;166,0;29,0
719;0,462882096069869;0,38821919593405874;LLGC;0,9;4;musk;6;1;edgebetweenness;0,24220430000059423;476,0;166,0;30,0
720;0,5691964285714286;0,3627311522048364;PhyDL;0,9;6;musk;6;1;edgebetweenness;63,76496019999831;476,0;166,0;1,0
721;0,43080357142857145;0,30109204368174725;PhyDL;0,9;6;musk;6;1;edgebetweenness;63,76493720000144;476,0;166,0;2,0
722;0,43080357142857145;0,30109204368174725;PhyDL;0,9;6;musk;6;1;edgebetweenness;63,765018999998574;476,0;166,0;3,0
723;0,43080357142857145;0,30109204368174725;PhyDL;0,9;6;musk;6;1;edgebetweenness;63,7649507999995;476,0;166,0;4,0
724;0,43080357142857145;0,30109204368174725;PhyDL;0,9;6;musk;6;1;edgebetweenness;63,76496330000009;476,0;166,0;5,0
725;0,43080357142857145;0,30109204368174725;PhyDL;0,9;6;musk;6;1;edgebetweenness;63,764937899999495;476,0;166,0;6,0
726;0,43080357142857145;0,30109204368174725;PhyDL;0,9;6;musk;6;1;edgebetweenness;63,76498229999925;476,0;166,0;7,0
727;0,43080357142857145;0,30109204368174725;PhyDL;0,9;6;musk;6;1;edgebetweenness;63,76500060000035;476,0;166,0;8,0
728;0,43080357142857145;0,30109204368174725;PhyDL;0,9;6;musk;6;1;edgebetweenness;63,76496709999992;476,0;166,0;9,0
729;0,43080357142857145;0,30109204368174725;PhyDL;0,9;6;musk;6;1;edgebetweenness;63,76495430000068;476,0;166,0;10,0
730;0,43080357142857145;0,30109204368174725;PhyDL;0,9;6;musk;6;1;edgebetweenness;63,764961500000936;476,0;166,0;11,0
731;0,43080357142857145;0,30109204368174725;PhyDL;0,9;6;musk;6;1;edgebetweenness;63,765096600000106;476,0;166,0;12,0
732;0,43080357142857145;0,30109204368174725;PhyDL;0,9;6;musk;6;1;edgebetweenness;63,76505890000044;476,0;166,0;13,0
733;0,43080357142857145;0,30109204368174725;PhyDL;0,9;6;musk;6;1;edgebetweenness;63,76499970000077;476,0;166,0;14,0
734;0,43080357142857145;0,30109204368174725;PhyDL;0,9;6;musk;6;1;edgebetweenness;63,76504399999976;476,0;166,0;15,0
735;0,43080357142857145;0,30109204368174725;PhyDL;0,9;6;musk;6;1;edgebetweenness;63,76494190000085;476,0;166,0;16,0
736;0,43080357142857145;0,30109204368174725;PhyDL;0,9;6;musk;6;1;edgebetweenness;63,76501169999756;476,0;166,0;17,0
737;0,43080357142857145;0,30109204368174725;PhyDL;0,9;6;musk;6;1;edgebetweenness;63,76501619999908;476,0;166,0;18,0
738;0,43080357142857145;0,30109204368174725;PhyDL;0,9;6;musk;6;1;edgebetweenness;63,76506580000205;476,0;166,0;19,0
739;0,43080357142857145;0,30109204368174725;PhyDL;0,9;6;musk;6;1;edgebetweenness;63,76493269999992;476,0;166,0;20,0
740;0,43080357142857145;0,30109204368174725;PhyDL;0,9;6;musk;6;1;edgebetweenness;63,764936400002625;476,0;166,0;21,0
741;0,43080357142857145;0,30109204368174725;PhyDL;0,9;6;musk;6;1;edgebetweenness;63,76493390000178;476,0;166,0;22,0
742;0,43080357142857145;0,30109204368174725;PhyDL;0,9;6;musk;6;1;edgebetweenness;63,76496640000187;476,0;166,0;23,0
743;0,43080357142857145;0,30109204368174725;PhyDL;0,9;6;musk;6;1;edgebetweenness;63,76493689999916;476,0;166,0;24,0
744;0,43080357142857145;0,30109204368174725;PhyDL;0,9;6;musk;6;1;edgebetweenness;63,7649485999973;476,0;166,0;25,0
745;0,43080357142857145;0,30109204368174725;PhyDL;0,9;6;musk;6;1;edgebetweenness;63,7649317999967;476,0;166,0;26,0
746;0,43080357142857145;0,30109204368174725;PhyDL;0,9;6;musk;6;1;edgebetweenness;63,76493699999992;476,0;166,0;27,0
747;0,43080357142857145;0,30109204368174725;PhyDL;0,9;6;musk;6;1;edgebetweenness;63,76499540000077;476,0;166,0;28,0
748;0,43080357142857145;0,30109204368174725;PhyDL;0,9;6;musk;6;1;edgebetweenness;63,765024899999844;476,0;166,0;29,0
749;0,43080357142857145;0,30109204368174725;PhyDL;0,9;6;musk;6;1;edgebetweenness;63,76498410000204;476,0;166,0;30,0
750;0,5959821428571429;0,5307814715157828;LLGC;0,9;6;musk;6;1;edgebetweenness;0,21547909999935655;476,0;166,0;1,0
751;0,43080357142857145;0,30109204368174725;LLGC;0,9;6;musk;6;1;edgebetweenness;0,25872229999731644;476,0;166,0;2,0
752;0,48660714285714285;0,4378000872981231;LLGC;0,9;6;musk;6;1;edgebetweenness;0,3806545000006736;476,0;166,0;3,0
753;0,43080357142857145;0,30109204368174725;LLGC;0,9;6;musk;6;1;edgebetweenness;0,2772518999991007;476,0;166,0;4,0
754;0,43526785714285715;0,30981652996230735;LLGC;0,9;6;musk;6;1;edgebetweenness;0,5515243000008923;476,0;166,0;5,0
755;0,49330357142857145;0,42028126300428104;LLGC;0,9;6;musk;6;1;edgebetweenness;0,238811799998075;476,0;166,0;6,0
756;0,43080357142857145;0,30109204368174725;LLGC;0,9;6;musk;6;1;edgebetweenness;0,24514079999789828;476,0;166,0;7,0
757;0,47767857142857145;0,45362436675214207;LLGC;0,9;6;musk;6;1;edgebetweenness;0,26812690000224393;476,0;166,0;8,0
758;0,48660714285714285;0,4178136370827401;LLGC;0,9;6;musk;6;1;edgebetweenness;0,2589756000015768;476,0;166,0;9,0
759;0,4330357142857143;0,30546875;LLGC;0,9;6;musk;6;1;edgebetweenness;0,23767249999946216;476,0;166,0;10,0
760;0,43526785714285715;0,30981652996230735;LLGC;0,9;6;musk;6;1;edgebetweenness;0,25527169999986654;476,0;166,0;11,0
761;0,43080357142857145;0,30109204368174725;LLGC;0,9;6;musk;6;1;edgebetweenness;0,25939560000188067;476,0;166,0;12,0
762;0,43080357142857145;0,30109204368174725;LLGC;0,9;6;musk;6;1;edgebetweenness;0,398214699998789;476,0;166,0;13,0
763;0,43080357142857145;0,30109204368174725;LLGC;0,9;6;musk;6;1;edgebetweenness;0,4719366999997874;476,0;166,0;14,0
764;0,43526785714285715;0,30981652996230735;LLGC;0,9;6;musk;6;1;edgebetweenness;0,4556984000009834;476,0;166,0;15,0
765;0,53125;0,5243391914575202;LLGC;0,9;6;musk;6;1;edgebetweenness;0,24850570000126027;476,0;166,0;16,0
766;0,4330357142857143;0,30546875;LLGC;0,9;6;musk;6;1;edgebetweenness;0,23888649999935296;476,0;166,0;17,0
767;0,43080357142857145;0,30109204368174725;LLGC;0,9;6;musk;6;1;edgebetweenness;0,25007499999992433;476,0;166,0;18,0
768;0,43080357142857145;0,30109204368174725;LLGC;0,9;6;musk;6;1;edgebetweenness;0,32920799999919836;476,0;166,0;19,0
769;0,43080357142857145;0,30109204368174725;LLGC;0,9;6;musk;6;1;edgebetweenness;0,2426417999995465;476,0;166,0;20,0
770;0,46205357142857145;0,3776307218741173;LLGC;0,9;6;musk;6;1;edgebetweenness;0,24804890000086743;476,0;166,0;21,0
771;0,43080357142857145;0,30109204368174725;LLGC;0,9;6;musk;6;1;edgebetweenness;0,3431767000001855;476,0;166,0;22,0
772;0,43080357142857145;0,30109204368174725;LLGC;0,9;6;musk;6;1;edgebetweenness;0,2722847000004549;476,0;166,0;23,0
773;0,43080357142857145;0,30109204368174725;LLGC;0,9;6;musk;6;1;edgebetweenness;0,23780710000210092;476,0;166,0;24,0
774;0,4955357142857143;0,417472153180521;LLGC;0,9;6;musk;6;1;edgebetweenness;0,24718489999941085;476,0;166,0;25,0
775;0,4330357142857143;0,30546875;LLGC;0,9;6;musk;6;1;edgebetweenness;0,25835409999854164;476,0;166,0;26,0
776;0,43526785714285715;0,30981652996230735;LLGC;0,9;6;musk;6;1;edgebetweenness;0,26586930000121356;476,0;166,0;27,0
777;0,43080357142857145;0,30109204368174725;LLGC;0,9;6;musk;6;1;edgebetweenness;0,25004249999983585;476,0;166,0;28,0
778;0,43080357142857145;0,30109204368174725;LLGC;0,9;6;musk;6;1;edgebetweenness;0,7019749999999476;476,0;166,0;29,0
779;0,43526785714285715;0,30981652996230735;LLGC;0,9;6;musk;6;1;edgebetweenness;0,25460900000325637;476,0;166,0;30,0
780;0,4292237442922374;0,3003194888178914;PhyDL;0,9;8;musk;6;1;edgebetweenness;63,76499999999942;476,0;166,0;1,0
781;0,4292237442922374;0,3003194888178914;PhyDL;0,9;8;musk;6;1;edgebetweenness;63,76501239999925;476,0;166,0;2,0
782;0,4292237442922374;0,3003194888178914;PhyDL;0,9;8;musk;6;1;edgebetweenness;63,76493649999975;476,0;166,0;3,0
783;0,4292237442922374;0,3003194888178914;PhyDL;0,9;8;musk;6;1;edgebetweenness;63,76499440000043;476,0;166,0;4,0
784;0,4292237442922374;0,3003194888178914;PhyDL;0,9;8;musk;6;1;edgebetweenness;63,76497509999899;476,0;166,0;5,0
785;0,4292237442922374;0,3003194888178914;PhyDL;0,9;8;musk;6;1;edgebetweenness;63,76494939999975;476,0;166,0;6,0
786;0,4292237442922374;0,3003194888178914;PhyDL;0,9;8;musk;6;1;edgebetweenness;63,76496319999933;476,0;166,0;7,0
787;0,4292237442922374;0,3003194888178914;PhyDL;0,9;8;musk;6;1;edgebetweenness;63,76504189999832;476,0;166,0;8,0
788;0,4292237442922374;0,3003194888178914;PhyDL;0,9;8;musk;6;1;edgebetweenness;63,76493990000017;476,0;166,0;9,0
789;0,4292237442922374;0,3003194888178914;PhyDL;0,9;8;musk;6;1;edgebetweenness;63,76495359999899;476,0;166,0;10,0
790;0,4292237442922374;0,3003194888178914;PhyDL;0,9;8;musk;6;1;edgebetweenness;63,76497089999975;476,0;166,0;11,0
791;0,4292237442922374;0,3003194888178914;PhyDL;0,9;8;musk;6;1;edgebetweenness;63,765017500001704;476,0;166,0;12,0
792;0,4292237442922374;0,3003194888178914;PhyDL;0,9;8;musk;6;1;edgebetweenness;63,76498229999925;476,0;166,0;13,0
793;0,4292237442922374;0,3003194888178914;PhyDL;0,9;8;musk;6;1;edgebetweenness;63,7649992000006;476,0;166,0;14,0
794;0,4292237442922374;0,3003194888178914;PhyDL;0,9;8;musk;6;1;edgebetweenness;63,76499899999908;476,0;166,0;15,0
795;0,4292237442922374;0,3003194888178914;PhyDL;0,9;8;musk;6;1;edgebetweenness;63,76501020000069;476,0;166,0;16,0
796;0,4292237442922374;0,3003194888178914;PhyDL;0,9;8;musk;6;1;edgebetweenness;63,76501570000255;476,0;166,0;17,0
797;0,4292237442922374;0,3003194888178914;PhyDL;0,9;8;musk;6;1;edgebetweenness;63,76496330000009;476,0;166,0;18,0
798;0,4292237442922374;0,3003194888178914;PhyDL;0,9;8;musk;6;1;edgebetweenness;63,76494019999882;476,0;166,0;19,0
799;0,4292237442922374;0,3003194888178914;PhyDL;0,9;8;musk;6;1;edgebetweenness;63,764971000000514;476,0;166,0;20,0
800;0,4292237442922374;0,3003194888178914;PhyDL;0,9;8;musk;6;1;edgebetweenness;63,764957700001105;476,0;166,0;21,0
801;0,4292237442922374;0,3003194888178914;PhyDL;0,9;8;musk;6;1;edgebetweenness;63,76498670000001;476,0;166,0;22,0
802;0,4292237442922374;0,3003194888178914;PhyDL;0,9;8;musk;6;1;edgebetweenness;63,764962500001275;476,0;166,0;23,0
803;0,4292237442922374;0,3003194888178914;PhyDL;0,9;8;musk;6;1;edgebetweenness;63,764949599997635;476,0;166,0;24,0
804;0,4292237442922374;0,3003194888178914;PhyDL;0,9;8;musk;6;1;edgebetweenness;63,76501929999722;476,0;166,0;25,0
805;0,4292237442922374;0,3003194888178914;PhyDL;0,9;8;musk;6;1;edgebetweenness;63,7649573000017;476,0;166,0;26,0
806;0,4292237442922374;0,3003194888178914;PhyDL;0,9;8;musk;6;1;edgebetweenness;63,76499110000077;476,0;166,0;27,0
807;0,4292237442922374;0,3003194888178914;PhyDL;0,9;8;musk;6;1;edgebetweenness;63,76499879999756;476,0;166,0;28,0
808;0,4292237442922374;0,3003194888178914;PhyDL;0,9;8;musk;6;1;edgebetweenness;63,764969899999414;476,0;166,0;29,0
809;0,4292237442922374;0,3003194888178914;PhyDL;0,9;8;musk;6;1;edgebetweenness;63,76507270000002;476,0;166,0;30,0
810;0,4292237442922374;0,3003194888178914;LLGC;0,9;8;musk;6;1;edgebetweenness;0,8402956999998423;476,0;166,0;1,0
811;0,4292237442922374;0,3003194888178914;LLGC;0,9;8;musk;6;1;edgebetweenness;0,8128333000022394;476,0;166,0;2,0
812;0,4337899543378995;0,30921855921855923;LLGC;0,9;8;musk;6;1;edgebetweenness;0,25418549999812967;476,0;166,0;3,0
813;0,4657534246575342;0,36834709725132503;LLGC;0,9;8;musk;6;1;edgebetweenness;0,6815690000003087;476,0;166,0;4,0
814;0,4292237442922374;0,3003194888178914;LLGC;0,9;8;musk;6;1;edgebetweenness;0,2189881999984209;476,0;166,0;5,0
815;0,5319634703196348;0,5278261281111467;LLGC;0,9;8;musk;6;1;edgebetweenness;0,25948670000070706;476,0;166,0;6,0
816;0,4292237442922374;0,3003194888178914;LLGC;0,9;8;musk;6;1;edgebetweenness;0,6407929000015429;476,0;166,0;7,0
817;0,4292237442922374;0,3003194888178914;LLGC;0,9;8;musk;6;1;edgebetweenness;0,34104459999798564;476,0;166,0;8,0
818;0,4292237442922374;0,3003194888178914;LLGC;0,9;8;musk;6;1;edgebetweenness;0,29555319999781204;476,0;166,0;9,0
819;0,4292237442922374;0,3003194888178914;LLGC;0,9;8;musk;6;1;edgebetweenness;0,24660120000044117;476,0;166,0;10,0
820;0,4337899543378995;0,30921855921855923;LLGC;0,9;8;musk;6;1;edgebetweenness;0,2307978999997431;476,0;166,0;11,0
821;0,4292237442922374;0,3003194888178914;LLGC;0,9;8;musk;6;1;edgebetweenness;0,6666242000028433;476,0;166,0;12,0
822;0,4292237442922374;0,3003194888178914;LLGC;0,9;8;musk;6;1;edgebetweenness;0,2586908000012045;476,0;166,0;13,0
823;0,4292237442922374;0,3003194888178914;LLGC;0,9;8;musk;6;1;edgebetweenness;0,8653106000019761;476,0;166,0;14,0
824;0,4292237442922374;0,3003194888178914;LLGC;0,9;8;musk;6;1;edgebetweenness;0,7780568999987736;476,0;166,0;15,0
825;0,5136986301369864;0,4659239880240207;LLGC;0,9;8;musk;6;1;edgebetweenness;0,4993313999984821;476,0;166,0;16,0
826;0,4292237442922374;0,3003194888178914;LLGC;0,9;8;musk;6;1;edgebetweenness;0,8583582999999635;476,0;166,0;17,0
827;0,4292237442922374;0,3003194888178914;LLGC;0,9;8;musk;6;1;edgebetweenness;0,9038312000011501;476,0;166,0;18,0
828;0,4292237442922374;0,3003194888178914;LLGC;0,9;8;musk;6;1;edgebetweenness;0,25339789999998175;476,0;166,0;19,0
829;0,4315068493150685;0,30478406374501993;LLGC;0,9;8;musk;6;1;edgebetweenness;0,24569969999720342;476,0;166,0;20,0
830;0,4292237442922374;0,3003194888178914;LLGC;0,9;8;musk;6;1;edgebetweenness;0,23853369999778806;476,0;166,0;21,0
831;0,4657534246575342;0,38348451673443856;LLGC;0,9;8;musk;6;1;edgebetweenness;0,2182018000021344;476,0;166,0;22,0
832;0,4474885844748858;0,3467521262171823;LLGC;0,9;8;musk;6;1;edgebetweenness;0,22120929999800865;476,0;166,0;23,0
833;0,4292237442922374;0,3003194888178914;LLGC;0,9;8;musk;6;1;edgebetweenness;0,2477173999977822;476,0;166,0;24,0
834;0,4474885844748858;0,3521818848551522;LLGC;0,9;8;musk;6;1;edgebetweenness;0,42008480000004056;476,0;166,0;25,0
835;0,454337899543379;0,3478366507803009;LLGC;0,9;8;musk;6;1;edgebetweenness;0,24815269999817247;476,0;166,0;26,0
836;0,4292237442922374;0,3003194888178914;LLGC;0,9;8;musk;6;1;edgebetweenness;0,35430039999846485;476,0;166,0;27,0
837;0,4315068493150685;0,31443334611492113;LLGC;0,9;8;musk;6;1;edgebetweenness;0,5612952999981644;476,0;166,0;28,0
838;0,4292237442922374;0,3003194888178914;LLGC;0,9;8;musk;6;1;edgebetweenness;0,6066415999994206;476,0;166,0;29,0
839;0,4292237442922374;0,3003194888178914;LLGC;0,9;8;musk;6;1;edgebetweenness;0,2210612000017136;476,0;166,0;30,0
840;0,42790697674418604;0,2996742671009772;PhyDL;0,9;10;musk;6;1;edgebetweenness;63,76500709999891;476,0;166,0;1,0
841;0,42790697674418604;0,2996742671009772;PhyDL;0,9;10;musk;6;1;edgebetweenness;63,76499059999696;476,0;166,0;2,0
842;0,42790697674418604;0,2996742671009772;PhyDL;0,9;10;musk;6;1;edgebetweenness;63,7649668999984;476,0;166,0;3,0
843;0,42790697674418604;0,2996742671009772;PhyDL;0,9;10;musk;6;1;edgebetweenness;63,765002100000856;476,0;166,0;4,0
844;0,42790697674418604;0,2996742671009772;PhyDL;0,9;10;musk;6;1;edgebetweenness;63,764942800000426;476,0;166,0;5,0
845;0,42790697674418604;0,2996742671009772;PhyDL;0,9;10;musk;6;1;edgebetweenness;63,76492860000144;476,0;166,0;6,0
846;0,42790697674418604;0,2996742671009772;PhyDL;0,9;10;musk;6;1;edgebetweenness;63,764971100001276;476,0;166,0;7,0
847;0,42790697674418604;0,2996742671009772;PhyDL;0,9;10;musk;6;1;edgebetweenness;63,764990699997725;476,0;166,0;8,0
848;0,42790697674418604;0,2996742671009772;PhyDL;0,9;10;musk;6;1;edgebetweenness;63,76501520000238;476,0;166,0;9,0
849;0,42790697674418604;0,2996742671009772;PhyDL;0,9;10;musk;6;1;edgebetweenness;63,76496069999848;476,0;166,0;10,0
850;0,42790697674418604;0,2996742671009772;PhyDL;0,9;10;musk;6;1;edgebetweenness;63,76499070000136;476,0;166,0;11,0
851;0,42790697674418604;0,2996742671009772;PhyDL;0,9;10;musk;6;1;edgebetweenness;63,765015900000435;476,0;166,0;12,0
852;0,42790697674418604;0,2996742671009772;PhyDL;0,9;10;musk;6;1;edgebetweenness;63,764975800000684;476,0;166,0;13,0
853;0,42790697674418604;0,2996742671009772;PhyDL;0,9;10;musk;6;1;edgebetweenness;63,76494090000051;476,0;166,0;14,0
854;0,42790697674418604;0,2996742671009772;PhyDL;0,9;10;musk;6;1;edgebetweenness;63,76495900000009;476,0;166,0;15,0
855;0,42790697674418604;0,2996742671009772;PhyDL;0,9;10;musk;6;1;edgebetweenness;63,765083800000866;476,0;166,0;16,0
856;0,42790697674418604;0,2996742671009772;PhyDL;0,9;10;musk;6;1;edgebetweenness;63,764975400001276;476,0;166,0;17,0
857;0,42790697674418604;0,2996742671009772;PhyDL;0,9;10;musk;6;1;edgebetweenness;63,76501450000069;476,0;166,0;18,0
858;0,42790697674418604;0,2996742671009772;PhyDL;0,9;10;musk;6;1;edgebetweenness;63,76498559999891;476,0;166,0;19,0
859;0,42790697674418604;0,2996742671009772;PhyDL;0,9;10;musk;6;1;edgebetweenness;63,764958199997636;476,0;166,0;20,0
860;0,42790697674418604;0,2996742671009772;PhyDL;0,9;10;musk;6;1;edgebetweenness;63,76506470000095;476,0;166,0;21,0
861;0,42790697674418604;0,2996742671009772;PhyDL;0,9;10;musk;6;1;edgebetweenness;63,76499899999908;476,0;166,0;22,0
862;0,42790697674418604;0,2996742671009772;PhyDL;0,9;10;musk;6;1;edgebetweenness;63,76494239999738;476,0;166,0;23,0
863;0,42790697674418604;0,2996742671009772;PhyDL;0,9;10;musk;6;1;edgebetweenness;63,76494739999907;476,0;166,0;24,0
864;0,42790697674418604;0,2996742671009772;PhyDL;0,9;10;musk;6;1;edgebetweenness;63,76504299999942;476,0;166,0;25,0
865;0,42790697674418604;0,2996742671009772;PhyDL;0,9;10;musk;6;1;edgebetweenness;63,764989200000855;476,0;166,0;26,0
866;0,42790697674418604;0,2996742671009772;PhyDL;0,9;10;musk;6;1;edgebetweenness;63,76496290000068;476,0;166,0;27,0
867;0,42790697674418604;0,2996742671009772;PhyDL;0,9;10;musk;6;1;edgebetweenness;63,76496169999882;476,0;166,0;28,0
868;0,42790697674418604;0,2996742671009772;PhyDL;0,9;10;musk;6;1;edgebetweenness;63,76493979999941;476,0;166,0;29,0
869;0,42790697674418604;0,2996742671009772;PhyDL;0,9;10;musk;6;1;edgebetweenness;63,76500309999756;476,0;166,0;30,0
870;0,42790697674418604;0,2996742671009772;LLGC;0,9;10;musk;6;1;edgebetweenness;0,25659599999926286;476,0;166,0;1,0
871;0,43023255813953487;0,3042117151329824;LLGC;0,9;10;musk;6;1;edgebetweenness;0,30819119999796385;476,0;166,0;2,0
872;0,42790697674418604;0,2996742671009772;LLGC;0,9;10;musk;6;1;edgebetweenness;0,2719924000011815;476,0;166,0;3,0
873;0,5465116279069767;0,5322828057453632;LLGC;0,9;10;musk;6;1;edgebetweenness;0,23105070000019623;476,0;166,0;4,0
874;0,42790697674418604;0,2996742671009772;LLGC;0,9;10;musk;6;1;edgebetweenness;0,23755270000037854;476,0;166,0;5,0
875;0,43023255813953487;0,3042117151329824;LLGC;0,9;10;musk;6;1;edgebetweenness;0,2181215999989945;476,0;166,0;6,0
876;0,43023255813953487;0,3042117151329824;LLGC;0,9;10;musk;6;1;edgebetweenness;0,3004579999978887;476,0;166,0;7,0
877;0,42790697674418604;0,2996742671009772;LLGC;0,9;10;musk;6;1;edgebetweenness;0,23226749999957974;476,0;166,0;8,0
878;0,42790697674418604;0,2996742671009772;LLGC;0,9;10;musk;6;1;edgebetweenness;0,2787310999992769;476,0;166,0;9,0
879;0,43023255813953487;0,3042117151329824;LLGC;0,9;10;musk;6;1;edgebetweenness;0,3910643999988679;476,0;166,0;10,0
880;0,5116279069767442;0,47329740323370895;LLGC;0,9;10;musk;6;1;edgebetweenness;0,2516673999998602;476,0;166,0;11,0
881;0,42790697674418604;0,2996742671009772;LLGC;0,9;10;musk;6;1;edgebetweenness;0,321849400002975;476,0;166,0;12,0
882;0,42790697674418604;0,2996742671009772;LLGC;0,9;10;musk;6;1;edgebetweenness;0,23641530000168132;476,0;166,0;13,0
883;0,42790697674418604;0,2996742671009772;LLGC;0,9;10;musk;6;1;edgebetweenness;0,25206319999779225;476,0;166,0;14,0
884;0,43953488372093025;0,32519811683195393;LLGC;0,9;10;musk;6;1;edgebetweenness;0,25318119999792543;476,0;166,0;15,0
885;0,42790697674418604;0,2996742671009772;LLGC;0,9;10;musk;6;1;edgebetweenness;0,23927829999956884;476,0;166,0;16,0
886;0,42790697674418604;0,2996742671009772;LLGC;0,9;10;musk;6;1;edgebetweenness;0,28485409999848343;476,0;166,0;17,0
887;0,42790697674418604;0,2996742671009772;LLGC;0,9;10;musk;6;1;edgebetweenness;0,25180969999928493;476,0;166,0;18,0
888;0,43023255813953487;0,3042117151329824;LLGC;0,9;10;musk;6;1;edgebetweenness;0,27135570000245934;476,0;166,0;19,0
889;0,4325581395348837;0,30871811090027407;LLGC;0,9;10;musk;6;1;edgebetweenness;0,24638770000092336;476,0;166,0;20,0
890;0,42790697674418604;0,2996742671009772;LLGC;0,9;10;musk;6;1;edgebetweenness;0,33609900000010384;476,0;166,0;21,0
891;0,42790697674418604;0,2996742671009772;LLGC;0,9;10;musk;6;1;edgebetweenness;0,2513163999974495;476,0;166,0;22,0
892;0,42790697674418604;0,2996742671009772;LLGC;0,9;10;musk;6;1;edgebetweenness;0,24427300000024843;476,0;166,0;23,0
893;0,42790697674418604;0,2996742671009772;LLGC;0,9;10;musk;6;1;edgebetweenness;0,23815879999892786;476,0;166,0;24,0
894;0,45813953488372094;0,35634945618306685;LLGC;0,9;10;musk;6;1;edgebetweenness;0,32270079999943846;476,0;166,0;25,0
895;0,42790697674418604;0,2996742671009772;LLGC;0,9;10;musk;6;1;edgebetweenness;0,24976479999895673;476,0;166,0;26,0
896;0,46511627906976744;0,4056633254008317;LLGC;0,9;10;musk;6;1;edgebetweenness;0,22652100000050268;476,0;166,0;27,0
897;0,42790697674418604;0,2996742671009772;LLGC;0,9;10;musk;6;1;edgebetweenness;0,24951909999799682;476,0;166,0;28,0
898;0,42790697674418604;0,2996742671009772;LLGC;0,9;10;musk;6;1;edgebetweenness;0,26221110000187764;476,0;166,0;29,0
899;0,42790697674418604;0,2996742671009772;LLGC;0,9;10;musk;6;1;edgebetweenness;0,22938679999788292;476,0;166,0;30,0
900;0,4261904761904762;0,2988313856427379;PhyDL;0,9;12;musk;6;1;edgebetweenness;63,764953500001866;476,0;166,0;1,0
901;0,4261904761904762;0,2988313856427379;PhyDL;0,9;12;musk;6;1;edgebetweenness;63,764939600001526;476,0;166,0;2,0
902;0,4261904761904762;0,2988313856427379;PhyDL;0,9;12;musk;6;1;edgebetweenness;63,764967300001445;476,0;166,0;3,0
903;0,4261904761904762;0,2988313856427379;PhyDL;0,9;12;musk;6;1;edgebetweenness;63,765037799999845;476,0;166,0;4,0
904;0,4261904761904762;0,2988313856427379;PhyDL;0,9;12;musk;6;1;edgebetweenness;63,765025000000605;476,0;166,0;5,0
905;0,4261904761904762;0,2988313856427379;PhyDL;0,9;12;musk;6;1;edgebetweenness;63,76493369999662;476,0;166,0;6,0
906;0,4261904761904762;0,2988313856427379;PhyDL;0,9;12;musk;6;1;edgebetweenness;63,7650078000006;476,0;166,0;7,0
907;0,4261904761904762;0,2988313856427379;PhyDL;0,9;12;musk;6;1;edgebetweenness;63,76493130000017;476,0;166,0;8,0
908;0,4261904761904762;0,2988313856427379;PhyDL;0,9;12;musk;6;1;edgebetweenness;63,764996099998825;476,0;166,0;9,0
909;0,4261904761904762;0,2988313856427379;PhyDL;0,9;12;musk;6;1;edgebetweenness;63,7649668999984;476,0;166,0;10,0
910;0,4261904761904762;0,2988313856427379;PhyDL;0,9;12;musk;6;1;edgebetweenness;63,764966700000514;476,0;166,0;11,0
911;0,4261904761904762;0,2988313856427379;PhyDL;0,9;12;musk;6;1;edgebetweenness;63,764939500000764;476,0;166,0;12,0
912;0,4261904761904762;0,2988313856427379;PhyDL;0,9;12;musk;6;1;edgebetweenness;63,76500220000162;476,0;166,0;13,0
913;0,4261904761904762;0,2988313856427379;PhyDL;0,9;12;musk;6;1;edgebetweenness;63,76504330000171;476,0;166,0;14,0
914;0,4261904761904762;0,2988313856427379;PhyDL;0,9;12;musk;6;1;edgebetweenness;63,764975800000684;476,0;166,0;15,0
915;0,4261904761904762;0,2988313856427379;PhyDL;0,9;12;musk;6;1;edgebetweenness;63,76500270000179;476,0;166,0;16,0
916;0,4261904761904762;0,2988313856427379;PhyDL;0,9;12;musk;6;1;edgebetweenness;63,76494180000009;476,0;166,0;17,0
917;0,4261904761904762;0,2988313856427379;PhyDL;0,9;12;musk;6;1;edgebetweenness;63,76501559999815;476,0;166,0;18,0
918;0,4261904761904762;0,2988313856427379;PhyDL;0,9;12;musk;6;1;edgebetweenness;63,76496530000077;476,0;166,0;19,0
919;0,4261904761904762;0,2988313856427379;PhyDL;0,9;12;musk;6;1;edgebetweenness;63,76501260000077;476,0;166,0;20,0
920;0,4261904761904762;0,2988313856427379;PhyDL;0,9;12;musk;6;1;edgebetweenness;63,764945799997804;476,0;166,0;21,0
921;0,4261904761904762;0,2988313856427379;PhyDL;0,9;12;musk;6;1;edgebetweenness;63,76495330000034;476,0;166,0;22,0
922;0,4261904761904762;0,2988313856427379;PhyDL;0,9;12;musk;6;1;edgebetweenness;63,76498619999984;476,0;166,0;23,0
923;0,4261904761904762;0,2988313856427379;PhyDL;0,9;12;musk;6;1;edgebetweenness;63,764998800001194;476,0;166,0;24,0
924;0,4261904761904762;0,2988313856427379;PhyDL;0,9;12;musk;6;1;edgebetweenness;63,76500289999967;476,0;166,0;25,0
925;0,4261904761904762;0,2988313856427379;PhyDL;0,9;12;musk;6;1;edgebetweenness;63,765028599998914;476,0;166,0;26,0
926;0,4261904761904762;0,2988313856427379;PhyDL;0,9;12;musk;6;1;edgebetweenness;63,76497290000043;476,0;166,0;27,0
927;0,4261904761904762;0,2988313856427379;PhyDL;0,9;12;musk;6;1;edgebetweenness;63,76498579999679;476,0;166,0;28,0
928;0,4261904761904762;0,2988313856427379;PhyDL;0,9;12;musk;6;1;edgebetweenness;63,76493860000119;476,0;166,0;29,0
929;0,4261904761904762;0,2988313856427379;PhyDL;0,9;12;musk;6;1;edgebetweenness;63,76494670000102;476,0;166,0;30,0
930;0,4261904761904762;0,2988313856427379;LLGC;0,9;12;musk;6;1;edgebetweenness;0,26397870000073453;476,0;166,0;1,0
931;0,4261904761904762;0,2988313856427379;LLGC;0,9;12;musk;6;1;edgebetweenness;0,4049808999989182;476,0;166,0;2,0
932;0,4261904761904762;0,2988313856427379;LLGC;0,9;12;musk;6;1;edgebetweenness;0,2392093999987992;476,0;166,0;3,0
933;0,4261904761904762;0,2988313856427379;LLGC;0,9;12;musk;6;1;edgebetweenness;0,22558030000072904;476,0;166,0;4,0
934;0,4261904761904762;0,2988313856427379;LLGC;0,9;12;musk;6;1;edgebetweenness;0,23628060000191908;476,0;166,0;5,0
935;0,4261904761904762;0,2988313856427379;LLGC;0,9;12;musk;6;1;edgebetweenness;0,30135909999808064;476,0;166,0;6,0
936;0,4261904761904762;0,2988313856427379;LLGC;0,9;12;musk;6;1;edgebetweenness;0,24612530000013066;476,0;166,0;7,0
937;0,4261904761904762;0,2988313856427379;LLGC;0,9;12;musk;6;1;edgebetweenness;0,24329680000300868;476,0;166,0;8,0
938;0,42857142857142855;0,30346333508388845;LLGC;0,9;12;musk;6;1;edgebetweenness;0,24533449999944423;476,0;166,0;9,0
939;0,4261904761904762;0,2988313856427379;LLGC;0,9;12;musk;6;1;edgebetweenness;0,38413319999745;476,0;166,0;10,0
940;0,4261904761904762;0,2988313856427379;LLGC;0,9;12;musk;6;1;edgebetweenness;0,22981939999954193;476,0;166,0;11,0
941;0,4261904761904762;0,2988313856427379;LLGC;0,9;12;musk;6;1;edgebetweenness;0,2579836999975669;476,0;166,0;12,0
942;0,42857142857142855;0,30346333508388845;LLGC;0,9;12;musk;6;1;edgebetweenness;0,45183130000077654;476,0;166,0;13,0
943;0,44285714285714284;0,3426262842465753;LLGC;0,9;12;musk;6;1;edgebetweenness;0,24835389999861945;476,0;166,0;14,0
944;0,4261904761904762;0,2988313856427379;LLGC;0,9;12;musk;6;1;edgebetweenness;0,23172150000027614;476,0;166,0;15,0
945;0,42857142857142855;0,30346333508388845;LLGC;0,9;12;musk;6;1;edgebetweenness;0,23105930000019725;476,0;166,0;16,0
946;0,4261904761904762;0,2988313856427379;LLGC;0,9;12;musk;6;1;edgebetweenness;0,25257450000208337;476,0;166,0;17,0
947;0,4261904761904762;0,2988313856427379;LLGC;0,9;12;musk;6;1;edgebetweenness;0,23703440000099363;476,0;166,0;18,0
948;0,46190476190476193;0,3651005993150685;LLGC;0,9;12;musk;6;1;edgebetweenness;0,40981639999881736;476,0;166,0;19,0
949;0,43333333333333335;0,31263065243701177;LLGC;0,9;12;musk;6;1;edgebetweenness;0,2634115999971982;476,0;166,0;20,0
950;0,42857142857142855;0,30346333508388845;LLGC;0,9;12;musk;6;1;edgebetweenness;0,249988100000337;476,0;166,0;21,0
951;0,4261904761904762;0,2988313856427379;LLGC;0,9;12;musk;6;1;edgebetweenness;0,24451369999951567;476,0;166,0;22,0
952;0,4261904761904762;0,2988313856427379;LLGC;0,9;12;musk;6;1;edgebetweenness;0,2654499999989639;476,0;166,0;23,0
953;0,4261904761904762;0,2988313856427379;LLGC;0,9;12;musk;6;1;edgebetweenness;0,33767919999809237;476,0;166,0;24,0
954;0,4261904761904762;0,2988313856427379;LLGC;0,9;12;musk;6;1;edgebetweenness;0,47361780000210274;476,0;166,0;25,0
955;0,4261904761904762;0,2988313856427379;LLGC;0,9;12;musk;6;1;edgebetweenness;0,5693786999981967;476,0;166,0;26,0
956;0,44285714285714284;0,33059067131647774;LLGC;0,9;12;musk;6;1;edgebetweenness;0,33607090000077733;476,0;166,0;27,0
957;0,4261904761904762;0,2988313856427379;LLGC;0,9;12;musk;6;1;edgebetweenness;0,2570588000016869;476,0;166,0;28,0
958;0,4261904761904762;0,2988313856427379;LLGC;0,9;12;musk;6;1;edgebetweenness;0,26023540000096546;476,0;166,0;29,0
959;0,4261904761904762;0,2988313856427379;LLGC;0,9;12;musk;6;1;edgebetweenness;0,2804976000006718;476,0;166,0;30,0
960;0,424390243902439;0,2979452054794521;PhyDL;0,9;14;musk;6;1;edgebetweenness;63,764954500002204;476,0;166,0;1,0
961;0,424390243902439;0,2979452054794521;PhyDL;0,9;14;musk;6;1;edgebetweenness;63,76495100000102;476,0;166,0;2,0
962;0,424390243902439;0,2979452054794521;PhyDL;0,9;14;musk;6;1;edgebetweenness;63,76493910000136;476,0;166,0;3,0
963;0,424390243902439;0,2979452054794521;PhyDL;0,9;14;musk;6;1;edgebetweenness;63,76497569999992;476,0;166,0;4,0
964;0,424390243902439;0,2979452054794521;PhyDL;0,9;14;musk;6;1;edgebetweenness;63,764988200000516;476,0;166,0;5,0
965;0,424390243902439;0,2979452054794521;PhyDL;0,9;14;musk;6;1;edgebetweenness;63,76496649999899;476,0;166,0;6,0
966;0,424390243902439;0,2979452054794521;PhyDL;0,9;14;musk;6;1;edgebetweenness;63,764948000000004;476,0;166,0;7,0
967;0,424390243902439;0,2979452054794521;PhyDL;0,9;14;musk;6;1;edgebetweenness;63,76496069999848;476,0;166,0;8,0
968;0,424390243902439;0,2979452054794521;PhyDL;0,9;14;musk;6;1;edgebetweenness;63,76500859999942;476,0;166,0;9,0
969;0,424390243902439;0,2979452054794521;PhyDL;0,9;14;musk;6;1;edgebetweenness;63,76497089999975;476,0;166,0;10,0
970;0,424390243902439;0,2979452054794521;PhyDL;0,9;14;musk;6;1;edgebetweenness;63,7649980999995;476,0;166,0;11,0
971;0,424390243902439;0,2979452054794521;PhyDL;0,9;14;musk;6;1;edgebetweenness;63,76503969999976;476,0;166,0;12,0
972;0,424390243902439;0,2979452054794521;PhyDL;0,9;14;musk;6;1;edgebetweenness;63,76493459999983;476,0;166,0;13,0
973;0,424390243902439;0,2979452054794521;PhyDL;0,9;14;musk;6;1;edgebetweenness;63,76493689999916;476,0;166,0;14,0
974;0,424390243902439;0,2979452054794521;PhyDL;0,9;14;musk;6;1;edgebetweenness;63,7649330000022;476,0;166,0;15,0
975;0,424390243902439;0,2979452054794521;PhyDL;0,9;14;musk;6;1;edgebetweenness;63,76495330000034;476,0;166,0;16,0
976;0,424390243902439;0,2979452054794521;PhyDL;0,9;14;musk;6;1;edgebetweenness;63,7649351;476,0;166,0;17,0
977;0,424390243902439;0,2979452054794521;PhyDL;0,9;14;musk;6;1;edgebetweenness;63,76499310000145;476,0;166,0;18,0
978;0,424390243902439;0,2979452054794521;PhyDL;0,9;14;musk;6;1;edgebetweenness;63,764996599998994;476,0;166,0;19,0
979;0,424390243902439;0,2979452054794521;PhyDL;0,9;14;musk;6;1;edgebetweenness;63,765036199998576;476,0;166,0;20,0
980;0,424390243902439;0,2979452054794521;PhyDL;0,9;14;musk;6;1;edgebetweenness;63,76494349999848;476,0;166,0;21,0
981;0,424390243902439;0,2979452054794521;PhyDL;0,9;14;musk;6;1;edgebetweenness;63,76501400000052;476,0;166,0;22,0
982;0,424390243902439;0,2979452054794521;PhyDL;0,9;14;musk;6;1;edgebetweenness;63,76494789999924;476,0;166,0;23,0
983;0,424390243902439;0,2979452054794521;PhyDL;0,9;14;musk;6;1;edgebetweenness;63,76495479999721;476,0;166,0;24,0
984;0,424390243902439;0,2979452054794521;PhyDL;0,9;14;musk;6;1;edgebetweenness;63,76498079999874;476,0;166,0;25,0
985;0,424390243902439;0,2979452054794521;PhyDL;0,9;14;musk;6;1;edgebetweenness;63,76510299999791;476,0;166,0;26,0
986;0,424390243902439;0,2979452054794521;PhyDL;0,9;14;musk;6;1;edgebetweenness;63,76500560000204;476,0;166,0;27,0
987;0,424390243902439;0,2979452054794521;PhyDL;0,9;14;musk;6;1;edgebetweenness;63,76496430000043;476,0;166,0;28,0
988;0,424390243902439;0,2979452054794521;PhyDL;0,9;14;musk;6;1;edgebetweenness;63,764961900000344;476,0;166,0;29,0
989;0,424390243902439;0,2979452054794521;PhyDL;0,9;14;musk;6;1;edgebetweenness;63,76494559999992;476,0;166,0;30,0
990;0,4268292682926829;0,3026756700031121;LLGC;0,9;14;musk;6;1;edgebetweenness;0,2211903000024904;476,0;166,0;1,0
991;0,424390243902439;0,2979452054794521;LLGC;0,9;14;musk;6;1;edgebetweenness;0,250925800002733;476,0;166,0;2,0
992;0,424390243902439;0,2979452054794521;LLGC;0,9;14;musk;6;1;edgebetweenness;0,3076269000011962;476,0;166,0;3,0
993;0,424390243902439;0,2979452054794521;LLGC;0,9;14;musk;6;1;edgebetweenness;0,27932439999858616;476,0;166,0;4,0
994;0,424390243902439;0,2979452054794521;LLGC;0,9;14;musk;6;1;edgebetweenness;0,2549877999990713;476,0;166,0;5,0
995;0,424390243902439;0,2979452054794521;LLGC;0,9;14;musk;6;1;edgebetweenness;0,3165652999996382;476,0;166,0;6,0
996;0,424390243902439;0,2979452054794521;LLGC;0,9;14;musk;6;1;edgebetweenness;0,27064720000271336;476,0;166,0;7,0
997;0,424390243902439;0,2979452054794521;LLGC;0,9;14;musk;6;1;edgebetweenness;0,25356490000194754;476,0;166,0;8,0
998;0,424390243902439;0,2979452054794521;LLGC;0,9;14;musk;6;1;edgebetweenness;0,23202470000251196;476,0;166,0;9,0
999;0,424390243902439;0,2979452054794521;LLGC;0,9;14;musk;6;1;edgebetweenness;0,2438968999995268;476,0;166,0;10,0
1000;0,424390243902439;0,2979452054794521;LLGC;0,9;14;musk;6;1;edgebetweenness;0,41143559999909485;476,0;166,0;11,0
1001;0,424390243902439;0,2979452054794521;LLGC;0,9;14;musk;6;1;edgebetweenness;0,25842929999998887;476,0;166,0;12,0
1002;0,424390243902439;0,2979452054794521;LLGC;0,9;14;musk;6;1;edgebetweenness;0,3069585000012012;476,0;166,0;13,0
1003;0,424390243902439;0,2979452054794521;LLGC;0,9;14;musk;6;1;edgebetweenness;0,2253287999992608;476,0;166,0;14,0
1004;0,424390243902439;0,2979452054794521;LLGC;0,9;14;musk;6;1;edgebetweenness;0,2548246000005747;476,0;166,0;15,0
1005;0,4268292682926829;0,3026756700031121;LLGC;0,9;14;musk;6;1;edgebetweenness;0,23247339999943506;476,0;166,0;16,0
1006;0,424390243902439;0,2979452054794521;LLGC;0,9;14;musk;6;1;edgebetweenness;0,2719634000022779;476,0;166,0;17,0
1007;0,424390243902439;0,2979452054794521;LLGC;0,9;14;musk;6;1;edgebetweenness;0,3348867999993672;476,0;166,0;18,0
1008;0,424390243902439;0,2979452054794521;LLGC;0,9;14;musk;6;1;edgebetweenness;0,27507559999867226;476,0;166,0;19,0
1009;0,424390243902439;0,2979452054794521;LLGC;0,9;14;musk;6;1;edgebetweenness;0,38160100000095554;476,0;166,0;20,0
1010;0,424390243902439;0,2979452054794521;LLGC;0,9;14;musk;6;1;edgebetweenness;0,24934159999975236;476,0;166,0;21,0
1011;0,424390243902439;0,2979452054794521;LLGC;0,9;14;musk;6;1;edgebetweenness;0,25744380000105593;476,0;166,0;22,0
1012;0,424390243902439;0,2979452054794521;LLGC;0,9;14;musk;6;1;edgebetweenness;0,4740280000005441;476,0;166,0;23,0
1013;0,424390243902439;0,2979452054794521;LLGC;0,9;14;musk;6;1;edgebetweenness;0,22374829999898793;476,0;166,0;24,0
1014;0,4268292682926829;0,3026756700031121;LLGC;0,9;14;musk;6;1;edgebetweenness;0,2529666000009456;476,0;166,0;25,0
1015;0,424390243902439;0,2979452054794521;LLGC;0,9;14;musk;6;1;edgebetweenness;0,23587980000229436;476,0;166,0;26,0
1016;0,424390243902439;0,2979452054794521;LLGC;0,9;14;musk;6;1;edgebetweenness;0,5544298000022536;476,0;166,0;27,0
1017;0,424390243902439;0,2979452054794521;LLGC;0,9;14;musk;6;1;edgebetweenness;0,342621899999358;476,0;166,0;28,0
1018;0,424390243902439;0,2979452054794521;LLGC;0,9;14;musk;6;1;edgebetweenness;0,5500522000002093;476,0;166,0;29,0
1019;0,4268292682926829;0,3026756700031121;LLGC;0,9;14;musk;6;1;edgebetweenness;0,2605180999998993;476,0;166,0;30,0
1020;0,4225;0,29701230228471004;PhyDL;0,9;16;musk;6;1;edgebetweenness;63,76495810000051;476,0;166,0;1,0
1021;0,4225;0,29701230228471004;PhyDL;0,9;16;musk;6;1;edgebetweenness;63,76498100000026;476,0;166,0;2,0
1022;0,4225;0,29701230228471004;PhyDL;0,9;16;musk;6;1;edgebetweenness;63,76494690000254;476,0;166,0;3,0
1023;0,4225;0,29701230228471004;PhyDL;0,9;16;musk;6;1;edgebetweenness;63,76493699999992;476,0;166,0;4,0
1024;0,4225;0,29701230228471004;PhyDL;0,9;16;musk;6;1;edgebetweenness;63,764947999996366;476,0;166,0;5,0
1025;0,4225;0,29701230228471004;PhyDL;0,9;16;musk;6;1;edgebetweenness;63,76495699999941;476,0;166,0;6,0
1026;0,4225;0,29701230228471004;PhyDL;0,9;16;musk;6;1;edgebetweenness;63,76493489999848;476,0;166,0;7,0
1027;0,4225;0,29701230228471004;PhyDL;0,9;16;musk;6;1;edgebetweenness;63,76495839999916;476,0;166,0;8,0
1028;0,4225;0,29701230228471004;PhyDL;0,9;16;musk;6;1;edgebetweenness;63,764955999999074;476,0;166,0;9,0
1029;0,4225;0,29701230228471004;PhyDL;0,9;16;musk;6;1;edgebetweenness;63,76494839999941;476,0;166,0;10,0
1030;0,4225;0,29701230228471004;PhyDL;0,9;16;musk;6;1;edgebetweenness;63,764954899997974;476,0;166,0;11,0
1031;0,4225;0,29701230228471004;PhyDL;0,9;16;musk;6;1;edgebetweenness;63,764977999999246;476,0;166,0;12,0
1032;0,4225;0,29701230228471004;PhyDL;0,9;16;musk;6;1;edgebetweenness;63,7649448000011;476,0;166,0;13,0
1033;0,4225;0,29701230228471004;PhyDL;0,9;16;musk;6;1;edgebetweenness;63,76496249999764;476,0;166,0;14,0
1034;0,4225;0,29701230228471004;PhyDL;0,9;16;musk;6;1;edgebetweenness;63,764937399999326;476,0;166,0;15,0
1035;0,4225;0,29701230228471004;PhyDL;0,9;16;musk;6;1;edgebetweenness;63,76493589999882;476,0;166,0;16,0
1036;0,4225;0,29701230228471004;PhyDL;0,9;16;musk;6;1;edgebetweenness;63,76493849999679;476,0;166,0;17,0
1037;0,4225;0,29701230228471004;PhyDL;0,9;16;musk;6;1;edgebetweenness;63,76494829999865;476,0;166,0;18,0
1038;0,4225;0,29701230228471004;PhyDL;0,9;16;musk;6;1;edgebetweenness;63,76495159999831;476,0;166,0;19,0
1039;0,4225;0,29701230228471004;PhyDL;0,9;16;musk;6;1;edgebetweenness;63,76504989999739;476,0;166,0;20,0
1040;0,4225;0,29701230228471004;PhyDL;0,9;16;musk;6;1;edgebetweenness;63,76493219999975;476,0;166,0;21,0
1041;0,4225;0,29701230228471004;PhyDL;0,9;16;musk;6;1;edgebetweenness;63,764931899997464;476,0;166,0;22,0
1042;0,4225;0,29701230228471004;PhyDL;0,9;16;musk;6;1;edgebetweenness;63,76494670000102;476,0;166,0;23,0
1043;0,4225;0,29701230228471004;PhyDL;0,9;16;musk;6;1;edgebetweenness;63,76498210000136;476,0;166,0;24,0
1044;0,4225;0,29701230228471004;PhyDL;0,9;16;musk;6;1;edgebetweenness;63,76494069999899;476,0;166,0;25,0
1045;0,4225;0,29701230228471004;PhyDL;0,9;16;musk;6;1;edgebetweenness;63,7649382999989;476,0;166,0;26,0
1046;0,4225;0,29701230228471004;PhyDL;0,9;16;musk;6;1;edgebetweenness;63,764940999997634;476,0;166,0;27,0
1047;0,4225;0,29701230228471004;PhyDL;0,9;16;musk;6;1;edgebetweenness;63,76497089999975;476,0;166,0;28,0
1048;0,4225;0,29701230228471004;PhyDL;0,9;16;musk;6;1;edgebetweenness;63,76496979999865;476,0;166,0;29,0
1049;0,4225;0,29701230228471004;PhyDL;0,9;16;musk;6;1;edgebetweenness;63,76496849999967;476,0;166,0;30,0
1050;0,4225;0,29701230228471004;LLGC;0,9;16;musk;6;1;edgebetweenness;0,5662865000012971;476,0;166,0;1,0
1051;0,4225;0,29701230228471004;LLGC;0,9;16;musk;6;1;edgebetweenness;0,30751800000143703;476,0;166,0;2,0
1052;0,4225;0,29701230228471004;LLGC;0,9;16;musk;6;1;edgebetweenness;0,30367959999784944;476,0;166,0;3,0
1053;0,4225;0,29701230228471004;LLGC;0,9;16;musk;6;1;edgebetweenness;0,6109741000000213;476,0;166,0;4,0
1054;0,4225;0,29701230228471004;LLGC;0,9;16;musk;6;1;edgebetweenness;0,5734335000015562;476,0;166,0;5,0
1055;0,425;0,3018455560951918;LLGC;0,9;16;musk;6;1;edgebetweenness;0,5040693000009924;476,0;166,0;6,0
1056;0,4225;0,29701230228471004;LLGC;0,9;16;musk;6;1;edgebetweenness;0,3237105000007432;476,0;166,0;7,0
1057;0,4225;0,29701230228471004;LLGC;0,9;16;musk;6;1;edgebetweenness;0,3092093000013847;476,0;166,0;8,0
1058;0,4225;0,29701230228471004;LLGC;0,9;16;musk;6;1;edgebetweenness;0,22589889999653678;476,0;166,0;9,0
1059;0,4225;0,29701230228471004;LLGC;0,9;16;musk;6;1;edgebetweenness;0,4244008000023314;476,0;166,0;10,0
1060;0,4225;0,29701230228471004;LLGC;0,9;16;musk;6;1;edgebetweenness;0,3036203999981808;476,0;166,0;11,0
1061;0,4225;0,29701230228471004;LLGC;0,9;16;musk;6;1;edgebetweenness;0,5702688000019407;476,0;166,0;12,0
1062;0,4225;0,29701230228471004;LLGC;0,9;16;musk;6;1;edgebetweenness;0,5401521999992838;476,0;166,0;13,0
1063;0,4225;0,29701230228471004;LLGC;0,9;16;musk;6;1;edgebetweenness;0,6693345999992744;476,0;166,0;14,0
1064;0,4225;0,29701230228471004;LLGC;0,9;16;musk;6;1;edgebetweenness;0,5123894000025757;476,0;166,0;15,0
1065;0,425;0,3018455560951918;LLGC;0,9;16;musk;6;1;edgebetweenness;0,641313000000082;476,0;166,0;16,0
1066;0,4225;0,29701230228471004;LLGC;0,9;16;musk;6;1;edgebetweenness;0,36988170000040554;476,0;166,0;17,0
1067;0,4225;0,29701230228471004;LLGC;0,9;16;musk;6;1;edgebetweenness;0,41348479999942356;476,0;166,0;18,0
1068;0,4225;0,29701230228471004;LLGC;0,9;16;musk;6;1;edgebetweenness;0,28652560000045924;476,0;166,0;19,0
1069;0,4225;0,29701230228471004;LLGC;0,9;16;musk;6;1;edgebetweenness;0,3201034999983676;476,0;166,0;20,0
1070;0,4225;0,29701230228471004;LLGC;0,9;16;musk;6;1;edgebetweenness;0,23440309999932651;476,0;166,0;21,0
1071;0,4225;0,29701230228471004;LLGC;0,9;16;musk;6;1;edgebetweenness;0,2202967000011995;476,0;166,0;22,0
1072;0,4325;0,3161363208435323;LLGC;0,9;16;musk;6;1;edgebetweenness;0,24522029999934603;476,0;166,0;23,0
1073;0,4225;0,29701230228471004;LLGC;0,9;16;musk;6;1;edgebetweenness;0,40180559999862453;476,0;166,0;24,0
1074;0,4225;0,29701230228471004;LLGC;0,9;16;musk;6;1;edgebetweenness;0,27142409999942174;476,0;166,0;25,0
1075;0,4225;0,29701230228471004;LLGC;0,9;16;musk;6;1;edgebetweenness;0,30389389999982086;476,0;166,0;26,0
1076;0,4225;0,29701230228471004;LLGC;0,9;16;musk;6;1;edgebetweenness;0,3905601000005845;476,0;166,0;27,0
1077;0,4225;0,29701230228471004;LLGC;0,9;16;musk;6;1;edgebetweenness;0,4509586999993189;476,0;166,0;28,0
1078;0,4225;0,29701230228471004;LLGC;0,9;16;musk;6;1;edgebetweenness;0,27765589999762597;476,0;166,0;29,0
1079;0,4225;0,29701230228471004;LLGC;0,9;16;musk;6;1;edgebetweenness;0,21238799999991897;476,0;166,0;30,0
1080;0,42091836734693877;0,296229802513465;PhyDL;0,9;18;musk;6;1;edgebetweenness;63,764933700000256;476,0;166,0;1,0
1081;0,42091836734693877;0,296229802513465;PhyDL;0,9;18;musk;6;1;edgebetweenness;63,764941699999326;476,0;166,0;2,0
1082;0,42091836734693877;0,296229802513465;PhyDL;0,9;18;musk;6;1;edgebetweenness;63,76496099999713;476,0;166,0;3,0
1083;0,42091836734693877;0,296229802513465;PhyDL;0,9;18;musk;6;1;edgebetweenness;63,76496109999789;476,0;166,0;4,0
1084;0,42091836734693877;0,296229802513465;PhyDL;0,9;18;musk;6;1;edgebetweenness;63,764957800001866;476,0;166,0;5,0
1085;0,42091836734693877;0,296229802513465;PhyDL;0,9;18;musk;6;1;edgebetweenness;63,76499139999942;476,0;166,0;6,0
1086;0,42091836734693877;0,296229802513465;PhyDL;0,9;18;musk;6;1;edgebetweenness;63,764994999997725;476,0;166,0;7,0
1087;0,42091836734693877;0,296229802513465;PhyDL;0,9;18;musk;6;1;edgebetweenness;63,76493670000127;476,0;166,0;8,0
1088;0,42091836734693877;0,296229802513465;PhyDL;0,9;18;musk;6;1;edgebetweenness;63,76496699999916;476,0;166,0;9,0
1089;0,42091836734693877;0,296229802513465;PhyDL;0,9;18;musk;6;1;edgebetweenness;63,76495260000229;476,0;166,0;10,0
1090;0,42091836734693877;0,296229802513465;PhyDL;0,9;18;musk;6;1;edgebetweenness;63,76498670000001;476,0;166,0;11,0
1091;0,42091836734693877;0,296229802513465;PhyDL;0,9;18;musk;6;1;edgebetweenness;63,76497509999899;476,0;166,0;12,0
1092;0,42091836734693877;0,296229802513465;PhyDL;0,9;18;musk;6;1;edgebetweenness;63,765072500002134;476,0;166,0;13,0
1093;0,42091836734693877;0,296229802513465;PhyDL;0,9;18;musk;6;1;edgebetweenness;63,76493909999772;476,0;166,0;14,0
1094;0,42091836734693877;0,296229802513465;PhyDL;0,9;18;musk;6;1;edgebetweenness;63,76498030000221;476,0;166,0;15,0
1095;0,42091836734693877;0,296229802513465;PhyDL;0,9;18;musk;6;1;edgebetweenness;63,76496229999975;476,0;166,0;16,0
1096;0,42091836734693877;0,296229802513465;PhyDL;0,9;18;musk;6;1;edgebetweenness;63,764943800000765;476,0;166,0;17,0
1097;0,42091836734693877;0,296229802513465;PhyDL;0,9;18;musk;6;1;edgebetweenness;63,76503330000196;476,0;166,0;18,0
1098;0,42091836734693877;0,296229802513465;PhyDL;0,9;18;musk;6;1;edgebetweenness;63,76494240000102;476,0;166,0;19,0
1099;0,42091836734693877;0,296229802513465;PhyDL;0,9;18;musk;6;1;edgebetweenness;63,764953900001274;476,0;166,0;20,0
1100;0,42091836734693877;0,296229802513465;PhyDL;0,9;18;musk;6;1;edgebetweenness;63,76493250000203;476,0;166,0;21,0
1101;0,42091836734693877;0,296229802513465;PhyDL;0,9;18;musk;6;1;edgebetweenness;63,7649425999989;476,0;166,0;22,0
1102;0,42091836734693877;0,296229802513465;PhyDL;0,9;18;musk;6;1;edgebetweenness;63,76494879999882;476,0;166,0;23,0
1103;0,42091836734693877;0,296229802513465;PhyDL;0,9;18;musk;6;1;edgebetweenness;63,764953900001274;476,0;166,0;24,0
1104;0,42091836734693877;0,296229802513465;PhyDL;0,9;18;musk;6;1;edgebetweenness;63,76494290000119;476,0;166,0;25,0
1105;0,42091836734693877;0,296229802513465;PhyDL;0,9;18;musk;6;1;edgebetweenness;63,76497010000094;476,0;166,0;26,0
1106;0,42091836734693877;0,296229802513465;PhyDL;0,9;18;musk;6;1;edgebetweenness;63,76500179999857;476,0;166,0;27,0
1107;0,42091836734693877;0,296229802513465;PhyDL;0,9;18;musk;6;1;edgebetweenness;63,7649980999995;476,0;166,0;28,0
1108;0,42091836734693877;0,296229802513465;PhyDL;0,9;18;musk;6;1;edgebetweenness;63,76494359999924;476,0;166,0;29,0
1109;0,42091836734693877;0,296229802513465;PhyDL;0,9;18;musk;6;1;edgebetweenness;63,76493800000026;476,0;166,0;30,0
1110;0,42091836734693877;0,296229802513465;LLGC;0,9;18;musk;6;1;edgebetweenness;0,2166956000000937;476,0;166,0;1,0
1111;0,42091836734693877;0,296229802513465;LLGC;0,9;18;musk;6;1;edgebetweenness;0,22502130000066245;476,0;166,0;2,0
1112;0,42091836734693877;0,296229802513465;LLGC;0,9;18;musk;6;1;edgebetweenness;0,23182169999927282;476,0;166,0;3,0
1113;0,42091836734693877;0,296229802513465;LLGC;0,9;18;musk;6;1;edgebetweenness;0,21258749999833526;476,0;166,0;4,0
1114;0,4260204081632653;0,3060309217514458;LLGC;0,9;18;musk;6;1;edgebetweenness;0,2189235000005283;476,0;166,0;5,0
1115;0,42091836734693877;0,296229802513465;LLGC;0,9;18;musk;6;1;edgebetweenness;0,2548577999987174;476,0;166,0;6,0
1116;0,42091836734693877;0,296229802513465;LLGC;0,9;18;musk;6;1;edgebetweenness;0,3220977999990282;476,0;166,0;7,0
1117;0,42346938775510207;0,30114855484033826;LLGC;0,9;18;musk;6;1;edgebetweenness;0,23883850000129314;476,0;166,0;8,0
1118;0,42091836734693877;0,296229802513465;LLGC;0,9;18;musk;6;1;edgebetweenness;0,23950309999781894;476,0;166,0;9,0
1119;0,42091836734693877;0,296229802513465;LLGC;0,9;18;musk;6;1;edgebetweenness;0,30241599999862956;476,0;166,0;10,0
1120;0,42091836734693877;0,296229802513465;LLGC;0,9;18;musk;6;1;edgebetweenness;0,30223019999903045;476,0;166,0;11,0
1121;0,42091836734693877;0,296229802513465;LLGC;0,9;18;musk;6;1;edgebetweenness;0,21688280000307714;476,0;166,0;12,0
1122;0,42091836734693877;0,296229802513465;LLGC;0,9;18;musk;6;1;edgebetweenness;0,2213826999977755;476,0;166,0;13,0
1123;0,42091836734693877;0,296229802513465;LLGC;0,9;18;musk;6;1;edgebetweenness;0,27907560000312515;476,0;166,0;14,0
1124;0,42091836734693877;0,296229802513465;LLGC;0,9;18;musk;6;1;edgebetweenness;0,2507608000014443;476,0;166,0;15,0
1125;0,42091836734693877;0,296229802513465;LLGC;0,9;18;musk;6;1;edgebetweenness;0,20146350000140956;476,0;166,0;16,0
1126;0,42091836734693877;0,296229802513465;LLGC;0,9;18;musk;6;1;edgebetweenness;0,2298637999992934;476,0;166,0;17,0
1127;0,42091836734693877;0,296229802513465;LLGC;0,9;18;musk;6;1;edgebetweenness;0,38932310000018333;476,0;166,0;18,0
1128;0,42091836734693877;0,296229802513465;LLGC;0,9;18;musk;6;1;edgebetweenness;0,4444258000003174;476,0;166,0;19,0
1129;0,42091836734693877;0,296229802513465;LLGC;0,9;18;musk;6;1;edgebetweenness;0,28690999999889755;476,0;166,0;20,0
1130;0,42091836734693877;0,296229802513465;LLGC;0,9;18;musk;6;1;edgebetweenness;0,28684680000151275;476,0;166,0;21,0
1131;0,42091836734693877;0,296229802513465;LLGC;0,9;18;musk;6;1;edgebetweenness;0,5883444999999483;476,0;166,0;22,0
1132;0,42091836734693877;0,296229802513465;LLGC;0,9;18;musk;6;1;edgebetweenness;0,2587813999998616;476,0;166,0;23,0
1133;0,42091836734693877;0,296229802513465;LLGC;0,9;18;musk;6;1;edgebetweenness;0,38459839999995893;476,0;166,0;24,0
1134;0,42091836734693877;0,296229802513465;LLGC;0,9;18;musk;6;1;edgebetweenness;0,8784840000007534;476,0;166,0;25,0
1135;0,42091836734693877;0,296229802513465;LLGC;0,9;18;musk;6;1;edgebetweenness;0,5459341000023414;476,0;166,0;26,0
1136;0,42091836734693877;0,296229802513465;LLGC;0,9;18;musk;6;1;edgebetweenness;0,5695623000028718;476,0;166,0;27,0
1137;0,42091836734693877;0,296229802513465;LLGC;0,9;18;musk;6;1;edgebetweenness;0,5203067000002193;476,0;166,0;28,0
1138;0,42091836734693877;0,296229802513465;LLGC;0,9;18;musk;6;1;edgebetweenness;0,5363539000027231;476,0;166,0;29,0
1139;0,42346938775510207;0,30114855484033826;LLGC;0,9;18;musk;6;1;edgebetweenness;0,3666062000011152;476,0;166,0;30,0
1140;0,418848167539267;0,2952029520295203;PhyDL;0,9;20;musk;6;1;edgebetweenness;63,76494199999797;476,0;166,0;1,0
1141;0,418848167539267;0,2952029520295203;PhyDL;0,9;20;musk;6;1;edgebetweenness;63,764947600000596;476,0;166,0;2,0
1142;0,418848167539267;0,2952029520295203;PhyDL;0,9;20;musk;6;1;edgebetweenness;63,76505389999875;476,0;166,0;3,0
1143;0,418848167539267;0,2952029520295203;PhyDL;0,9;20;musk;6;1;edgebetweenness;63,76497410000229;476,0;166,0;4,0
1144;0,418848167539267;0,2952029520295203;PhyDL;0,9;20;musk;6;1;edgebetweenness;63,76495319999958;476,0;166,0;5,0
1145;0,418848167539267;0,2952029520295203;PhyDL;0,9;20;musk;6;1;edgebetweenness;63,76497829999789;476,0;166,0;6,0
1146;0,418848167539267;0,2952029520295203;PhyDL;0,9;20;musk;6;1;edgebetweenness;63,76499440000043;476,0;166,0;7,0
1147;0,418848167539267;0,2952029520295203;PhyDL;0,9;20;musk;6;1;edgebetweenness;63,76493439999831;476,0;166,0;8,0
1148;0,418848167539267;0,2952029520295203;PhyDL;0,9;20;musk;6;1;edgebetweenness;63,76497539999764;476,0;166,0;9,0
1149;0,418848167539267;0,2952029520295203;PhyDL;0,9;20;musk;6;1;edgebetweenness;63,76495359999899;476,0;166,0;10,0
1150;0,418848167539267;0,2952029520295203;PhyDL;0,9;20;musk;6;1;edgebetweenness;63,76502319999781;476,0;166,0;11,0
1151;0,418848167539267;0,2952029520295203;PhyDL;0,9;20;musk;6;1;edgebetweenness;63,76496659999975;476,0;166,0;12,0
1152;0,418848167539267;0,2952029520295203;PhyDL;0,9;20;musk;6;1;edgebetweenness;63,764939500000764;476,0;166,0;13,0
1153;0,418848167539267;0,2952029520295203;PhyDL;0,9;20;musk;6;1;edgebetweenness;63,765089999997144;476,0;166,0;14,0
1154;0,418848167539267;0,2952029520295203;PhyDL;0,9;20;musk;6;1;edgebetweenness;63,76497360000212;476,0;166,0;15,0
1155;0,418848167539267;0,2952029520295203;PhyDL;0,9;20;musk;6;1;edgebetweenness;63,76497089999975;476,0;166,0;16,0
1156;0,418848167539267;0,2952029520295203;PhyDL;0,9;20;musk;6;1;edgebetweenness;63,764967800001614;476,0;166,0;17,0
1157;0,418848167539267;0,2952029520295203;PhyDL;0,9;20;musk;6;1;edgebetweenness;63,76494349999848;476,0;166,0;18,0
1158;0,418848167539267;0,2952029520295203;PhyDL;0,9;20;musk;6;1;edgebetweenness;63,76493330000085;476,0;166,0;19,0
1159;0,418848167539267;0,2952029520295203;PhyDL;0,9;20;musk;6;1;edgebetweenness;63,76493880000271;476,0;166,0;20,0
1160;0,418848167539267;0,2952029520295203;PhyDL;0,9;20;musk;6;1;edgebetweenness;63,76494769999772;476,0;166,0;21,0
1161;0,418848167539267;0,2952029520295203;PhyDL;0,9;20;musk;6;1;edgebetweenness;63,76493500000288;476,0;166,0;22,0
1162;0,418848167539267;0,2952029520295203;PhyDL;0,9;20;musk;6;1;edgebetweenness;63,764959299998736;476,0;166,0;23,0
1163;0,418848167539267;0,2952029520295203;PhyDL;0,9;20;musk;6;1;edgebetweenness;63,76496100000077;476,0;166,0;24,0
1164;0,418848167539267;0,2952029520295203;PhyDL;0,9;20;musk;6;1;edgebetweenness;63,7649616000017;476,0;166,0;25,0
1165;0,418848167539267;0,2952029520295203;PhyDL;0,9;20;musk;6;1;edgebetweenness;63,76497029999882;476,0;166,0;26,0
1166;0,418848167539267;0,2952029520295203;PhyDL;0,9;20;musk;6;1;edgebetweenness;63,76495199999772;476,0;166,0;27,0
1167;0,418848167539267;0,2952029520295203;PhyDL;0,9;20;musk;6;1;edgebetweenness;63,764934800001356;476,0;166,0;28,0
1168;0,418848167539267;0,2952029520295203;PhyDL;0,9;20;musk;6;1;edgebetweenness;63,76493610000034;476,0;166,0;29,0
1169;0,418848167539267;0,2952029520295203;PhyDL;0,9;20;musk;6;1;edgebetweenness;63,764999300001364;476,0;166,0;30,0
1170;0,418848167539267;0,2952029520295203;LLGC;0,9;20;musk;6;1;edgebetweenness;0,3900910999982443;476,0;166,0;1,0
1171;0,418848167539267;0,2952029520295203;LLGC;0,9;20;musk;6;1;edgebetweenness;0,41191709999839077;476,0;166,0;2,0
1172;0,418848167539267;0,2952029520295203;LLGC;0,9;20;musk;6;1;edgebetweenness;0,31805569999778527;476,0;166,0;3,0
1173;0,418848167539267;0,2952029520295203;LLGC;0,9;20;musk;6;1;edgebetweenness;0,47088499999881606;476,0;166,0;4,0
1174;0,418848167539267;0,2952029520295203;LLGC;0,9;20;musk;6;1;edgebetweenness;0,42691980000017793;476,0;166,0;5,0
1175;0,418848167539267;0,2952029520295203;LLGC;0,9;20;musk;6;1;edgebetweenness;0,3076132999995025;476,0;166,0;6,0
1176;0,418848167539267;0,2952029520295203;LLGC;0,9;20;musk;6;1;edgebetweenness;0,5331372000000556;476,0;166,0;7,0
1177;0,418848167539267;0,2952029520295203;LLGC;0,9;20;musk;6;1;edgebetweenness;0,7128554000009899;476,0;166,0;8,0
1178;0,418848167539267;0,2952029520295203;LLGC;0,9;20;musk;6;1;edgebetweenness;0,5588968999982171;476,0;166,0;9,0
1179;0,418848167539267;0,2952029520295203;LLGC;0,9;20;musk;6;1;edgebetweenness;0,6066398000002664;476,0;166,0;10,0
1180;0,418848167539267;0,2952029520295203;LLGC;0,9;20;musk;6;1;edgebetweenness;0,245174899999256;476,0;166,0;11,0
1181;0,418848167539267;0,2952029520295203;LLGC;0,9;20;musk;6;1;edgebetweenness;3,1263312000010046;476,0;166,0;12,0
1182;0,418848167539267;0,2952029520295203;LLGC;0,9;20;musk;6;1;edgebetweenness;2,456496300001163;476,0;166,0;13,0
1183;0,418848167539267;0,2952029520295203;LLGC;0,9;20;musk;6;1;edgebetweenness;1,642674499998975;476,0;166,0;14,0
1184;0,418848167539267;0,2952029520295203;LLGC;0,9;20;musk;6;1;edgebetweenness;1,4167097000026843;476,0;166,0;15,0
1185;0,418848167539267;0,2952029520295203;LLGC;0,9;20;musk;6;1;edgebetweenness;0,23360519999914686;476,0;166,0;16,0
1186;0,418848167539267;0,2952029520295203;LLGC;0,9;20;musk;6;1;edgebetweenness;0,4756941999985429;476,0;166,0;17,0
1187;0,4214659685863874;0,30023291861110885;LLGC;0,9;20;musk;6;1;edgebetweenness;0,2309424000013678;476,0;166,0;18,0
1188;0,418848167539267;0,2952029520295203;LLGC;0,9;20;musk;6;1;edgebetweenness;0,3044324000002234;476,0;166,0;19,0
1189;0,418848167539267;0,2952029520295203;LLGC;0,9;20;musk;6;1;edgebetweenness;0,23205830000006245;476,0;166,0;20,0
1190;0,418848167539267;0,2952029520295203;LLGC;0,9;20;musk;6;1;edgebetweenness;0,2585715000022901;476,0;166,0;21,0
1191;0,418848167539267;0,2952029520295203;LLGC;0,9;20;musk;6;1;edgebetweenness;0,21959659999993164;476,0;166,0;22,0
1192;0,418848167539267;0,2952029520295203;LLGC;0,9;20;musk;6;1;edgebetweenness;0,3643950000005134;476,0;166,0;23,0
1193;0,418848167539267;0,2952029520295203;LLGC;0,9;20;musk;6;1;edgebetweenness;2,7122271999978693;476,0;166,0;24,0
1194;0,418848167539267;0,2952029520295203;LLGC;0,9;20;musk;6;1;edgebetweenness;1,1143717999984801;476,0;166,0;25,0
1195;0,418848167539267;0,2952029520295203;LLGC;0,9;20;musk;6;1;edgebetweenness;0,25195659999735653;476,0;166,0;26,0
1196;0,418848167539267;0,2952029520295203;LLGC;0,9;20;musk;6;1;edgebetweenness;0,2255327999992005;476,0;166,0;27,0
1197;0,418848167539267;0,2952029520295203;LLGC;0,9;20;musk;6;1;edgebetweenness;0,37327970000114874;476,0;166,0;28,0
1198;0,418848167539267;0,2952029520295203;LLGC;0,9;20;musk;6;1;edgebetweenness;0,6472338999992644;476,0;166,0;29,0
1199;0,418848167539267;0,2952029520295203;LLGC;0,9;20;musk;6;1;edgebetweenness;0,5805548000025738;476,0;166,0;30,0
1200;0,46568627450980393;0,3177257525083612;PhyDL;0,9;2;sonar;6;1;edgebetweenness;3,8309735000002547;208,0;60,0;1,0
1201;0,5343137254901961;0,34824281150159747;PhyDL;0,9;2;sonar;6;1;edgebetweenness;3,830971800001862;208,0;60,0;2,0
1202;0,46568627450980393;0,3177257525083612;PhyDL;0,9;2;sonar;6;1;edgebetweenness;3,8309765000049083;208,0;60,0;3,0
1203;0,46568627450980393;0,3177257525083612;PhyDL;0,9;2;sonar;6;1;edgebetweenness;3,8309708000015235;208,0;60,0;4,0
1204;0,46568627450980393;0,3177257525083612;PhyDL;0,9;2;sonar;6;1;edgebetweenness;3,8310158000022057;208,0;60,0;5,0
1205;0,46568627450980393;0,3177257525083612;PhyDL;0,9;2;sonar;6;1;edgebetweenness;3,8309741000011854;208,0;60,0;6,0
1206;0,5343137254901961;0,34824281150159747;PhyDL;0,9;2;sonar;6;1;edgebetweenness;3,830970000002708;208,0;60,0;7,0
1207;0,46568627450980393;0,3177257525083612;PhyDL;0,9;2;sonar;6;1;edgebetweenness;3,8309884000009333;208,0;60,0;8,0
1208;0,5343137254901961;0,34824281150159747;PhyDL;0,9;2;sonar;6;1;edgebetweenness;3,830971100003808;208,0;60,0;9,0
1209;0,46568627450980393;0,3177257525083612;PhyDL;0,9;2;sonar;6;1;edgebetweenness;3,830992500003049;208,0;60,0;10,0
1210;0,46568627450980393;0,3177257525083612;PhyDL;0,9;2;sonar;6;1;edgebetweenness;3,8310076000016124;208,0;60,0;11,0
1211;0,46568627450980393;0,3177257525083612;PhyDL;0,9;2;sonar;6;1;edgebetweenness;3,8309690000023693;208,0;60,0;12,0
1212;0,46568627450980393;0,3177257525083612;PhyDL;0,9;2;sonar;6;1;edgebetweenness;3,8309757000024547;208,0;60,0;13,0
1213;0,5343137254901961;0,34824281150159747;PhyDL;0,9;2;sonar;6;1;edgebetweenness;3,830979999998817;208,0;60,0;14,0
1214;0,46568627450980393;0,3177257525083612;PhyDL;0,9;2;sonar;6;1;edgebetweenness;3,8309700999998313;208,0;60,0;15,0
1215;0,46568627450980393;0,3177257525083612;PhyDL;0,9;2;sonar;6;1;edgebetweenness;3,830979100002878;208,0;60,0;16,0
1216;0,5343137254901961;0,34824281150159747;PhyDL;0,9;2;sonar;6;1;edgebetweenness;3,830975500000932;208,0;60,0;17,0
1217;0,46568627450980393;0,3177257525083612;PhyDL;0,9;2;sonar;6;1;edgebetweenness;3,8310102000032202;208,0;60,0;18,0
1218;0,5343137254901961;0,34824281150159747;PhyDL;0,9;2;sonar;6;1;edgebetweenness;3,8309719000026234;208,0;60,0;19,0
1219;0,46568627450980393;0,3177257525083612;PhyDL;0,9;2;sonar;6;1;edgebetweenness;3,8309723000020313;208,0;60,0;20,0
1220;0,46568627450980393;0,3177257525083612;PhyDL;0,9;2;sonar;6;1;edgebetweenness;3,831013899998652;208,0;60,0;21,0
1221;0,5343137254901961;0,34824281150159747;PhyDL;0,9;2;sonar;6;1;edgebetweenness;3,8309803000011016;208,0;60,0;22,0
1222;0,5343137254901961;0,34824281150159747;PhyDL;0,9;2;sonar;6;1;edgebetweenness;3,83097110000017;208,0;60,0;23,0
1223;0,5343137254901961;0,34824281150159747;PhyDL;0,9;2;sonar;6;1;edgebetweenness;3,830970500002877;208,0;60,0;24,0
1224;0,5343137254901961;0,34824281150159747;PhyDL;0,9;2;sonar;6;1;edgebetweenness;3,830994899999496;208,0;60,0;25,0
1225;0,5343137254901961;0,34824281150159747;PhyDL;0,9;2;sonar;6;1;edgebetweenness;3,831003500003135;208,0;60,0;26,0
1226;0,46568627450980393;0,3177257525083612;PhyDL;0,9;2;sonar;6;1;edgebetweenness;3,8309828999990714;208,0;60,0;27,0
1227;0,46568627450980393;0,3177257525083612;PhyDL;0,9;2;sonar;6;1;edgebetweenness;3,8309730000037234;208,0;60,0;28,0
1228;0,46568627450980393;0,3177257525083612;PhyDL;0,9;2;sonar;6;1;edgebetweenness;3,830973600004654;208,0;60,0;29,0
1229;0,46568627450980393;0,3177257525083612;PhyDL;0,9;2;sonar;6;1;edgebetweenness;3,8309685000022;208,0;60,0;30,0
1230;0,49019607843137253;0,36698890082348734;LLGC;0,9;2;sonar;6;1;edgebetweenness;0,08132509999995818;208,0;60,0;1,0
1231;0,5588235294117647;0,40389610389610386;LLGC;0,9;2;sonar;6;1;edgebetweenness;0,06300330000158283;208,0;60,0;2,0
1232;0,46568627450980393;0,3177257525083612;LLGC;0,9;2;sonar;6;1;edgebetweenness;0,14488869999695453;208,0;60,0;3,0
1233;0,5833333333333334;0,5828421584429957;LLGC;0,9;2;sonar;6;1;edgebetweenness;0,17664740000327583;208,0;60,0;4,0
1234;0,5784313725490197;0,5491365131578947;LLGC;0,9;2;sonar;6;1;edgebetweenness;0,22140909999870928;208,0;60,0;5,0
1235;0,5;0,3856872933396316;LLGC;0,9;2;sonar;6;1;edgebetweenness;0,10290709999753744;208,0;60,0;6,0
1236;0,5343137254901961;0,34824281150159747;LLGC;0,9;2;sonar;6;1;edgebetweenness;0,05375510000158101;208,0;60,0;7,0
1237;0,4852941176470588;0,3574321283935803;LLGC;0,9;2;sonar;6;1;edgebetweenness;0,10104080000019167;208,0;60,0;8,0
1238;0,5294117647058824;0,38822941396976135;LLGC;0,9;2;sonar;6;1;edgebetweenness;0,09197090000088792;208,0;60,0;9,0
1239;0,5;0,3979166666666667;LLGC;0,9;2;sonar;6;1;edgebetweenness;0,10091509999983828;208,0;60,0;10,0
1240;0,49019607843137253;0,36698890082348734;LLGC;0,9;2;sonar;6;1;edgebetweenness;0,09526190000178758;208,0;60,0;11,0
1241;0,46568627450980393;0,3177257525083612;LLGC;0,9;2;sonar;6;1;edgebetweenness;0,03664019999996526;208,0;60,0;12,0
1242;0,46568627450980393;0,3177257525083612;LLGC;0,9;2;sonar;6;1;edgebetweenness;0,16138239999781945;208,0;60,0;13,0
1243;0,5686274509803921;0,5513794482207117;LLGC;0,9;2;sonar;6;1;edgebetweenness;0,16384670000115875;208,0;60,0;14,0
1244;0,6127450980392157;0,5847140979720153;LLGC;0,9;2;sonar;6;1;edgebetweenness;0,15023529999962193;208,0;60,0;15,0
1245;0,47058823529411764;0,3278828553996339;LLGC;0,9;2;sonar;6;1;edgebetweenness;0,05872129999988829;208,0;60,0;16,0
1246;0,5490196078431373;0,3822251481237656;LLGC;0,9;2;sonar;6;1;edgebetweenness;0,1343931999981578;208,0;60,0;17,0
1247;0,49019607843137253;0,36698890082348734;LLGC;0,9;2;sonar;6;1;edgebetweenness;0,06750069999907282;208,0;60,0;18,0
1248;0,46078431372549017;0,37388392857142855;LLGC;0,9;2;sonar;6;1;edgebetweenness;0,06433069999911822;208,0;60,0;19,0
1249;0,4803921568627451;0,3548156104547082;LLGC;0,9;2;sonar;6;1;edgebetweenness;0,10035979999884148;208,0;60,0;20,0
1250;0,5441176470588235;0,5302914015498502;LLGC;0,9;2;sonar;6;1;edgebetweenness;0,03886829999828478;208,0;60,0;21,0
1251;0,5343137254901961;0,34824281150159747;LLGC;0,9;2;sonar;6;1;edgebetweenness;0,05945889999929932;208,0;60,0;22,0
1252;0,5;0,3577777777777778;LLGC;0,9;2;sonar;6;1;edgebetweenness;0,38337029999820516;208,0;60,0;23,0
1253;0,5392156862745098;0,359775641025641;LLGC;0,9;2;sonar;6;1;edgebetweenness;0,2319539000018267;208,0;60,0;24,0
1254;0,4950980392156863;0,34759524327009655;LLGC;0,9;2;sonar;6;1;edgebetweenness;0,185945700002776;208,0;60,0;25,0
1255;0,5343137254901961;0,34824281150159747;LLGC;0,9;2;sonar;6;1;edgebetweenness;0,11340109999946435;208,0;60,0;26,0
1256;0,49019607843137253;0,36698890082348734;LLGC;0,9;2;sonar;6;1;edgebetweenness;0,05890419999923324;208,0;60,0;27,0
1257;0,46568627450980393;0,3177257525083612;LLGC;0,9;2;sonar;6;1;edgebetweenness;0,183134599999903;208,0;60,0;28,0
1258;0,46568627450980393;0,33295335233238343;LLGC;0,9;2;sonar;6;1;edgebetweenness;0,029877400000259513;208,0;60,0;29,0
1259;0,4950980392156863;0,3828531148118777;LLGC;0,9;2;sonar;6;1;edgebetweenness;0,045257699999638135;208,0;60,0;30,0
1260;0,535;0,3485342019543974;PhyDL;0,9;4;sonar;6;1;edgebetweenness;3,8309869000040635;208,0;60,0;1,0
1261;0,465;0,3174061433447099;PhyDL;0,9;4;sonar;6;1;edgebetweenness;3,8309862000023713;208,0;60,0;2,0
1262;0,535;0,3485342019543974;PhyDL;0,9;4;sonar;6;1;edgebetweenness;3,8309823000017786;208,0;60,0;3,0
1263;0,535;0,3485342019543974;PhyDL;0,9;4;sonar;6;1;edgebetweenness;3,8309745000005933;208,0;60,0;4,0
1264;0,465;0,3174061433447099;PhyDL;0,9;4;sonar;6;1;edgebetweenness;3,8309909000017797;208,0;60,0;5,0
1265;0,465;0,3174061433447099;PhyDL;0,9;4;sonar;6;1;edgebetweenness;3,8309803000047395;208,0;60,0;6,0
1266;0,465;0,3174061433447099;PhyDL;0,9;4;sonar;6;1;edgebetweenness;3,830969599999662;208,0;60,0;7,0
1267;0,465;0,3174061433447099;PhyDL;0,9;4;sonar;6;1;edgebetweenness;3,8309675000018615;208,0;60,0;8,0
1268;0,465;0,3174061433447099;PhyDL;0,9;4;sonar;6;1;edgebetweenness;3,8309895000020333;208,0;60,0;9,0
1269;0,465;0,3174061433447099;PhyDL;0,9;4;sonar;6;1;edgebetweenness;3,8309702000042307;208,0;60,0;10,0
1270;0,465;0,3174061433447099;PhyDL;0,9;4;sonar;6;1;edgebetweenness;3,830969800001185;208,0;60,0;11,0
1271;0,535;0,3485342019543974;PhyDL;0,9;4;sonar;6;1;edgebetweenness;3,830989199999749;208,0;60,0;12,0
1272;0,465;0,3174061433447099;PhyDL;0,9;4;sonar;6;1;edgebetweenness;3,830973100000847;208,0;60,0;13,0
1273;0,535;0,3485342019543974;PhyDL;0,9;4;sonar;6;1;edgebetweenness;3,8309700999998313;208,0;60,0;14,0
1274;0,465;0,3174061433447099;PhyDL;0,9;4;sonar;6;1;edgebetweenness;3,83098720000271;208,0;60,0;15,0
1275;0,535;0,3485342019543974;PhyDL;0,9;4;sonar;6;1;edgebetweenness;3,830993000003218;208,0;60,0;16,0
1276;0,535;0,3485342019543974;PhyDL;0,9;4;sonar;6;1;edgebetweenness;3,831024700004491;208,0;60,0;17,0
1277;0,465;0,3174061433447099;PhyDL;0,9;4;sonar;6;1;edgebetweenness;3,831041900000855;208,0;60,0;18,0
1278;0,535;0,3485342019543974;PhyDL;0,9;4;sonar;6;1;edgebetweenness;3,831019000001106;208,0;60,0;19,0
1279;0,535;0,3485342019543974;PhyDL;0,9;4;sonar;6;1;edgebetweenness;3,830975800003216;208,0;60,0;20,0
1280;0,465;0,3174061433447099;PhyDL;0,9;4;sonar;6;1;edgebetweenness;3,830986800003302;208,0;60,0;21,0
1281;0,465;0,3174061433447099;PhyDL;0,9;4;sonar;6;1;edgebetweenness;3,8309699000019464;208,0;60,0;22,0
1282;0,465;0,3174061433447099;PhyDL;0,9;4;sonar;6;1;edgebetweenness;3,8309911000033026;208,0;60,0;23,0
1283;0,535;0,3485342019543974;PhyDL;0,9;4;sonar;6;1;edgebetweenness;3,8310091000021202;208,0;60,0;24,0
1284;0,465;0,3174061433447099;PhyDL;0,9;4;sonar;6;1;edgebetweenness;3,830989900001441;208,0;60,0;25,0
1285;0,465;0,3174061433447099;PhyDL;0,9;4;sonar;6;1;edgebetweenness;3,8309677000033844;208,0;60,0;26,0
1286;0,465;0,3174061433447099;PhyDL;0,9;4;sonar;6;1;edgebetweenness;3,8309770000014396;208,0;60,0;27,0
1287;0,535;0,3485342019543974;PhyDL;0,9;4;sonar;6;1;edgebetweenness;3,8309902000037255;208,0;60,0;28,0
1288;0,535;0,3485342019543974;PhyDL;0,9;4;sonar;6;1;edgebetweenness;3,8309935000033875;208,0;60,0;29,0
1289;0,535;0,3485342019543974;PhyDL;0,9;4;sonar;6;1;edgebetweenness;3,8310515000011947;208,0;60,0;30,0
1290;0,535;0,3485342019543974;LLGC;0,9;4;sonar;6;1;edgebetweenness;0,0650495999980194;208,0;60,0;1,0
1291;0,48;0,34796238244514105;LLGC;0,9;4;sonar;6;1;edgebetweenness;0,03789350000079139;208,0;60,0;2,0
1292;0,56;0,42097644426898273;LLGC;0,9;4;sonar;6;1;edgebetweenness;0,037827299998753006;208,0;60,0;3,0
1293;0,59;0,5746446726838883;LLGC;0,9;4;sonar;6;1;edgebetweenness;0,04768329999933485;208,0;60,0;4,0
1294;0,49;0,36755952380952384;LLGC;0,9;4;sonar;6;1;edgebetweenness;0,028826100002333988;208,0;60,0;5,0
1295;0,58;0,5772946859903382;LLGC;0,9;4;sonar;6;1;edgebetweenness;0,03817939999862574;208,0;60,0;6,0
1296;0,47;0,3749262884774148;LLGC;0,9;4;sonar;6;1;edgebetweenness;0,0247854000008374;208,0;60,0;7,0
1297;0,49;0,4140625;LLGC;0,9;4;sonar;6;1;edgebetweenness;0,04891499999939697;208,0;60,0;8,0
1298;0,47;0,32775240994419075;LLGC;0,9;4;sonar;6;1;edgebetweenness;0,045603999999002554;208,0;60,0;9,0
1299;0,465;0,3253255146757464;LLGC;0,9;4;sonar;6;1;edgebetweenness;0,03052459999889834;208,0;60,0;10,0
1300;0,47;0,32775240994419075;LLGC;0,9;4;sonar;6;1;edgebetweenness;0,03787510000256589;208,0;60,0;11,0
1301;0,58;0,5320855614973261;LLGC;0,9;4;sonar;6;1;edgebetweenness;0,07395139999789535;208,0;60,0;12,0
1302;0,49;0,38076736279747453;LLGC;0,9;4;sonar;6;1;edgebetweenness;0,1444908999983454;208,0;60,0;13,0
1303;0,535;0,45890909090909093;LLGC;0,9;4;sonar;6;1;edgebetweenness;0,032661999997799285;208,0;60,0;14,0
1304;0,48;0,3551587301587301;LLGC;0,9;4;sonar;6;1;edgebetweenness;0,031337800002802396;208,0;60,0;15,0
1305;0,52;0,43899018232819076;LLGC;0,9;4;sonar;6;1;edgebetweenness;0,08509069999854546;208,0;60,0;16,0
1306;0,505;0,43362224319917614;LLGC;0,9;4;sonar;6;1;edgebetweenness;0,3024631000007503;208,0;60,0;17,0
1307;0,54;0,46703742324180275;LLGC;0,9;4;sonar;6;1;edgebetweenness;0,1397450000004028;208,0;60,0;18,0
1308;0,645;0,5904358109082519;LLGC;0,9;4;sonar;6;1;edgebetweenness;0,03678139999829;208,0;60,0;19,0
1309;0,61;0,5311936530833032;LLGC;0,9;4;sonar;6;1;edgebetweenness;0,029822000000422122;208,0;60,0;20,0
1310;0,465;0,3174061433447099;LLGC;0,9;4;sonar;6;1;edgebetweenness;0,030181400001310976;208,0;60,0;21,0
1311;0,47;0,32775240994419075;LLGC;0,9;4;sonar;6;1;edgebetweenness;0,03026779999709106;208,0;60,0;22,0
1312;0,47;0,32775240994419075;LLGC;0,9;4;sonar;6;1;edgebetweenness;0,03142659999866737;208,0;60,0;23,0
1313;0,535;0,3485342019543974;LLGC;0,9;4;sonar;6;1;edgebetweenness;0,06674320000092848;208,0;60,0;24,0
1314;0,465;0,3174061433447099;LLGC;0,9;4;sonar;6;1;edgebetweenness;0,028369399999064626;208,0;60,0;25,0
1315;0,5;0,43464495703301675;LLGC;0,9;4;sonar;6;1;edgebetweenness;0,023323199999140343;208,0;60,0;26,0
1316;0,47;0,32775240994419075;LLGC;0,9;4;sonar;6;1;edgebetweenness;0,07185349999781465;208,0;60,0;27,0
1317;0,525;0,4318011902269805;LLGC;0,9;4;sonar;6;1;edgebetweenness;0,08626119999826187;208,0;60,0;28,0
1318;0,56;0,49857549857549854;LLGC;0,9;4;sonar;6;1;edgebetweenness;0,08528969999679248;208,0;60,0;29,0
1319;0,535;0,3485342019543974;LLGC;0,9;4;sonar;6;1;edgebetweenness;0,09368080000058399;208,0;60,0;30,0
1320;0,4642857142857143;0,3170731707317073;PhyDL;0,9;6;sonar;6;1;edgebetweenness;3,830992500003049;208,0;60,0;1,0
1321;0,5357142857142857;0,3488372093023256;PhyDL;0,9;6;sonar;6;1;edgebetweenness;3,830970500002877;208,0;60,0;2,0
1322;0,4642857142857143;0,3170731707317073;PhyDL;0,9;6;sonar;6;1;edgebetweenness;3,8309708000015235;208,0;60,0;3,0
1323;0,5357142857142857;0,3488372093023256;PhyDL;0,9;6;sonar;6;1;edgebetweenness;3,8309896000027948;208,0;60,0;4,0
1324;0,5357142857142857;0,3488372093023256;PhyDL;0,9;6;sonar;6;1;edgebetweenness;3,8309709999994084;208,0;60,0;5,0
1325;0,4642857142857143;0,3170731707317073;PhyDL;0,9;6;sonar;6;1;edgebetweenness;3,8309699000019464;208,0;60,0;6,0
1326;0,4642857142857143;0,3170731707317073;PhyDL;0,9;6;sonar;6;1;edgebetweenness;3,830987900004402;208,0;60,0;7,0
1327;0,4642857142857143;0,3170731707317073;PhyDL;0,9;6;sonar;6;1;edgebetweenness;3,8309697000004235;208,0;60,0;8,0
1328;0,4642857142857143;0,3170731707317073;PhyDL;0,9;6;sonar;6;1;edgebetweenness;3,830966100002115;208,0;60,0;9,0
1329;0,4642857142857143;0,3170731707317073;PhyDL;0,9;6;sonar;6;1;edgebetweenness;3,830978900001355;208,0;60,0;10,0
1330;0,4642857142857143;0,3170731707317073;PhyDL;0,9;6;sonar;6;1;edgebetweenness;3,8310001000027114;208,0;60,0;11,0
1331;0,4642857142857143;0,3170731707317073;PhyDL;0,9;6;sonar;6;1;edgebetweenness;3,8309809000020323;208,0;60,0;12,0
1332;0,4642857142857143;0,3170731707317073;PhyDL;0,9;6;sonar;6;1;edgebetweenness;3,830987500004994;208,0;60,0;13,0
1333;0,4642857142857143;0,3170731707317073;PhyDL;0,9;6;sonar;6;1;edgebetweenness;3,830989000001864;208,0;60,0;14,0
1334;0,4642857142857143;0,3170731707317073;PhyDL;0,9;6;sonar;6;1;edgebetweenness;3,8310061000047426;208,0;60,0;15,0
1335;0,4642857142857143;0,3170731707317073;PhyDL;0,9;6;sonar;6;1;edgebetweenness;3,8309783000040625;208,0;60,0;16,0
1336;0,4642857142857143;0,3170731707317073;PhyDL;0,9;6;sonar;6;1;edgebetweenness;3,8310567000044102;208,0;60,0;17,0
1337;0,4642857142857143;0,3170731707317073;PhyDL;0,9;6;sonar;6;1;edgebetweenness;3,830974399999832;208,0;60,0;18,0
1338;0,4642857142857143;0,3170731707317073;PhyDL;0,9;6;sonar;6;1;edgebetweenness;3,830966500001523;208,0;60,0;19,0
1339;0,4642857142857143;0,3170731707317073;PhyDL;0,9;6;sonar;6;1;edgebetweenness;3,830982200001017;208,0;60,0;20,0
1340;0,4642857142857143;0,3170731707317073;PhyDL;0,9;6;sonar;6;1;edgebetweenness;3,8309735000038927;208,0;60,0;21,0
1341;0,4642857142857143;0,3170731707317073;PhyDL;0,9;6;sonar;6;1;edgebetweenness;3,8309721000041463;208,0;60,0;22,0
1342;0,5357142857142857;0,3488372093023256;PhyDL;0,9;6;sonar;6;1;edgebetweenness;3,8309671000024537;208,0;60,0;23,0
1343;0,4642857142857143;0,3170731707317073;PhyDL;0,9;6;sonar;6;1;edgebetweenness;3,8309913000048255;208,0;60,0;24,0
1344;0,4642857142857143;0,3170731707317073;PhyDL;0,9;6;sonar;6;1;edgebetweenness;3,8310134000021208;208,0;60,0;25,0
1345;0,4642857142857143;0,3170731707317073;PhyDL;0,9;6;sonar;6;1;edgebetweenness;3,8310087000027124;208,0;60,0;26,0
1346;0,5357142857142857;0,3488372093023256;PhyDL;0,9;6;sonar;6;1;edgebetweenness;3,83101390000229;208,0;60,0;27,0
1347;0,4642857142857143;0,3170731707317073;PhyDL;0,9;6;sonar;6;1;edgebetweenness;3,830972000003385;208,0;60,0;28,0
1348;0,4642857142857143;0,3170731707317073;PhyDL;0,9;6;sonar;6;1;edgebetweenness;3,8309690000023693;208,0;60,0;29,0
1349;0,5357142857142857;0,3488372093023256;PhyDL;0,9;6;sonar;6;1;edgebetweenness;3,830968900001608;208,0;60,0;30,0
1350;0,4744897959183674;0,34554413719324406;LLGC;0,9;6;sonar;6;1;edgebetweenness;0,03630400000110967;208,0;60,0;1,0
1351;0,5816326530612245;0,4495890410958904;LLGC;0,9;6;sonar;6;1;edgebetweenness;0,03778049999891664;208,0;60,0;2,0
1352;0,4744897959183674;0,3379898343990818;LLGC;0,9;6;sonar;6;1;edgebetweenness;0,02864440000121249;208,0;60,0;3,0
1353;0,5357142857142857;0,3488372093023256;LLGC;0,9;6;sonar;6;1;edgebetweenness;0,026770600001327693;208,0;60,0;4,0
1354;0,5612244897959183;0,40681306306306303;LLGC;0,9;6;sonar;6;1;edgebetweenness;0,031926499999826774;208,0;60,0;5,0
1355;0,6071428571428571;0,5983499667332003;LLGC;0,9;6;sonar;6;1;edgebetweenness;0,026119900001503993;208,0;60,0;6,0
1356;0,46938775510204084;0,3276157804459691;LLGC;0,9;6;sonar;6;1;edgebetweenness;0,028526699999929406;208,0;60,0;7,0
1357;0,4642857142857143;0,3251352680767339;LLGC;0,9;6;sonar;6;1;edgebetweenness;0,03058500000042841;208,0;60,0;8,0
1358;0,4897959183673469;0,3681495809155384;LLGC;0,9;6;sonar;6;1;edgebetweenness;0,023264600000402424;208,0;60,0;9,0
1359;0,4642857142857143;0,3170731707317073;LLGC;0,9;6;sonar;6;1;edgebetweenness;0,02412279999771272;208,0;60,0;10,0
1360;0,5561224489795918;0,5447336804164998;LLGC;0,9;6;sonar;6;1;edgebetweenness;0,04935000000114087;208,0;60,0;11,0
1361;0,6683673469387755;0,6499134401362974;LLGC;0,9;6;sonar;6;1;edgebetweenness;0,025487599999905797;208,0;60,0;12,0
1362;0,6938775510204082;0,6805736636245111;LLGC;0,9;6;sonar;6;1;edgebetweenness;0,0370284000018728;208,0;60,0;13,0
1363;0,47959183673469385;0,3482003129890454;LLGC;0,9;6;sonar;6;1;edgebetweenness;0,02500979999967967;208,0;60,0;14,0
1364;0,576530612244898;0,5751925838882361;LLGC;0,9;6;sonar;6;1;edgebetweenness;0,04487149999840767;208,0;60,0;15,0
1365;0,5255102040816326;0,43347319347319346;LLGC;0,9;6;sonar;6;1;edgebetweenness;0,0391927000018768;208,0;60,0;16,0
1366;0,4897959183673469;0,38154739366401613;LLGC;0,9;6;sonar;6;1;edgebetweenness;0,023266100000910228;208,0;60,0;17,0
1367;0,47959183673469385;0,39841116995666825;LLGC;0,9;6;sonar;6;1;edgebetweenness;0,02993879999849014;208,0;60,0;18,0
1368;0,6581632653061225;0,6505123087159015;LLGC;0,9;6;sonar;6;1;edgebetweenness;0,02427439999883063;208,0;60,0;19,0
1369;0,46938775510204084;0,3276157804459691;LLGC;0,9;6;sonar;6;1;edgebetweenness;0,025955200002499623;208,0;60,0;20,0
1370;0,6530612244897959;0,6530612244897959;LLGC;0,9;6;sonar;6;1;edgebetweenness;0,02818710000065039;208,0;60,0;21,0
1371;0,4744897959183674;0,3379898343990818;LLGC;0,9;6;sonar;6;1;edgebetweenness;0,023366399997030385;208,0;60,0;22,0
1372;0,5816326530612245;0,4495890410958904;LLGC;0,9;6;sonar;6;1;edgebetweenness;0,02420419999907608;208,0;60,0;23,0
1373;0,4846938775510204;0,37209376090335267;LLGC;0,9;6;sonar;6;1;edgebetweenness;0,07737799999813433;208,0;60,0;24,0
1374;0,4642857142857143;0,3170731707317073;LLGC;0,9;6;sonar;6;1;edgebetweenness;0,032521200002520345;208,0;60,0;25,0
1375;0,49489795918367346;0,390864856380474;LLGC;0,9;6;sonar;6;1;edgebetweenness;0,14071139999941806;208,0;60,0;26,0
1376;0,5918367346938775;0,5102448775612194;LLGC;0,9;6;sonar;6;1;edgebetweenness;0,05824690000008559;208,0;60,0;27,0
1377;0,5051020408163265;0,4091064491064491;LLGC;0,9;6;sonar;6;1;edgebetweenness;0,06182990000161226;208,0;60,0;28,0
1378;0,5867346938775511;0,5714632763786541;LLGC;0,9;6;sonar;6;1;edgebetweenness;0,039624900000490015;208,0;60,0;29,0
1379;0,5357142857142857;0,3488372093023256;LLGC;0,9;6;sonar;6;1;edgebetweenness;0,02359680000154185;208,0;60,0;30,0
1380;0,4635416666666667;0,3167259786476868;PhyDL;0,9;8;sonar;6;1;edgebetweenness;3,8310030000029656;208,0;60,0;1,0
1381;0,4635416666666667;0,3167259786476868;PhyDL;0,9;8;sonar;6;1;edgebetweenness;3,830966700003046;208,0;60,0;2,0
1382;0,4635416666666667;0,3167259786476868;PhyDL;0,9;8;sonar;6;1;edgebetweenness;3,830989199999749;208,0;60,0;3,0
1383;0,5364583333333334;0,34915254237288135;PhyDL;0,9;8;sonar;6;1;edgebetweenness;3,8309860000008484;208,0;60,0;4,0
1384;0,4635416666666667;0,3167259786476868;PhyDL;0,9;8;sonar;6;1;edgebetweenness;3,8309884000009333;208,0;60,0;5,0
1385;0,4635416666666667;0,3167259786476868;PhyDL;0,9;8;sonar;6;1;edgebetweenness;3,8309649000038917;208,0;60,0;6,0
1386;0,4635416666666667;0,3167259786476868;PhyDL;0,9;8;sonar;6;1;edgebetweenness;3,8310242000043218;208,0;60,0;7,0
1387;0,4635416666666667;0,3167259786476868;PhyDL;0,9;8;sonar;6;1;edgebetweenness;3,8310239000056754;208,0;60,0;8,0
1388;0,4635416666666667;0,3167259786476868;PhyDL;0,9;8;sonar;6;1;edgebetweenness;3,830983300002117;208,0;60,0;9,0
1389;0,4635416666666667;0,3167259786476868;PhyDL;0,9;8;sonar;6;1;edgebetweenness;3,830969200003892;208,0;60,0;10,0
1390;0,5364583333333334;0,34915254237288135;PhyDL;0,9;8;sonar;6;1;edgebetweenness;3,8309694999989006;208,0;60,0;11,0
1391;0,4635416666666667;0,3167259786476868;PhyDL;0,9;8;sonar;6;1;edgebetweenness;3,831047000003309;208,0;60,0;12,0
1392;0,4635416666666667;0,3167259786476868;PhyDL;0,9;8;sonar;6;1;edgebetweenness;3,831005500000174;208,0;60,0;13,0
1393;0,5364583333333334;0,34915254237288135;PhyDL;0,9;8;sonar;6;1;edgebetweenness;3,8309726000006776;208,0;60,0;14,0
1394;0,4635416666666667;0,3167259786476868;PhyDL;0,9;8;sonar;6;1;edgebetweenness;3,8309770000050776;208,0;60,0;15,0
1395;0,4635416666666667;0,3167259786476868;PhyDL;0,9;8;sonar;6;1;edgebetweenness;3,831050700002379;208,0;60,0;16,0
1396;0,4635416666666667;0,3167259786476868;PhyDL;0,9;8;sonar;6;1;edgebetweenness;3,830981700004486;208,0;60,0;17,0
1397;0,4635416666666667;0,3167259786476868;PhyDL;0,9;8;sonar;6;1;edgebetweenness;3,830970700000762;208,0;60,0;18,0
1398;0,4635416666666667;0,3167259786476868;PhyDL;0,9;8;sonar;6;1;edgebetweenness;3,830970000002708;208,0;60,0;19,0
1399;0,4635416666666667;0,3167259786476868;PhyDL;0,9;8;sonar;6;1;edgebetweenness;3,830972500003554;208,0;60,0;20,0
1400;0,5364583333333334;0,34915254237288135;PhyDL;0,9;8;sonar;6;1;edgebetweenness;3,830977100002201;208,0;60,0;21,0
1401;0,4635416666666667;0,3167259786476868;PhyDL;0,9;8;sonar;6;1;edgebetweenness;3,8309696000033;208,0;60,0;22,0
1402;0,4635416666666667;0,3167259786476868;PhyDL;0,9;8;sonar;6;1;edgebetweenness;3,8309712000045693;208,0;60,0;23,0
1403;0,5364583333333334;0,34915254237288135;PhyDL;0,9;8;sonar;6;1;edgebetweenness;3,8309723000020313;208,0;60,0;24,0
1404;0,5364583333333334;0,34915254237288135;PhyDL;0,9;8;sonar;6;1;edgebetweenness;3,830984399999579;208,0;60,0;25,0
1405;0,4635416666666667;0,3167259786476868;PhyDL;0,9;8;sonar;6;1;edgebetweenness;3,8309693000010157;208,0;60,0;26,0
1406;0,4635416666666667;0,3167259786476868;PhyDL;0,9;8;sonar;6;1;edgebetweenness;3,8309834000028786;208,0;60,0;27,0
1407;0,4635416666666667;0,3167259786476868;PhyDL;0,9;8;sonar;6;1;edgebetweenness;3,8310123000010208;208,0;60,0;28,0
1408;0,4635416666666667;0,3167259786476868;PhyDL;0,9;8;sonar;6;1;edgebetweenness;3,8309832000013557;208,0;60,0;29,0
1409;0,4635416666666667;0,3167259786476868;PhyDL;0,9;8;sonar;6;1;edgebetweenness;3,8309737000017776;208,0;60,0;30,0
1410;0,4635416666666667;0,3167259786476868;LLGC;0,9;8;sonar;6;1;edgebetweenness;0,02657319999707397;208,0;60,0;1,0
1411;0,4635416666666667;0,3167259786476868;LLGC;0,9;8;sonar;6;1;edgebetweenness;0,023039499999867985;208,0;60,0;2,0
1412;0,4635416666666667;0,3167259786476868;LLGC;0,9;8;sonar;6;1;edgebetweenness;0,03019950000089011;208,0;60,0;3,0
1413;0,609375;0,5974842767295597;LLGC;0,9;8;sonar;6;1;edgebetweenness;0,023643799999263138;208,0;60,0;4,0
1414;0,4947916666666667;0,39182967050909445;LLGC;0,9;8;sonar;6;1;edgebetweenness;0,031032900002173847;208,0;60,0;5,0
1415;0,515625;0,42840679919331603;LLGC;0,9;8;sonar;6;1;edgebetweenness;0,02427180000086082;208,0;60,0;6,0
1416;0,46875;0,3354146871182299;LLGC;0,9;8;sonar;6;1;edgebetweenness;0,04555949999848963;208,0;60,0;7,0
1417;0,4635416666666667;0,3167259786476868;LLGC;0,9;8;sonar;6;1;edgebetweenness;0,03765649999695597;208,0;60,0;8,0
1418;0,46875;0,3274725274725275;LLGC;0,9;8;sonar;6;1;edgebetweenness;0,03810900000098627;208,0;60,0;9,0
1419;0,5729166666666666;0,5729166666666666;LLGC;0,9;8;sonar;6;1;edgebetweenness;0,05617100000017672;208,0;60,0;10,0
1420;0,5416666666666666;0,3614512471655329;LLGC;0,9;8;sonar;6;1;edgebetweenness;0,030010700000275392;208,0;60,0;11,0
1421;0,484375;0,35868281655926315;LLGC;0,9;8;sonar;6;1;edgebetweenness;0,08853140000064741;208,0;60,0;12,0
1422;0,5625;0,4997518610421836;LLGC;0,9;8;sonar;6;1;edgebetweenness;0,0755561999976635;208,0;60,0;13,0
1423;0,671875;0,6662159551864014;LLGC;0,9;8;sonar;6;1;edgebetweenness;0,03744170000209124;208,0;60,0;14,0
1424;0,515625;0,4169088593540803;LLGC;0,9;8;sonar;6;1;edgebetweenness;0,032069199998659315;208,0;60,0;15,0
1425;0,546875;0,4796747967479674;LLGC;0,9;8;sonar;6;1;edgebetweenness;0,11541480000232696;208,0;60,0;16,0
1426;0,4583333333333333;0,3223836025519207;LLGC;0,9;8;sonar;6;1;edgebetweenness;0,08464790000289213;208,0;60,0;17,0
1427;0,5208333333333334;0,43180648481729283;LLGC;0,9;8;sonar;6;1;edgebetweenness;0,029342899997573113;208,0;60,0;18,0
1428;0,4895833333333333;0,3687600644122383;LLGC;0,9;8;sonar;6;1;edgebetweenness;0,03770020000229124;208,0;60,0;19,0
1429;0,4947916666666667;0,37868223519599664;LLGC;0,9;8;sonar;6;1;edgebetweenness;0,03059159999975236;208,0;60,0;20,0
1430;0,5989583333333334;0,5957894736842105;LLGC;0,9;8;sonar;6;1;edgebetweenness;0,03845780000119703;208,0;60,0;21,0
1431;0,5572916666666666;0,5038759689922481;LLGC;0,9;8;sonar;6;1;edgebetweenness;0,030953399997088127;208,0;60,0;22,0
1432;0,4895833333333333;0,38235294117647056;LLGC;0,9;8;sonar;6;1;edgebetweenness;0,03100089999861666;208,0;60,0;23,0
1433;0,5364583333333334;0,34915254237288135;LLGC;0,9;8;sonar;6;1;edgebetweenness;0,03104180000082124;208,0;60,0;24,0
1434;0,5885416666666666;0,49397831526271896;LLGC;0,9;8;sonar;6;1;edgebetweenness;0,025272500002756715;208,0;60,0;25,0
1435;0,4895833333333333;0,3687600644122383;LLGC;0,9;8;sonar;6;1;edgebetweenness;0,034807600000931416;208,0;60,0;26,0
1436;0,4791666666666667;0,34844577168453916;LLGC;0,9;8;sonar;6;1;edgebetweenness;0,0449004000001878;208,0;60,0;27,0
1437;0,4635416666666667;0,3167259786476868;LLGC;0,9;8;sonar;6;1;edgebetweenness;0,04886110000006738;208,0;60,0;28,0
1438;0,5989583333333334;0,5976376452657649;LLGC;0,9;8;sonar;6;1;edgebetweenness;0,028214199999638367;208,0;60,0;29,0
1439;0,53125;0,4494711354657831;LLGC;0,9;8;sonar;6;1;edgebetweenness;0,03824329999770271;208,0;60,0;30,0
1440;0,5372340425531915;0,3494809688581315;PhyDL;0,9;10;sonar;6;1;edgebetweenness;3,8309706000036385;208,0;60,0;1,0
1441;0,5372340425531915;0,3494809688581315;PhyDL;0,9;10;sonar;6;1;edgebetweenness;3,8309724000027927;208,0;60,0;2,0
1442;0,4627659574468085;0,31636363636363635;PhyDL;0,9;10;sonar;6;1;edgebetweenness;3,83098720000271;208,0;60,0;3,0
1443;0,4627659574468085;0,31636363636363635;PhyDL;0,9;10;sonar;6;1;edgebetweenness;3,8309790000021167;208,0;60,0;4,0
1444;0,4627659574468085;0,31636363636363635;PhyDL;0,9;10;sonar;6;1;edgebetweenness;3,8309706000000006;208,0;60,0;5,0
1445;0,5372340425531915;0,3494809688581315;PhyDL;0,9;10;sonar;6;1;edgebetweenness;3,830977100002201;208,0;60,0;6,0
1446;0,5372340425531915;0,3494809688581315;PhyDL;0,9;10;sonar;6;1;edgebetweenness;3,8309889000011026;208,0;60,0;7,0
1447;0,4627659574468085;0,31636363636363635;PhyDL;0,9;10;sonar;6;1;edgebetweenness;3,830989700003556;208,0;60,0;8,0
1448;0,4627659574468085;0,31636363636363635;PhyDL;0,9;10;sonar;6;1;edgebetweenness;3,8310153000056744;208,0;60,0;9,0
1449;0,5372340425531915;0,3494809688581315;PhyDL;0,9;10;sonar;6;1;edgebetweenness;3,83098610000161;208,0;60,0;10,0
1450;0,5372340425531915;0,3494809688581315;PhyDL;0,9;10;sonar;6;1;edgebetweenness;3,831008200002543;208,0;60,0;11,0
1451;0,5372340425531915;0,3494809688581315;PhyDL;0,9;10;sonar;6;1;edgebetweenness;3,8309864000038942;208,0;60,0;12,0
1452;0,4627659574468085;0,31636363636363635;PhyDL;0,9;10;sonar;6;1;edgebetweenness;3,8309699000019464;208,0;60,0;13,0
1453;0,5372340425531915;0,3494809688581315;PhyDL;0,9;10;sonar;6;1;edgebetweenness;3,83097220000127;208,0;60,0;14,0
1454;0,4627659574468085;0,31636363636363635;PhyDL;0,9;10;sonar;6;1;edgebetweenness;3,8310015000024578;208,0;60,0;15,0
1455;0,4627659574468085;0,31636363636363635;PhyDL;0,9;10;sonar;6;1;edgebetweenness;3,8309832000049937;208,0;60,0;16,0
1456;0,4627659574468085;0,31636363636363635;PhyDL;0,9;10;sonar;6;1;edgebetweenness;3,830979500002286;208,0;60,0;17,0
1457;0,4627659574468085;0,31636363636363635;PhyDL;0,9;10;sonar;6;1;edgebetweenness;3,8309675000018615;208,0;60,0;18,0
1458;0,4627659574468085;0,31636363636363635;PhyDL;0,9;10;sonar;6;1;edgebetweenness;3,8309686000029615;208,0;60,0;19,0
1459;0,4627659574468085;0,31636363636363635;PhyDL;0,9;10;sonar;6;1;edgebetweenness;3,8310063000026275;208,0;60,0;20,0
1460;0,4627659574468085;0,31636363636363635;PhyDL;0,9;10;sonar;6;1;edgebetweenness;3,830978400001186;208,0;60,0;21,0
1461;0,5372340425531915;0,3494809688581315;PhyDL;0,9;10;sonar;6;1;edgebetweenness;3,8310216999998374;208,0;60,0;22,0
1462;0,4627659574468085;0,31636363636363635;PhyDL;0,9;10;sonar;6;1;edgebetweenness;3,831013200000598;208,0;60,0;23,0
1463;0,4627659574468085;0,31636363636363635;PhyDL;0,9;10;sonar;6;1;edgebetweenness;3,830970500002877;208,0;60,0;24,0
1464;0,4627659574468085;0,31636363636363635;PhyDL;0,9;10;sonar;6;1;edgebetweenness;3,831090600000607;208,0;60,0;25,0
1465;0,5372340425531915;0,3494809688581315;PhyDL;0,9;10;sonar;6;1;edgebetweenness;3,8309723000020313;208,0;60,0;26,0
1466;0,5372340425531915;0,3494809688581315;PhyDL;0,9;10;sonar;6;1;edgebetweenness;3,830975100001524;208,0;60,0;27,0
1467;0,4627659574468085;0,31636363636363635;PhyDL;0,9;10;sonar;6;1;edgebetweenness;3,830970000002708;208,0;60,0;28,0
1468;0,4627659574468085;0,31636363636363635;PhyDL;0,9;10;sonar;6;1;edgebetweenness;3,8310019000018656;208,0;60,0;29,0
1469;0,5372340425531915;0,3494809688581315;PhyDL;0,9;10;sonar;6;1;edgebetweenness;3,8309779000010167;208,0;60,0;30,0
1470;0,6914893617021277;0,6863782788771284;LLGC;0,9;10;sonar;6;1;edgebetweenness;0,02732819999800995;208,0;60,0;1,0
1471;0,6223404255319149;0,5362540388423722;LLGC;0,9;10;sonar;6;1;edgebetweenness;0,031260600000678096;208,0;60,0;2,0
1472;0,48404255319148937;0,3591284484273414;LLGC;0,9;10;sonar;6;1;edgebetweenness;0,02408310000100755;208,0;60,0;3,0
1473;0,46808510638297873;0,32732216974380995;LLGC;0,9;10;sonar;6;1;edgebetweenness;0,03025300000081188;208,0;60,0;4,0
1474;0,46808510638297873;0,32732216974380995;LLGC;0,9;10;sonar;6;1;edgebetweenness;0,024190500000258908;208,0;60,0;5,0
1475;0,6542553191489362;0,616483068135455;LLGC;0,9;10;sonar;6;1;edgebetweenness;0,08679990000018734;208,0;60,0;6,0
1476;0,6329787234042553;0,5542727553860427;LLGC;0,9;10;sonar;6;1;edgebetweenness;0,031215399998473004;208,0;60,0;7,0
1477;0,6276595744680851;0,6081000595592614;LLGC;0,9;10;sonar;6;1;edgebetweenness;0,02278610000212211;208,0;60,0;8,0
1478;0,4787234042553192;0,3486990950226244;LLGC;0,9;10;sonar;6;1;edgebetweenness;0,08617640000011306;208,0;60,0;9,0
1479;0,5691489361702128;0,42140658839621564;LLGC;0,9;10;sonar;6;1;edgebetweenness;0,03781460000027437;208,0;60,0;10,0
1480;0,6595744680851063;0,6083333333333334;LLGC;0,9;10;sonar;6;1;edgebetweenness;0,02481649999754154;208,0;60,0;11,0
1481;0,675531914893617;0,6638822943228113;LLGC;0,9;10;sonar;6;1;edgebetweenness;0,030498899999656714;208,0;60,0;12,0
1482;0,4734042553191489;0,338098794409474;LLGC;0,9;10;sonar;6;1;edgebetweenness;0,029613699996843934;208,0;60,0;13,0
1483;0,5691489361702128;0,42140658839621564;LLGC;0,9;10;sonar;6;1;edgebetweenness;0,029906400002801092;208,0;60,0;14,0
1484;0,4627659574468085;0,31636363636363635;LLGC;0,9;10;sonar;6;1;edgebetweenness;0,03161469999758992;208,0;60,0;15,0
1485;0,4627659574468085;0,31636363636363635;LLGC;0,9;10;sonar;6;1;edgebetweenness;0,041381899998668814;208,0;60,0;16,0
1486;0,4627659574468085;0,31636363636363635;LLGC;0,9;10;sonar;6;1;edgebetweenness;0,0259511999975075;208,0;60,0;17,0
1487;0,6436170212765957;0,6361115123501373;LLGC;0,9;10;sonar;6;1;edgebetweenness;0,023437099996954203;208,0;60,0;18,0
1488;0,46808510638297873;0,3354072398190045;LLGC;0,9;10;sonar;6;1;edgebetweenness;0,023477299997466616;208,0;60,0;19,0
1489;0,4627659574468085;0,31636363636363635;LLGC;0,9;10;sonar;6;1;edgebetweenness;0,040803600000799634;208,0;60,0;20,0
1490;0,48404255319148937;0,3591284484273414;LLGC;0,9;10;sonar;6;1;edgebetweenness;0,030165599997417303;208,0;60,0;21,0
1491;0,5957446808510638;0,5063571033720287;LLGC;0,9;10;sonar;6;1;edgebetweenness;0,024837199998728465;208,0;60,0;22,0
1492;0,5531914893617021;0,4903833742093714;LLGC;0,9;10;sonar;6;1;edgebetweenness;0,03748819999964326;208,0;60,0;23,0
1493;0,48404255319148937;0,37339793148472666;LLGC;0,9;10;sonar;6;1;edgebetweenness;0,035558100000343984;208,0;60,0;24,0
1494;0,48936170212765956;0,3764510779436152;LLGC;0,9;10;sonar;6;1;edgebetweenness;0,22895659999994677;208,0;60,0;25,0
1495;0,648936170212766;0,6091229838709677;LLGC;0,9;10;sonar;6;1;edgebetweenness;0,07490510000206996;208,0;60,0;26,0
1496;0,574468085106383;0,4326241134751773;LLGC;0,9;10;sonar;6;1;edgebetweenness;0,026838499998120824;208,0;60,0;27,0
1497;0,4946808510638298;0,37949484070458256;LLGC;0,9;10;sonar;6;1;edgebetweenness;0,029420000002573943;208,0;60,0;28,0
1498;0,4734042553191489;0,3459146020031629;LLGC;0,9;10;sonar;6;1;edgebetweenness;0,030844699998851866;208,0;60,0;29,0
1499;0,5638297872340425;0,409981628903858;LLGC;0,9;10;sonar;6;1;edgebetweenness;0,025981599999795435;208,0;60,0;30,0
1500;0,5380434782608695;0,3498233215547703;PhyDL;0,9;12;sonar;6;1;edgebetweenness;3,8310169000033056;208,0;60,0;1,0
1501;0,5380434782608695;0,3498233215547703;PhyDL;0,9;12;sonar;6;1;edgebetweenness;3,831024700000853;208,0;60,0;2,0
1502;0,46195652173913043;0,3159851301115242;PhyDL;0,9;12;sonar;6;1;edgebetweenness;3,8309898000043177;208,0;60,0;3,0
1503;0,46195652173913043;0,3159851301115242;PhyDL;0,9;12;sonar;6;1;edgebetweenness;3,830970500002877;208,0;60,0;4,0
1504;0,46195652173913043;0,3159851301115242;PhyDL;0,9;12;sonar;6;1;edgebetweenness;3,8309882000030484;208,0;60,0;5,0
1505;0,46195652173913043;0,3159851301115242;PhyDL;0,9;12;sonar;6;1;edgebetweenness;3,8309860000044864;208,0;60,0;6,0
1506;0,46195652173913043;0,3159851301115242;PhyDL;0,9;12;sonar;6;1;edgebetweenness;3,830971600000339;208,0;60,0;7,0
1507;0,5380434782608695;0,3498233215547703;PhyDL;0,9;12;sonar;6;1;edgebetweenness;3,8309926000038104;208,0;60,0;8,0
1508;0,5380434782608695;0,3498233215547703;PhyDL;0,9;12;sonar;6;1;edgebetweenness;3,83097220000127;208,0;60,0;9,0
1509;0,5380434782608695;0,3498233215547703;PhyDL;0,9;12;sonar;6;1;edgebetweenness;3,8309691000031307;208,0;60,0;10,0
1510;0,5380434782608695;0,3498233215547703;PhyDL;0,9;12;sonar;6;1;edgebetweenness;3,8310006000028807;208,0;60,0;11,0
1511;0,5380434782608695;0,3498233215547703;PhyDL;0,9;12;sonar;6;1;edgebetweenness;3,8309728000022005;208,0;60,0;12,0
1512;0,46195652173913043;0,3159851301115242;PhyDL;0,9;12;sonar;6;1;edgebetweenness;3,830988800000341;208,0;60,0;13,0
1513;0,46195652173913043;0,3159851301115242;PhyDL;0,9;12;sonar;6;1;edgebetweenness;3,8309939000027953;208,0;60,0;14,0
1514;0,5380434782608695;0,3498233215547703;PhyDL;0,9;12;sonar;6;1;edgebetweenness;3,8310124000017822;208,0;60,0;15,0
1515;0,46195652173913043;0,3159851301115242;PhyDL;0,9;12;sonar;6;1;edgebetweenness;3,8309684000014386;208,0;60,0;16,0
1516;0,5380434782608695;0,3498233215547703;PhyDL;0,9;12;sonar;6;1;edgebetweenness;3,831002200000512;208,0;60,0;17,0
1517;0,5380434782608695;0,3498233215547703;PhyDL;0,9;12;sonar;6;1;edgebetweenness;3,8309718000055;208,0;60,0;18,0
1518;0,5380434782608695;0,3498233215547703;PhyDL;0,9;12;sonar;6;1;edgebetweenness;3,8309697000040615;208,0;60,0;19,0
1519;0,46195652173913043;0,3159851301115242;PhyDL;0,9;12;sonar;6;1;edgebetweenness;3,830988100002287;208,0;60,0;20,0
1520;0,5380434782608695;0,3498233215547703;PhyDL;0,9;12;sonar;6;1;edgebetweenness;3,8309659000005922;208,0;60,0;21,0
1521;0,46195652173913043;0,3159851301115242;PhyDL;0,9;12;sonar;6;1;edgebetweenness;3,830986300003133;208,0;60,0;22,0
1522;0,5380434782608695;0,3498233215547703;PhyDL;0,9;12;sonar;6;1;edgebetweenness;3,83098720000271;208,0;60,0;23,0
1523;0,46195652173913043;0,3159851301115242;PhyDL;0,9;12;sonar;6;1;edgebetweenness;3,8309896000027948;208,0;60,0;24,0
1524;0,46195652173913043;0,3159851301115242;PhyDL;0,9;12;sonar;6;1;edgebetweenness;3,8310100000016973;208,0;60,0;25,0
1525;0,46195652173913043;0,3159851301115242;PhyDL;0,9;12;sonar;6;1;edgebetweenness;3,8310089000005974;208,0;60,0;26,0
1526;0,46195652173913043;0,3159851301115242;PhyDL;0,9;12;sonar;6;1;edgebetweenness;3,831004400002712;208,0;60,0;27,0
1527;0,5380434782608695;0,3498233215547703;PhyDL;0,9;12;sonar;6;1;edgebetweenness;3,8309871000019484;208,0;60,0;28,0
1528;0,46195652173913043;0,3159851301115242;PhyDL;0,9;12;sonar;6;1;edgebetweenness;3,831018500004575;208,0;60,0;29,0
1529;0,46195652173913043;0,3159851301115242;PhyDL;0,9;12;sonar;6;1;edgebetweenness;3,8309717000011005;208,0;60,0;30,0
1530;0,5489130434782609;0,46464752690433625;LLGC;0,9;12;sonar;6;1;edgebetweenness;0,08940209999855142;208,0;60,0;1,0
1531;0,6141304347826086;0,593970473970474;LLGC;0,9;12;sonar;6;1;edgebetweenness;0,06344670000180486;208,0;60,0;2,0
1532;0,46195652173913043;0,3159851301115242;LLGC;0,9;12;sonar;6;1;edgebetweenness;0,027583500002947403;208,0;60,0;3,0
1533;0,6195652173913043;0,5807291666666667;LLGC;0,9;12;sonar;6;1;edgebetweenness;0,03781650000018999;208,0;60,0;4,0
1534;0,47282608695652173;0,3461073456677047;LLGC;0,9;12;sonar;6;1;edgebetweenness;0,023629999999684514;208,0;60,0;5,0
1535;0,5054347826086957;0,41891376019434323;LLGC;0,9;12;sonar;6;1;edgebetweenness;0,02947639999911189;208,0;60,0;6,0
1536;0,47282608695652173;0,33815404012311345;LLGC;0,9;12;sonar;6;1;edgebetweenness;0,03162349999911385;208,0;60,0;7,0
1537;0,6413043478260869;0,6361021215390148;LLGC;0,9;12;sonar;6;1;edgebetweenness;0,0341818000015337;208,0;60,0;8,0
1538;0,5597826086956522;0,3997825299021385;LLGC;0,9;12;sonar;6;1;edgebetweenness;0,06004000000029919;208,0;60,0;9,0
1539;0,5597826086956522;0,3997825299021385;LLGC;0,9;12;sonar;6;1;edgebetweenness;0,045381000003544614;208,0;60,0;10,0
1540;0,717391304347826;0,7033730158730158;LLGC;0,9;12;sonar;6;1;edgebetweenness;0,04970679999678396;208,0;60,0;11,0
1541;0,6739130434782609;0,6257627118644068;LLGC;0,9;12;sonar;6;1;edgebetweenness;0,0388911999980337;208,0;60,0;12,0
1542;0,5380434782608695;0,45722713864306785;LLGC;0,9;12;sonar;6;1;edgebetweenness;0,030999999999039574;208,0;60,0;13,0
1543;0,5054347826086957;0,4068931316637739;LLGC;0,9;12;sonar;6;1;edgebetweenness;0,031925900002534036;208,0;60,0;14,0
1544;0,6086956521739131;0,4993197278911564;LLGC;0,9;12;sonar;6;1;edgebetweenness;0,06470749999789405;208,0;60,0;15,0
1545;0,46195652173913043;0,3159851301115242;LLGC;0,9;12;sonar;6;1;edgebetweenness;0,03170779999709339;208,0;60,0;16,0
1546;0,6032608695652174;0,48902499334271693;LLGC;0,9;12;sonar;6;1;edgebetweenness;0,10247370000070077;208,0;60,0;17,0
1547;0,5434782608695652;0,36269173676397826;LLGC;0,9;12;sonar;6;1;edgebetweenness;0,08867589999863412;208,0;60,0;18,0
1548;0,5054347826086957;0,4606886333623217;LLGC;0,9;12;sonar;6;1;edgebetweenness;0,07464280000203871;208,0;60,0;19,0
1549;0,46195652173913043;0,3159851301115242;LLGC;0,9;12;sonar;6;1;edgebetweenness;0,029849300000933;208,0;60,0;20,0
1550;0,592391304347826;0,5058545493608336;LLGC;0,9;12;sonar;6;1;edgebetweenness;0,02339610000126413;208,0;60,0;21,0
1551;0,47282608695652173;0,33815404012311345;LLGC;0,9;12;sonar;6;1;edgebetweenness;0,024588000000221655;208,0;60,0;22,0
1552;0,5597826086956522;0,3997825299021385;LLGC;0,9;12;sonar;6;1;edgebetweenness;0,023895500002254266;208,0;60,0;23,0
1553;0,4673913043478261;0,32716417910447765;LLGC;0,9;12;sonar;6;1;edgebetweenness;0,030075200000283075;208,0;60,0;24,0
1554;0,6847826086956522;0,6838487972508591;LLGC;0,9;12;sonar;6;1;edgebetweenness;0,029042199999821605;208,0;60,0;25,0
1555;0,46195652173913043;0,3159851301115242;LLGC;0,9;12;sonar;6;1;edgebetweenness;0,02625649999754387;208,0;60,0;26,0
1556;0,46195652173913043;0,3159851301115242;LLGC;0,9;12;sonar;6;1;edgebetweenness;0,029656299997441238;208,0;60,0;27,0
1557;0,5597826086956522;0,4172434017595308;LLGC;0,9;12;sonar;6;1;edgebetweenness;0,044280099999014055;208,0;60,0;28,0
1558;0,5597826086956522;0,5054255848680936;LLGC;0,9;12;sonar;6;1;edgebetweenness;0,06600029999754042;208,0;60,0;29,0
1559;0,6630434782608695;0,6480315932370726;LLGC;0,9;12;sonar;6;1;edgebetweenness;0,035490299997036345;208,0;60,0;30,0
1560;0,46111111111111114;0,3155893536121673;PhyDL;0,9;14;sonar;6;1;edgebetweenness;3,8309682000035536;208,0;60,0;1,0
1561;0,5388888888888889;0,35018050541516244;PhyDL;0,9;14;sonar;6;1;edgebetweenness;3,8309785000019474;208,0;60,0;2,0
1562;0,46111111111111114;0,3155893536121673;PhyDL;0,9;14;sonar;6;1;edgebetweenness;3,8309767000027932;208,0;60,0;3,0
1563;0,46111111111111114;0,3155893536121673;PhyDL;0,9;14;sonar;6;1;edgebetweenness;3,830975799999578;208,0;60,0;4,0
1564;0,46111111111111114;0,3155893536121673;PhyDL;0,9;14;sonar;6;1;edgebetweenness;3,8309752000022854;208,0;60,0;5,0
1565;0,5388888888888889;0,35018050541516244;PhyDL;0,9;14;sonar;6;1;edgebetweenness;3,830968700000085;208,0;60,0;6,0
1566;0,5388888888888889;0,35018050541516244;PhyDL;0,9;14;sonar;6;1;edgebetweenness;3,830973100000847;208,0;60,0;7,0
1567;0,5388888888888889;0,35018050541516244;PhyDL;0,9;14;sonar;6;1;edgebetweenness;3,83096999999907;208,0;60,0;8,0
1568;0,5388888888888889;0,35018050541516244;PhyDL;0,9;14;sonar;6;1;edgebetweenness;3,8309682000035536;208,0;60,0;9,0
1569;0,46111111111111114;0,3155893536121673;PhyDL;0,9;14;sonar;6;1;edgebetweenness;3,830969800004823;208,0;60,0;10,0
1570;0,46111111111111114;0,3155893536121673;PhyDL;0,9;14;sonar;6;1;edgebetweenness;3,83099410000068;208,0;60,0;11,0
1571;0,5388888888888889;0,35018050541516244;PhyDL;0,9;14;sonar;6;1;edgebetweenness;3,830971600003977;208,0;60,0;12,0
1572;0,46111111111111114;0,3155893536121673;PhyDL;0,9;14;sonar;6;1;edgebetweenness;3,830980400001863;208,0;60,0;13,0
1573;0,5388888888888889;0,35018050541516244;PhyDL;0,9;14;sonar;6;1;edgebetweenness;3,8310037000046577;208,0;60,0;14,0
1574;0,5388888888888889;0,35018050541516244;PhyDL;0,9;14;sonar;6;1;edgebetweenness;3,8309757000024547;208,0;60,0;15,0
1575;0,5388888888888889;0,35018050541516244;PhyDL;0,9;14;sonar;6;1;edgebetweenness;3,8309878000036406;208,0;60,0;16,0
1576;0,46111111111111114;0,3155893536121673;PhyDL;0,9;14;sonar;6;1;edgebetweenness;3,8310268000022916;208,0;60,0;17,0
1577;0,46111111111111114;0,3155893536121673;PhyDL;0,9;14;sonar;6;1;edgebetweenness;3,8309719000026234;208,0;60,0;18,0
1578;0,46111111111111114;0,3155893536121673;PhyDL;0,9;14;sonar;6;1;edgebetweenness;3,8309876000021177;208,0;60,0;19,0
1579;0,46111111111111114;0,3155893536121673;PhyDL;0,9;14;sonar;6;1;edgebetweenness;3,830968700003723;208,0;60,0;20,0
1580;0,46111111111111114;0,3155893536121673;PhyDL;0,9;14;sonar;6;1;edgebetweenness;3,830971600000339;208,0;60,0;21,0
1581;0,46111111111111114;0,3155893536121673;PhyDL;0,9;14;sonar;6;1;edgebetweenness;3,83098940000491;208,0;60,0;22,0
1582;0,46111111111111114;0,3155893536121673;PhyDL;0,9;14;sonar;6;1;edgebetweenness;3,8309796000030474;208,0;60,0;23,0
1583;0,5388888888888889;0,35018050541516244;PhyDL;0,9;14;sonar;6;1;edgebetweenness;3,830970700000762;208,0;60,0;24,0
1584;0,46111111111111114;0,3155893536121673;PhyDL;0,9;14;sonar;6;1;edgebetweenness;3,8309723000020313;208,0;60,0;25,0
1585;0,46111111111111114;0,3155893536121673;PhyDL;0,9;14;sonar;6;1;edgebetweenness;3,830970500002877;208,0;60,0;26,0
1586;0,5388888888888889;0,35018050541516244;PhyDL;0,9;14;sonar;6;1;edgebetweenness;3,8309939000027953;208,0;60,0;27,0
1587;0,46111111111111114;0,3155893536121673;PhyDL;0,9;14;sonar;6;1;edgebetweenness;3,8309697000004235;208,0;60,0;28,0
1588;0,46111111111111114;0,3155893536121673;PhyDL;0,9;14;sonar;6;1;edgebetweenness;3,8309796000030474;208,0;60,0;29,0
1589;0,46111111111111114;0,3155893536121673;PhyDL;0,9;14;sonar;6;1;edgebetweenness;3,8309748000028776;208,0;60,0;30,0
1590;0,6388888888888888;0,6348200630481601;LLGC;0,9;14;sonar;6;1;edgebetweenness;0,034723499997198815;208,0;60,0;1,0
1591;0,5222222222222223;0,3808990561510158;LLGC;0,9;14;sonar;6;1;edgebetweenness;0,03300139999919338;208,0;60,0;2,0
1592;0,48333333333333334;0,3816260943445015;LLGC;0,9;14;sonar;6;1;edgebetweenness;0,030581600000004983;208,0;60,0;3,0
1593;0,6111111111111112;0,5757004310344828;LLGC;0,9;14;sonar;6;1;edgebetweenness;0,030938899999455316;208,0;60,0;4,0
1594;0,5777777777777777;0,5288607246177159;LLGC;0,9;14;sonar;6;1;edgebetweenness;0,025335800000902964;208,0;60,0;5,0
1595;0,55;0,4426392446194426;LLGC;0,9;14;sonar;6;1;edgebetweenness;0,03597779999836348;208,0;60,0;6,0
1596;0,5666666666666667;0,4222222222222222;LLGC;0,9;14;sonar;6;1;edgebetweenness;0,0319932999991579;208,0;60,0;7,0
1597;0,6777777777777778;0,6685714285714286;LLGC;0,9;14;sonar;6;1;edgebetweenness;0,035712500000954606;208,0;60,0;8,0
1598;0,5666666666666667;0,41343582887700536;LLGC;0,9;14;sonar;6;1;edgebetweenness;0,03771710000000894;208,0;60,0;9,0
1599;0,46111111111111114;0,3155893536121673;LLGC;0,9;14;sonar;6;1;edgebetweenness;0,06521350000184611;208,0;60,0;10,0
1600;0,46111111111111114;0,3155893536121673;LLGC;0,9;14;sonar;6;1;edgebetweenness;0,03206000000136555;208,0;60,0;11,0
1601;0,6222222222222222;0,5402644230769231;LLGC;0,9;14;sonar;6;1;edgebetweenness;0,022836199997982476;208,0;60,0;12,0
1602;0,6277777777777778;0,6272139964761523;LLGC;0,9;14;sonar;6;1;edgebetweenness;0,0381723000027705;208,0;60,0;13,0
1603;0,6777777777777778;0,6484375;LLGC;0,9;14;sonar;6;1;edgebetweenness;0,14964939999845228;208,0;60,0;14,0
1604;0,5111111111111111;0,4989878542510121;LLGC;0,9;14;sonar;6;1;edgebetweenness;0,12461759999860078;208,0;60,0;15,0
1605;0,5722222222222222;0,425349309672872;LLGC;0,9;14;sonar;6;1;edgebetweenness;0,07981300000028568;208,0;60,0;16,0
1606;0,46111111111111114;0,3155893536121673;LLGC;0,9;14;sonar;6;1;edgebetweenness;0,024340500000107568;208,0;60,0;17,0
1607;0,6277777777777778;0,6274903474903475;LLGC;0,9;14;sonar;6;1;edgebetweenness;0,03568819999782136;208,0;60,0;18,0
1608;0,5333333333333333;0,4608472400513479;LLGC;0,9;14;sonar;6;1;edgebetweenness;0,02519689999826369;208,0;60,0;19,0
1609;0,5111111111111111;0,41167731392066553;LLGC;0,9;14;sonar;6;1;edgebetweenness;0,04163859999971464;208,0;60,0;20,0
1610;0,6055555555555555;0,602005543271776;LLGC;0,9;14;sonar;6;1;edgebetweenness;0,040442699999402976;208,0;60,0;21,0
1611;0,5111111111111111;0,42400000000000004;LLGC;0,9;14;sonar;6;1;edgebetweenness;0,031058299999131123;208,0;60,0;22,0
1612;0,4666666666666667;0,32699797476242404;LLGC;0,9;14;sonar;6;1;edgebetweenness;0,0400249000012991;208,0;60,0;23,0
1613;0,6722222222222223;0,6667817137836904;LLGC;0,9;14;sonar;6;1;edgebetweenness;0,02938969999740948;208,0;60,0;24,0
1614;0,46111111111111114;0,3155893536121673;LLGC;0,9;14;sonar;6;1;edgebetweenness;0,030782300000282703;208,0;60,0;25,0
1615;0,46111111111111114;0,3155893536121673;LLGC;0,9;14;sonar;6;1;edgebetweenness;0,023414399998728186;208,0;60,0;26,0
1616;0,7444444444444445;0,7325235818581213;LLGC;0,9;14;sonar;6;1;edgebetweenness;0,029549999999289867;208,0;60,0;27,0
1617;0,6944444444444444;0,6910015918099817;LLGC;0,9;14;sonar;6;1;edgebetweenness;0,02620579999711481;208,0;60,0;28,0
1618;0,4666666666666667;0,3353846153846154;LLGC;0,9;14;sonar;6;1;edgebetweenness;0,07266689999960363;208,0;60,0;29,0
1619;0,6222222222222222;0,6174999999999999;LLGC;0,9;14;sonar;6;1;edgebetweenness;0,03827679999812972;208,0;60,0;30,0
1620;0,5397727272727273;0,3505535055350554;PhyDL;0,9;16;sonar;6;1;edgebetweenness;3,830968700003723;208,0;60,0;1,0
1621;0,5397727272727273;0,3505535055350554;PhyDL;0,9;16;sonar;6;1;edgebetweenness;3,830970500002877;208,0;60,0;2,0
1622;0,5397727272727273;0,3505535055350554;PhyDL;0,9;16;sonar;6;1;edgebetweenness;3,8309812000043166;208,0;60,0;3,0
1623;0,4602272727272727;0,3151750972762646;PhyDL;0,9;16;sonar;6;1;edgebetweenness;3,83096480000313;208,0;60,0;4,0
1624;0,4602272727272727;0,3151750972762646;PhyDL;0,9;16;sonar;6;1;edgebetweenness;3,830984600001102;208,0;60,0;5,0
1625;0,5397727272727273;0,3505535055350554;PhyDL;0,9;16;sonar;6;1;edgebetweenness;3,830985700002202;208,0;60,0;6,0
1626;0,5397727272727273;0,3505535055350554;PhyDL;0,9;16;sonar;6;1;edgebetweenness;3,830970700000762;208,0;60,0;7,0
1627;0,5397727272727273;0,3505535055350554;PhyDL;0,9;16;sonar;6;1;edgebetweenness;3,83098940000491;208,0;60,0;8,0
1628;0,4602272727272727;0,3151750972762646;PhyDL;0,9;16;sonar;6;1;edgebetweenness;3,8309728000022005;208,0;60,0;9,0
1629;0,4602272727272727;0,3151750972762646;PhyDL;0,9;16;sonar;6;1;edgebetweenness;3,8309723000020313;208,0;60,0;10,0
1630;0,5397727272727273;0,3505535055350554;PhyDL;0,9;16;sonar;6;1;edgebetweenness;3,831013200004236;208,0;60,0;11,0
1631;0,4602272727272727;0,3151750972762646;PhyDL;0,9;16;sonar;6;1;edgebetweenness;3,8309750000007625;208,0;60,0;12,0
1632;0,4602272727272727;0,3151750972762646;PhyDL;0,9;16;sonar;6;1;edgebetweenness;3,8310224000015296;208,0;60,0;13,0
1633;0,5397727272727273;0,3505535055350554;PhyDL;0,9;16;sonar;6;1;edgebetweenness;3,8309781000025396;208,0;60,0;14,0
1634;0,4602272727272727;0,3151750972762646;PhyDL;0,9;16;sonar;6;1;edgebetweenness;3,830970300001354;208,0;60,0;15,0
1635;0,5397727272727273;0,3505535055350554;PhyDL;0,9;16;sonar;6;1;edgebetweenness;3,830968700003723;208,0;60,0;16,0
1636;0,4602272727272727;0,3151750972762646;PhyDL;0,9;16;sonar;6;1;edgebetweenness;3,830987700002879;208,0;60,0;17,0
1637;0,4602272727272727;0,3151750972762646;PhyDL;0,9;16;sonar;6;1;edgebetweenness;3,8310070000006817;208,0;60,0;18,0
1638;0,4602272727272727;0,3151750972762646;PhyDL;0,9;16;sonar;6;1;edgebetweenness;3,8309719000026234;208,0;60,0;19,0
1639;0,4602272727272727;0,3151750972762646;PhyDL;0,9;16;sonar;6;1;edgebetweenness;3,830969400001777;208,0;60,0;20,0
1640;0,4602272727272727;0,3151750972762646;PhyDL;0,9;16;sonar;6;1;edgebetweenness;3,830973800002539;208,0;60,0;21,0
1641;0,5397727272727273;0,3505535055350554;PhyDL;0,9;16;sonar;6;1;edgebetweenness;3,831014800001867;208,0;60,0;22,0
1642;0,4602272727272727;0,3151750972762646;PhyDL;0,9;16;sonar;6;1;edgebetweenness;3,8310001000027114;208,0;60,0;23,0
1643;0,4602272727272727;0,3151750972762646;PhyDL;0,9;16;sonar;6;1;edgebetweenness;3,830992500003049;208,0;60,0;24,0
1644;0,4602272727272727;0,3151750972762646;PhyDL;0,9;16;sonar;6;1;edgebetweenness;3,8309766000020318;208,0;60,0;25,0
1645;0,4602272727272727;0,3151750972762646;PhyDL;0,9;16;sonar;6;1;edgebetweenness;3,8309745000042312;208,0;60,0;26,0
1646;0,4602272727272727;0,3151750972762646;PhyDL;0,9;16;sonar;6;1;edgebetweenness;3,8309904000052484;208,0;60,0;27,0
1647;0,4602272727272727;0,3151750972762646;PhyDL;0,9;16;sonar;6;1;edgebetweenness;3,8309745000005933;208,0;60,0;28,0
1648;0,4602272727272727;0,3151750972762646;PhyDL;0,9;16;sonar;6;1;edgebetweenness;3,8309699000055843;208,0;60,0;29,0
1649;0,4602272727272727;0,3151750972762646;PhyDL;0,9;16;sonar;6;1;edgebetweenness;3,8309682000035536;208,0;60,0;30,0
1650;0,5852272727272727;0,4590543556060797;LLGC;0,9;16;sonar;6;1;edgebetweenness;0,03363360000003013;208,0;60,0;1,0
1651;0,5852272727272727;0,49319553469291155;LLGC;0,9;16;sonar;6;1;edgebetweenness;0,03041490000032354;208,0;60,0;2,0
1652;0,5397727272727273;0,3505535055350554;LLGC;0,9;16;sonar;6;1;edgebetweenness;0,026664299999538343;208,0;60,0;3,0
1653;0,4772727272727273;0,37220843672456577;LLGC;0,9;16;sonar;6;1;edgebetweenness;0,022654000000329688;208,0;60,0;4,0
1654;0,45454545454545453;0,3125;LLGC;0,9;16;sonar;6;1;edgebetweenness;0,024400900001637638;208,0;60,0;5,0
1655;0,5568181818181818;0,39019189765458423;LLGC;0,9;16;sonar;6;1;edgebetweenness;0,030954300000303192;208,0;60,0;6,0
1656;0,6761363636363636;0,641086186540732;LLGC;0,9;16;sonar;6;1;edgebetweenness;0,023155599999881815;208,0;60,0;7,0
1657;0,5511363636363636;0,37725623684328397;LLGC;0,9;16;sonar;6;1;edgebetweenness;0,03138229999967734;208,0;60,0;8,0
1658;0,4715909090909091;0,3382656155245603;LLGC;0,9;16;sonar;6;1;edgebetweenness;0,026849799996853108;208,0;60,0;9,0
1659;0,5568181818181818;0,5028248587570621;LLGC;0,9;16;sonar;6;1;edgebetweenness;0,027259200000116834;208,0;60,0;10,0
1660;0,6875;0,6656419467375911;LLGC;0,9;16;sonar;6;1;edgebetweenness;0,038618800001131603;208,0;60,0;11,0
1661;0,48295454545454547;0,3605621431708388;LLGC;0,9;16;sonar;6;1;edgebetweenness;0,03665550000005169;208,0;60,0;12,0
1662;0,4659090909090909;0,3268229166666667;LLGC;0,9;16;sonar;6;1;edgebetweenness;0,0396602000000712;208,0;60,0;13,0
1663;0,5681818181818182;0,4152823920265781;LLGC;0,9;16;sonar;6;1;edgebetweenness;0,027121800001623342;208,0;60,0;14,0
1664;0,6875;0,6870048824651599;LLGC;0,9;16;sonar;6;1;edgebetweenness;0,0271485000012035;208,0;60,0;15,0
1665;0,5568181818181818;0,39019189765458423;LLGC;0,9;16;sonar;6;1;edgebetweenness;0,024491299998771865;208,0;60,0;16,0
1666;0,4659090909090909;0,3268229166666667;LLGC;0,9;16;sonar;6;1;edgebetweenness;0,030706900000950554;208,0;60,0;17,0
1667;0,5;0,4060438717594723;LLGC;0,9;16;sonar;6;1;edgebetweenness;0,038202599997021025;208,0;60,0;18,0
1668;0,4602272727272727;0,3151750972762646;LLGC;0,9;16;sonar;6;1;edgebetweenness;0,03808190000199829;208,0;60,0;19,0
1669;0,5738636363636364;0,5707456668075834;LLGC;0,9;16;sonar;6;1;edgebetweenness;0,07788269999946351;208,0;60,0;20,0
1670;0,7045454545454546;0,7039337474120082;LLGC;0,9;16;sonar;6;1;edgebetweenness;0,04511560000173631;208,0;60,0;21,0
1671;0,6761363636363636;0,6212481594744592;LLGC;0,9;16;sonar;6;1;edgebetweenness;0,026939100000163307;208,0;60,0;22,0
1672;0,4659090909090909;0,3268229166666667;LLGC;0,9;16;sonar;6;1;edgebetweenness;0,041998400000011316;208,0;60,0;23,0
1673;0,5170454545454546;0,4351946237777023;LLGC;0,9;16;sonar;6;1;edgebetweenness;0,031116399997699773;208,0;60,0;24,0
1674;0,6193181818181818;0,6086942093910735;LLGC;0,9;16;sonar;6;1;edgebetweenness;0,08488779999970575;208,0;60,0;25,0
1675;0,7102272727272727;0,7102179176755448;LLGC;0,9;16;sonar;6;1;edgebetweenness;0,03889029999845661;208,0;60,0;26,0
1676;0,5056818181818182;0,4029711077318985;LLGC;0,9;16;sonar;6;1;edgebetweenness;0,04338920000009239;208,0;60,0;27,0
1677;0,5965909090909091;0,5596123348017621;LLGC;0,9;16;sonar;6;1;edgebetweenness;0,027947800001129508;208,0;60,0;28,0
1678;0,6306818181818182;0,6136048907352991;LLGC;0,9;16;sonar;6;1;edgebetweenness;0,061492599998018704;208,0;60,0;29,0
1679;0,4715909090909091;0,3465085638998683;LLGC;0,9;16;sonar;6;1;edgebetweenness;0,029434399999445304;208,0;60,0;30,0
1680;0,5406976744186046;0,35094339622641507;PhyDL;0,9;18;sonar;6;1;edgebetweenness;3,8309781000025396;208,0;60,0;1,0
1681;0,45930232558139533;0,3147410358565737;PhyDL;0,9;18;sonar;6;1;edgebetweenness;3,830971800001862;208,0;60,0;2,0
1682;0,45930232558139533;0,3147410358565737;PhyDL;0,9;18;sonar;6;1;edgebetweenness;3,83097110000017;208,0;60,0;3,0
1683;0,45930232558139533;0,3147410358565737;PhyDL;0,9;18;sonar;6;1;edgebetweenness;3,8309704000021156;208,0;60,0;4,0
1684;0,45930232558139533;0,3147410358565737;PhyDL;0,9;18;sonar;6;1;edgebetweenness;3,8309880000015255;208,0;60,0;5,0
1685;0,5406976744186046;0,35094339622641507;PhyDL;0,9;18;sonar;6;1;edgebetweenness;3,8310012000001734;208,0;60,0;6,0
1686;0,45930232558139533;0,3147410358565737;PhyDL;0,9;18;sonar;6;1;edgebetweenness;3,8309702000005927;208,0;60,0;7,0
1687;0,45930232558139533;0,3147410358565737;PhyDL;0,9;18;sonar;6;1;edgebetweenness;3,8309889000011026;208,0;60,0;8,0
1688;0,45930232558139533;0,3147410358565737;PhyDL;0,9;18;sonar;6;1;edgebetweenness;3,8309712000009313;208,0;60,0;9,0
1689;0,45930232558139533;0,3147410358565737;PhyDL;0,9;18;sonar;6;1;edgebetweenness;3,8309707000044;208,0;60,0;10,0
1690;0,45930232558139533;0,3147410358565737;PhyDL;0,9;18;sonar;6;1;edgebetweenness;3,8310107000033895;208,0;60,0;11,0
1691;0,5406976744186046;0,35094339622641507;PhyDL;0,9;18;sonar;6;1;edgebetweenness;3,8310089000042353;208,0;60,0;12,0
1692;0,45930232558139533;0,3147410358565737;PhyDL;0,9;18;sonar;6;1;edgebetweenness;3,830970300004992;208,0;60,0;13,0
1693;0,45930232558139533;0,3147410358565737;PhyDL;0,9;18;sonar;6;1;edgebetweenness;3,8310261000042374;208,0;60,0;14,0
1694;0,45930232558139533;0,3147410358565737;PhyDL;0,9;18;sonar;6;1;edgebetweenness;3,8309707000044;208,0;60,0;15,0
1695;0,45930232558139533;0,3147410358565737;PhyDL;0,9;18;sonar;6;1;edgebetweenness;3,8309777000031318;208,0;60,0;16,0
1696;0,5406976744186046;0,35094339622641507;PhyDL;0,9;18;sonar;6;1;edgebetweenness;3,830984600001102;208,0;60,0;17,0
1697;0,45930232558139533;0,3147410358565737;PhyDL;0,9;18;sonar;6;1;edgebetweenness;3,83110730000044;208,0;60,0;18,0
1698;0,5406976744186046;0,35094339622641507;PhyDL;0,9;18;sonar;6;1;edgebetweenness;3,831000900001527;208,0;60,0;19,0
1699;0,5406976744186046;0,35094339622641507;PhyDL;0,9;18;sonar;6;1;edgebetweenness;3,8309719000026234;208,0;60,0;20,0
1700;0,45930232558139533;0,3147410358565737;PhyDL;0,9;18;sonar;6;1;edgebetweenness;3,8309719000026234;208,0;60,0;21,0
1701;0,45930232558139533;0,3147410358565737;PhyDL;0,9;18;sonar;6;1;edgebetweenness;3,830966700003046;208,0;60,0;22,0
1702;0,5406976744186046;0,35094339622641507;PhyDL;0,9;18;sonar;6;1;edgebetweenness;3,830968700003723;208,0;60,0;23,0
1703;0,45930232558139533;0,3147410358565737;PhyDL;0,9;18;sonar;6;1;edgebetweenness;3,8309706000036385;208,0;60,0;24,0
1704;0,45930232558139533;0,3147410358565737;PhyDL;0,9;18;sonar;6;1;edgebetweenness;3,830966700003046;208,0;60,0;25,0
1705;0,5406976744186046;0,35094339622641507;PhyDL;0,9;18;sonar;6;1;edgebetweenness;3,8309750000044005;208,0;60,0;26,0
1706;0,45930232558139533;0,3147410358565737;PhyDL;0,9;18;sonar;6;1;edgebetweenness;3,8309752000022854;208,0;60,0;27,0
1707;0,5406976744186046;0,35094339622641507;PhyDL;0,9;18;sonar;6;1;edgebetweenness;3,830995600001188;208,0;60,0;28,0
1708;0,45930232558139533;0,3147410358565737;PhyDL;0,9;18;sonar;6;1;edgebetweenness;3,830996500004403;208,0;60,0;29,0
1709;0,45930232558139533;0,3147410358565737;PhyDL;0,9;18;sonar;6;1;edgebetweenness;3,8309684000014386;208,0;60,0;30,0
1710;0,6627906976744186;0,6228070175438596;LLGC;0,9;18;sonar;6;1;edgebetweenness;0,034646000000066124;208,0;60,0;1,0
1711;0,47674418604651164;0,37287311618862423;LLGC;0,9;18;sonar;6;1;edgebetweenness;0,04458599999998114;208,0;60,0;2,0
1712;0,46511627906976744;0,3353494623655914;LLGC;0,9;18;sonar;6;1;edgebetweenness;0,031050800000230083;208,0;60,0;3,0
1713;0,5232558139534884;0,44664155681104833;LLGC;0,9;18;sonar;6;1;edgebetweenness;0,03601469999921392;208,0;60,0;4,0
1714;0,47674418604651164;0,3497983870967742;LLGC;0,9;18;sonar;6;1;edgebetweenness;0,03141410000171163;208,0;60,0;5,0
1715;0,6627906976744186;0,6195270785659801;LLGC;0,9;18;sonar;6;1;edgebetweenness;0,03769330000068294;208,0;60,0;6,0
1716;0,5174418604651163;0,43112173739788806;LLGC;0,9;18;sonar;6;1;edgebetweenness;0,030303599996841513;208,0;60,0;7,0
1717;0,5;0,40074542213579645;LLGC;0,9;18;sonar;6;1;edgebetweenness;0,03193200000168872;208,0;60,0;8,0
1718;0,627906976744186;0,6277056277056277;LLGC;0,9;18;sonar;6;1;edgebetweenness;0,03598319999946398;208,0;60,0;9,0
1719;0,45930232558139533;0,3147410358565737;LLGC;0,9;18;sonar;6;1;edgebetweenness;0,06479049999688868;208,0;60,0;10,0
1720;0,5116279069767442;0,4273029966703663;LLGC;0,9;18;sonar;6;1;edgebetweenness;0,032450999999127816;208,0;60,0;11,0
1721;0,5755813953488372;0,46210855502720305;LLGC;0,9;18;sonar;6;1;edgebetweenness;0,03608100000201375;208,0;60,0;12,0
1722;0,5174418604651163;0,43704404747821285;LLGC;0,9;18;sonar;6;1;edgebetweenness;0,03845089999958873;208,0;60,0;13,0
1723;0,563953488372093;0,5635846950167462;LLGC;0,9;18;sonar;6;1;edgebetweenness;0,030900300000212155;208,0;60,0;14,0
1724;0,47674418604651164;0,3497983870967742;LLGC;0,9;18;sonar;6;1;edgebetweenness;0,035908400001062546;208,0;60,0;15,0
1725;0,5116279069767442;0,4331450094161958;LLGC;0,9;18;sonar;6;1;edgebetweenness;0,03265580000152113;208,0;60,0;16,0
1726;0,622093023255814;0,5390641104926819;LLGC;0,9;18;sonar;6;1;edgebetweenness;0,034749699996609706;208,0;60,0;17,0
1727;0,75;0,7499915492005543;LLGC;0,9;18;sonar;6;1;edgebetweenness;0,0756972000017413;208,0;60,0;18,0
1728;0,5697674418604651;0,42635658914728686;LLGC;0,9;18;sonar;6;1;edgebetweenness;0,04231259999869508;208,0;60,0;19,0
1729;0,5523255813953488;0,42474916387959866;LLGC;0,9;18;sonar;6;1;edgebetweenness;0,037253700000292156;208,0;60,0;20,0
1730;0,5930232558139535;0,584942084942085;LLGC;0,9;18;sonar;6;1;edgebetweenness;0,031244399997376604;208,0;60,0;21,0
1731;0,47674418604651164;0,3497983870967742;LLGC;0,9;18;sonar;6;1;edgebetweenness;0,024072699998214375;208,0;60,0;22,0
1732;0,5930232558139535;0,4655539772727273;LLGC;0,9;18;sonar;6;1;edgebetweenness;0,03891740000108257;208,0;60,0;23,0
1733;0,45930232558139533;0,3147410358565737;LLGC;0,9;18;sonar;6;1;edgebetweenness;0,030239900002925424;208,0;60,0;24,0
1734;0,45930232558139533;0,32377932783766644;LLGC;0,9;18;sonar;6;1;edgebetweenness;0,022729899999831105;208,0;60,0;25,0
1735;0,5872093023255814;0,46190790923110814;LLGC;0,9;18;sonar;6;1;edgebetweenness;0,03826190000108909;208,0;60,0;26,0
1736;0,563953488372093;0,5142889416017169;LLGC;0,9;18;sonar;6;1;edgebetweenness;0,03856219999943278;208,0;60,0;27,0
1737;0,6744186046511628;0,6595022624434389;LLGC;0,9;18;sonar;6;1;edgebetweenness;0,031294700002035825;208,0;60,0;28,0
1738;0,75;0,7497885584762678;LLGC;0,9;18;sonar;6;1;edgebetweenness;0,03280889999950887;208,0;60,0;29,0
1739;0,4941860465116279;0,3830550401978973;LLGC;0,9;18;sonar;6;1;edgebetweenness;0,04103649999888148;208,0;60,0;30,0
1740;0,4583333333333333;0,3142857142857143;PhyDL;0,9;20;sonar;6;1;edgebetweenness;3,830972500003554;208,0;60,0;1,0
1741;0,4583333333333333;0,3142857142857143;PhyDL;0,9;20;sonar;6;1;edgebetweenness;3,8309818000016094;208,0;60,0;2,0
1742;0,4583333333333333;0,3142857142857143;PhyDL;0,9;20;sonar;6;1;edgebetweenness;3,8309920000028796;208,0;60,0;3,0
1743;0,4583333333333333;0,3142857142857143;PhyDL;0,9;20;sonar;6;1;edgebetweenness;3,8309812000006787;208,0;60,0;4,0
1744;0,4583333333333333;0,3142857142857143;PhyDL;0,9;20;sonar;6;1;edgebetweenness;3,831002900002204;208,0;60,0;5,0
1745;0,4583333333333333;0,3142857142857143;PhyDL;0,9;20;sonar;6;1;edgebetweenness;3,830969599999662;208,0;60,0;6,0
1746;0,5416666666666666;0,35135135135135137;PhyDL;0,9;20;sonar;6;1;edgebetweenness;3,830969800001185;208,0;60,0;7,0
1747;0,4583333333333333;0,3142857142857143;PhyDL;0,9;20;sonar;6;1;edgebetweenness;3,830974399999832;208,0;60,0;8,0
1748;0,4583333333333333;0,3142857142857143;PhyDL;0,9;20;sonar;6;1;edgebetweenness;3,8309886000024562;208,0;60,0;9,0
1749;0,5416666666666666;0,35135135135135137;PhyDL;0,9;20;sonar;6;1;edgebetweenness;3,8309746000013547;208,0;60,0;10,0
1750;0,5416666666666666;0,35135135135135137;PhyDL;0,9;20;sonar;6;1;edgebetweenness;3,8309706000036385;208,0;60,0;11,0
1751;0,4583333333333333;0,3142857142857143;PhyDL;0,9;20;sonar;6;1;edgebetweenness;3,8309723999991547;208,0;60,0;12,0
1752;0,4583333333333333;0,3142857142857143;PhyDL;0,9;20;sonar;6;1;edgebetweenness;3,8309876000021177;208,0;60,0;13,0
1753;0,5416666666666666;0,35135135135135137;PhyDL;0,9;20;sonar;6;1;edgebetweenness;3,830970500002877;208,0;60,0;14,0
1754;0,5416666666666666;0,35135135135135137;PhyDL;0,9;20;sonar;6;1;edgebetweenness;3,830981500002963;208,0;60,0;15,0
1755;0,4583333333333333;0,3142857142857143;PhyDL;0,9;20;sonar;6;1;edgebetweenness;3,830966700003046;208,0;60,0;16,0
1756;0,5416666666666666;0,35135135135135137;PhyDL;0,9;20;sonar;6;1;edgebetweenness;3,8309904000016104;208,0;60,0;17,0
1757;0,4583333333333333;0,3142857142857143;PhyDL;0,9;20;sonar;6;1;edgebetweenness;3,8309712000009313;208,0;60,0;18,0
1758;0,5416666666666666;0,35135135135135137;PhyDL;0,9;20;sonar;6;1;edgebetweenness;3,8309743000027083;208,0;60,0;19,0
1759;0,5416666666666666;0,35135135135135137;PhyDL;0,9;20;sonar;6;1;edgebetweenness;3,8309904000016104;208,0;60,0;20,0
1760;0,4583333333333333;0,3142857142857143;PhyDL;0,9;20;sonar;6;1;edgebetweenness;3,830976000004739;208,0;60,0;21,0
1761;0,4583333333333333;0,3142857142857143;PhyDL;0,9;20;sonar;6;1;edgebetweenness;3,8309743000027083;208,0;60,0;22,0
1762;0,4583333333333333;0,3142857142857143;PhyDL;0,9;20;sonar;6;1;edgebetweenness;3,8309704000021156;208,0;60,0;23,0
1763;0,4583333333333333;0,3142857142857143;PhyDL;0,9;20;sonar;6;1;edgebetweenness;3,830970900002285;208,0;60,0;24,0
1764;0,4583333333333333;0,3142857142857143;PhyDL;0,9;20;sonar;6;1;edgebetweenness;3,8309719000026234;208,0;60,0;25,0
1765;0,4583333333333333;0,3142857142857143;PhyDL;0,9;20;sonar;6;1;edgebetweenness;3,8309898000006797;208,0;60,0;26,0
1766;0,4583333333333333;0,3142857142857143;PhyDL;0,9;20;sonar;6;1;edgebetweenness;3,8309966000051645;208,0;60,0;27,0
1767;0,4583333333333333;0,3142857142857143;PhyDL;0,9;20;sonar;6;1;edgebetweenness;3,8309707000044;208,0;60,0;28,0
1768;0,5416666666666666;0,35135135135135137;PhyDL;0,9;20;sonar;6;1;edgebetweenness;3,8310125000025437;208,0;60,0;29,0
1769;0,4583333333333333;0,3142857142857143;PhyDL;0,9;20;sonar;6;1;edgebetweenness;3,83097330000237;208,0;60,0;30,0
1770;0,4583333333333333;0,3142857142857143;LLGC;0,9;20;sonar;6;1;edgebetweenness;0,029174400002375478;208,0;60,0;1,0
1771;0,5178571428571429;0,46891464699683877;LLGC;0,9;20;sonar;6;1;edgebetweenness;0,030464499999652617;208,0;60,0;2,0
1772;0,5238095238095238;0,4814814814814815;LLGC;0,9;20;sonar;6;1;edgebetweenness;0,03297580000071321;208,0;60,0;3,0
1773;0,47619047619047616;0,35009671179883944;LLGC;0,9;20;sonar;6;1;edgebetweenness;0,044180699998833006;208,0;60,0;4,0
1774;0,6488095238095238;0,6451763021299446;LLGC;0,9;20;sonar;6;1;edgebetweenness;0,050892899998871144;208,0;60,0;5,0
1775;0,47619047619047616;0,35009671179883944;LLGC;0,9;20;sonar;6;1;edgebetweenness;0,05036959999779356;208,0;60,0;6,0
1776;0,7023809523809523;0,6981023576768257;LLGC;0,9;20;sonar;6;1;edgebetweenness;0,02408770000329241;208,0;60,0;7,0
1777;0,4880952380952381;0,4241071428571429;LLGC;0,9;20;sonar;6;1;edgebetweenness;0,045187100000475766;208,0;60,0;8,0
1778;0,4583333333333333;0,3142857142857143;LLGC;0,9;20;sonar;6;1;edgebetweenness;0,03046579999863752;208,0;60,0;9,0
1779;0,6666666666666666;0,6370370370370371;LLGC;0,9;20;sonar;6;1;edgebetweenness;0,030049299999518553;208,0;60,0;10,0
1780;0,6488095238095238;0,60665105758165;LLGC;0,9;20;sonar;6;1;edgebetweenness;0,05223379999733879;208,0;60,0;11,0
1781;0,6607142857142857;0,645320197044335;LLGC;0,9;20;sonar;6;1;edgebetweenness;0,08524160000160919;208,0;60,0;12,0
1782;0,6547619047619048;0,6340144230769231;LLGC;0,9;20;sonar;6;1;edgebetweenness;0,03237170000284095;208,0;60,0;13,0
1783;0,6488095238095238;0,6432350718065003;LLGC;0,9;20;sonar;6;1;edgebetweenness;0,03068839999832562;208,0;60,0;14,0
1784;0,5654761904761905;0,40624546114742194;LLGC;0,9;20;sonar;6;1;edgebetweenness;0,026046899998618755;208,0;60,0;15,0
1785;0,6011904761904762;0,5641095147736515;LLGC;0,9;20;sonar;6;1;edgebetweenness;0,027135900003486313;208,0;60,0;16,0
1786;0,5416666666666666;0,35135135135135137;LLGC;0,9;20;sonar;6;1;edgebetweenness;0,03417780000017956;208,0;60,0;17,0
1787;0,47619047619047616;0,35009671179883944;LLGC;0,9;20;sonar;6;1;edgebetweenness;0,03570229999968433;208,0;60,0;18,0
1788;0,5714285714285714;0,4457478005865103;LLGC;0,9;20;sonar;6;1;edgebetweenness;0,025715899999340763;208,0;60,0;19,0
1789;0,7738095238095238;0,7705577918343876;LLGC;0,9;20;sonar;6;1;edgebetweenness;0,04453619999912917;208,0;60,0;20,0
1790;0,5535714285714286;0,4999801579427755;LLGC;0,9;20;sonar;6;1;edgebetweenness;0,030837700000120094;208,0;60,0;21,0
1791;0,6369047619047619;0,632200409144744;LLGC;0,9;20;sonar;6;1;edgebetweenness;0,029943900000944268;208,0;60,0;22,0
1792;0,4642857142857143;0,3264433357091946;LLGC;0,9;20;sonar;6;1;edgebetweenness;0,038207499997952254;208,0;60,0;23,0
1793;0,6607142857142857;0,6572042240916414;LLGC;0,9;20;sonar;6;1;edgebetweenness;0,03074630000264733;208,0;60,0;24,0
1794;0,4880952380952381;0,3729166666666667;LLGC;0,9;20;sonar;6;1;edgebetweenness;0,04015789999903063;208,0;60,0;25,0
1795;0,48214285714285715;0,3842005477143459;LLGC;0,9;20;sonar;6;1;edgebetweenness;0,03652030000012019;208,0;60,0;26,0
1796;0,4583333333333333;0,3142857142857143;LLGC;0,9;20;sonar;6;1;edgebetweenness;0,037462199998117285;208,0;60,0;27,0
1797;0,6488095238095238;0,6347153123272526;LLGC;0,9;20;sonar;6;1;edgebetweenness;0,02595350000046892;208,0;60,0;28,0
1798;0,6726190476190477;0,6333187824913686;LLGC;0,9;20;sonar;6;1;edgebetweenness;0,06710199999724864;208,0;60,0;29,0
1799;0,5;0,4211648892534865;LLGC;0,9;20;sonar;6;1;edgebetweenness;0,034638500001165085;208,0;60,0;30,0
1800;0,5;0,3333333333333333;PhyDL;0,9;2;twomoons;6;1;edgebetweenness;4,870858700000099;200,0;2,0;1,0
1801;0,5;0,3333333333333333;PhyDL;0,9;2;twomoons;6;1;edgebetweenness;4,870886299999256;200,0;2,0;2,0
1802;0,5;0,3333333333333333;PhyDL;0,9;2;twomoons;6;1;edgebetweenness;4,870883500003401;200,0;2,0;3,0
1803;0,5;0,3333333333333333;PhyDL;0,9;2;twomoons;6;1;edgebetweenness;4,8709028999983275;200,0;2,0;4,0
1804;0,5;0,3333333333333333;PhyDL;0,9;2;twomoons;6;1;edgebetweenness;4,8709038000015425;200,0;2,0;5,0
1805;0,5;0,3333333333333333;PhyDL;0,9;2;twomoons;6;1;edgebetweenness;4,870898199998919;200,0;2,0;6,0
1806;0,5;0,3333333333333333;PhyDL;0,9;2;twomoons;6;1;edgebetweenness;4,870858100002806;200,0;2,0;7,0
1807;0,5;0,3333333333333333;PhyDL;0,9;2;twomoons;6;1;edgebetweenness;4,870885700001963;200,0;2,0;8,0
1808;0,5;0,3333333333333333;PhyDL;0,9;2;twomoons;6;1;edgebetweenness;4,8708736000007775;200,0;2,0;9,0
1809;0,5;0,3333333333333333;PhyDL;0,9;2;twomoons;6;1;edgebetweenness;4,870921600002475;200,0;2,0;10,0
1810;0,5;0,3333333333333333;PhyDL;0,9;2;twomoons;6;1;edgebetweenness;4,870857999998407;200,0;2,0;11,0
1811;0,5;0,3333333333333333;PhyDL;0,9;2;twomoons;6;1;edgebetweenness;4,8708800000022165;200,0;2,0;12,0
1812;0,5;0,3333333333333333;PhyDL;0,9;2;twomoons;6;1;edgebetweenness;4,870890599999257;200,0;2,0;13,0
1813;0,5;0,3333333333333333;PhyDL;0,9;2;twomoons;6;1;edgebetweenness;4,870878900001117;200,0;2,0;14,0
1814;0,5;0,3333333333333333;PhyDL;0,9;2;twomoons;6;1;edgebetweenness;4,870855200002552;200,0;2,0;15,0
1815;0,5;0,3333333333333333;PhyDL;0,9;2;twomoons;6;1;edgebetweenness;4,8708920999997645;200,0;2,0;16,0
1816;0,5;0,3333333333333333;PhyDL;0,9;2;twomoons;6;1;edgebetweenness;4,8708650999979;200,0;2,0;17,0
1817;0,5;0,3333333333333333;PhyDL;0,9;2;twomoons;6;1;edgebetweenness;4,870875200002047;200,0;2,0;18,0
1818;0,5;0,3333333333333333;PhyDL;0,9;2;twomoons;6;1;edgebetweenness;4,870857599998999;200,0;2,0;19,0
1819;0,5;0,3333333333333333;PhyDL;0,9;2;twomoons;6;1;edgebetweenness;4,870859400001791;200,0;2,0;20,0
1820;0,5;0,3333333333333333;PhyDL;0,9;2;twomoons;6;1;edgebetweenness;4,870858300000691;200,0;2,0;21,0
1821;0,5;0,3333333333333333;PhyDL;0,9;2;twomoons;6;1;edgebetweenness;4,870919500001037;200,0;2,0;22,0
1822;0,5;0,3333333333333333;PhyDL;0,9;2;twomoons;6;1;edgebetweenness;4,870878500001709;200,0;2,0;23,0
1823;0,5;0,3333333333333333;PhyDL;0,9;2;twomoons;6;1;edgebetweenness;4,870857800000522;200,0;2,0;24,0
1824;0,5;0,3333333333333333;PhyDL;0,9;2;twomoons;6;1;edgebetweenness;4,870864199998323;200,0;2,0;25,0
1825;0,5;0,3333333333333333;PhyDL;0,9;2;twomoons;6;1;edgebetweenness;4,870872899999085;200,0;2,0;26,0
1826;0,5;0,3333333333333333;PhyDL;0,9;2;twomoons;6;1;edgebetweenness;4,870889500001795;200,0;2,0;27,0
1827;0,5;0,3333333333333333;PhyDL;0,9;2;twomoons;6;1;edgebetweenness;4,870872400002554;200,0;2,0;28,0
1828;0,5;0,3333333333333333;PhyDL;0,9;2;twomoons;6;1;edgebetweenness;4,870860800001537;200,0;2,0;29,0
1829;0,5;0,3333333333333333;PhyDL;0,9;2;twomoons;6;1;edgebetweenness;4,870861300001707;200,0;2,0;30,0
1830;0,8418367346938775;0,84;LLGC;0,9;2;twomoons;6;1;edgebetweenness;0,18834829999832436;200,0;2,0;1,0
1831;0,7704081632653061;0,7576323816328213;LLGC;0,9;2;twomoons;6;1;edgebetweenness;0,21712010000192095;200,0;2,0;2,0
1832;0,826530612244898;0,8265125481620327;LLGC;0,9;2;twomoons;6;1;edgebetweenness;0,10912330000064685;200,0;2,0;3,0
1833;0,8673469387755102;0,8670007307652156;LLGC;0,9;2;twomoons;6;1;edgebetweenness;0,15319159999853582;200,0;2,0;4,0
1834;0,8418367346938775;0,839220978539864;LLGC;0,9;2;twomoons;6;1;edgebetweenness;0,23023470000043744;200,0;2,0;5,0
1835;0,8673469387755102;0,8668478260869565;LLGC;0,9;2;twomoons;6;1;edgebetweenness;0,13395680000030552;200,0;2,0;6,0
1836;0,7857142857142857;0,7754010695187166;LLGC;0,9;2;twomoons;6;1;edgebetweenness;0,10494919999837293;200,0;2,0;7,0
1837;0,8520408163265306;0,8499749254361655;LLGC;0,9;2;twomoons;6;1;edgebetweenness;0,12719920000017737;200,0;2,0;8,0
1838;0,826530612244898;0,8211486849168008;LLGC;0,9;2;twomoons;6;1;edgebetweenness;0,036038900001585716;200,0;2,0;9,0
1839;0,8622448979591837;0,8614333219868555;LLGC;0,9;2;twomoons;6;1;edgebetweenness;0,05827990000034333;200,0;2,0;10,0
1840;0,8520408163265306;0,849178761907289;LLGC;0,9;2;twomoons;6;1;edgebetweenness;0,03675669999938691;200,0;2,0;11,0
1841;0,8571428571428571;0,8571428571428571;LLGC;0,9;2;twomoons;6;1;edgebetweenness;0,017561000000569038;200,0;2,0;12,0
1842;0,7857142857142857;0,7851550266207328;LLGC;0,9;2;twomoons;6;1;edgebetweenness;0,025569699999323348;200,0;2,0;13,0
1843;0,8520408163265306;0,85203696472732;LLGC;0,9;2;twomoons;6;1;edgebetweenness;0,022390300000552088;200,0;2,0;14,0
1844;0,7653061224489796;0,7516253443526171;LLGC;0,9;2;twomoons;6;1;edgebetweenness;0,031079200001840945;200,0;2,0;15,0
1845;0,8775510204081632;0,8774361646690985;LLGC;0,9;2;twomoons;6;1;edgebetweenness;0,07246870000017225;200,0;2,0;16,0
1846;0,8673469387755102;0,8673331250650839;LLGC;0,9;2;twomoons;6;1;edgebetweenness;0,07934519999980694;200,0;2,0;17,0
1847;0,8469387755102041;0,8469228366135583;LLGC;0,9;2;twomoons;6;1;edgebetweenness;0,02316600000267499;200,0;2,0;18,0
1848;0,8469387755102041;0,8469228366135583;LLGC;0,9;2;twomoons;6;1;edgebetweenness;0,023412099999404745;200,0;2,0;19,0
1849;0,8469387755102041;0,8449857639987346;LLGC;0,9;2;twomoons;6;1;edgebetweenness;0,021529199999349657;200,0;2,0;20,0
1850;0,7704081632653061;0,7696827262044654;LLGC;0,9;2;twomoons;6;1;edgebetweenness;0,0191307000022789;200,0;2,0;21,0
1851;0,6989795918367347;0,6689852583369114;LLGC;0,9;2;twomoons;6;1;edgebetweenness;0,038768800000980264;200,0;2,0;22,0
1852;0,8775510204081632;0,8774361646690985;LLGC;0,9;2;twomoons;6;1;edgebetweenness;0,021736099999543512;200,0;2,0;23,0
1853;0,6785714285714286;0,6415362731152205;LLGC;0,9;2;twomoons;6;1;edgebetweenness;0,023494599998230115;200,0;2,0;24,0
1854;0,8367346938775511;0,8346514815986502;LLGC;0,9;2;twomoons;6;1;edgebetweenness;0,021996600000420585;200,0;2,0;25,0
1855;0,8367346938775511;0,8328179976543342;LLGC;0,9;2;twomoons;6;1;edgebetweenness;0,0392561000007845;200,0;2,0;26,0
1856;0,8622448979591837;0,862212617491603;LLGC;0,9;2;twomoons;6;1;edgebetweenness;0,02958980000039446;200,0;2,0;27,0
1857;0,8469387755102041;0,8456368791347264;LLGC;0,9;2;twomoons;6;1;edgebetweenness;0,03035920000183978;200,0;2,0;28,0
1858;0,8418367346938775;0,8403363552752594;LLGC;0,9;2;twomoons;6;1;edgebetweenness;0,022106000000349013;200,0;2,0;29,0
1859;0,8418367346938775;0,83877729721124;LLGC;0,9;2;twomoons;6;1;edgebetweenness;0,03205150000212598;200,0;2,0;30,0
1860;0,5;0,3333333333333333;PhyDL;0,9;4;twomoons;6;1;edgebetweenness;4,870877499997732;200,0;2,0;1,0
1861;0,5;0,3333333333333333;PhyDL;0,9;4;twomoons;6;1;edgebetweenness;4,870867599998746;200,0;2,0;2,0
1862;0,5;0,3333333333333333;PhyDL;0,9;4;twomoons;6;1;edgebetweenness;4,870857100002468;200,0;2,0;3,0
1863;0,5;0,3333333333333333;PhyDL;0,9;4;twomoons;6;1;edgebetweenness;4,870860700000776;200,0;2,0;4,0
1864;0,5;0,3333333333333333;PhyDL;0,9;4;twomoons;6;1;edgebetweenness;4,870858000002045;200,0;2,0;5,0
1865;0,5;0,3333333333333333;PhyDL;0,9;4;twomoons;6;1;edgebetweenness;4,870864900000015;200,0;2,0;6,0
1866;0,5;0,3333333333333333;PhyDL;0,9;4;twomoons;6;1;edgebetweenness;4,870889599998918;200,0;2,0;7,0
1867;0,5;0,3333333333333333;PhyDL;0,9;4;twomoons;6;1;edgebetweenness;4,8708594999989145;200,0;2,0;8,0
1868;0,5;0,3333333333333333;PhyDL;0,9;4;twomoons;6;1;edgebetweenness;4,870859099999507;200,0;2,0;9,0
1869;0,5;0,3333333333333333;PhyDL;0,9;4;twomoons;6;1;edgebetweenness;4,870867599998746;200,0;2,0;10,0
1870;0,5;0,3333333333333333;PhyDL;0,9;4;twomoons;6;1;edgebetweenness;4,870854000000691;200,0;2,0;11,0
1871;0,5;0,3333333333333333;PhyDL;0,9;4;twomoons;6;1;edgebetweenness;4,870859700000437;200,0;2,0;12,0
1872;0,5;0,3333333333333333;PhyDL;0,9;4;twomoons;6;1;edgebetweenness;4,8708584000014525;200,0;2,0;13,0
1873;0,5;0,3333333333333333;PhyDL;0,9;4;twomoons;6;1;edgebetweenness;4,870864699998492;200,0;2,0;14,0
1874;0,5;0,3333333333333333;PhyDL;0,9;4;twomoons;6;1;edgebetweenness;4,870859200000268;200,0;2,0;15,0
1875;0,5;0,3333333333333333;PhyDL;0,9;4;twomoons;6;1;edgebetweenness;4,870897299999342;200,0;2,0;16,0
1876;0,5;0,3333333333333333;PhyDL;0,9;4;twomoons;6;1;edgebetweenness;4,8708985000012035;200,0;2,0;17,0
1877;0,5;0,3333333333333333;PhyDL;0,9;4;twomoons;6;1;edgebetweenness;4,870898100001796;200,0;2,0;18,0
1878;0,5;0,3333333333333333;PhyDL;0,9;4;twomoons;6;1;edgebetweenness;4,8708800000022165;200,0;2,0;19,0
1879;0,5;0,3333333333333333;PhyDL;0,9;4;twomoons;6;1;edgebetweenness;4,870880900001794;200,0;2,0;20,0
1880;0,5;0,3333333333333333;PhyDL;0,9;4;twomoons;6;1;edgebetweenness;4,870892599999934;200,0;2,0;21,0
1881;0,5;0,3333333333333333;PhyDL;0,9;4;twomoons;6;1;edgebetweenness;4,870878899997479;200,0;2,0;22,0
1882;0,5;0,3333333333333333;PhyDL;0,9;4;twomoons;6;1;edgebetweenness;4,870866199999;200,0;2,0;23,0
1883;0,5;0,3333333333333333;PhyDL;0,9;4;twomoons;6;1;edgebetweenness;4,870864400003484;200,0;2,0;24,0
1884;0,5;0,3333333333333333;PhyDL;0,9;4;twomoons;6;1;edgebetweenness;4,87085599999773;200,0;2,0;25,0
1885;0,5;0,3333333333333333;PhyDL;0,9;4;twomoons;6;1;edgebetweenness;4,8708995999986655;200,0;2,0;26,0
1886;0,5;0,3333333333333333;PhyDL;0,9;4;twomoons;6;1;edgebetweenness;4,870856499997899;200,0;2,0;27,0
1887;0,5;0,3333333333333333;PhyDL;0,9;4;twomoons;6;1;edgebetweenness;4,870863699998154;200,0;2,0;28,0
1888;0,5;0,3333333333333333;PhyDL;0,9;4;twomoons;6;1;edgebetweenness;4,870858700003737;200,0;2,0;29,0
1889;0,5;0,3333333333333333;PhyDL;0,9;4;twomoons;6;1;edgebetweenness;4,870871000002808;200,0;2,0;30,0
1890;0,8385416666666666;0,8380099610810222;LLGC;0,9;4;twomoons;6;1;edgebetweenness;0,028730800000630552;200,0;2,0;1,0
1891;0,8333333333333334;0,8311159978009895;LLGC;0,9;4;twomoons;6;1;edgebetweenness;0,0187655999980052;200,0;2,0;2,0
1892;0,8854166666666666;0,8853046594982079;LLGC;0,9;4;twomoons;6;1;edgebetweenness;0,03584630000113975;200,0;2,0;3,0
1893;0,8697916666666666;0,8695049343446701;LLGC;0,9;4;twomoons;6;1;edgebetweenness;0,040053500000794884;200,0;2,0;4,0
1894;0,8802083333333334;0,8800488931142199;LLGC;0,9;4;twomoons;6;1;edgebetweenness;0,01458479999928386;200,0;2,0;5,0
1895;0,8697916666666666;0,8697881344437512;LLGC;0,9;4;twomoons;6;1;edgebetweenness;0,023481899999751477;200,0;2,0;6,0
1896;0,8177083333333334;0,8171080205753477;LLGC;0,9;4;twomoons;6;1;edgebetweenness;0,016749099999287864;200,0;2,0;7,0
1897;0,8489583333333334;0,8489214489214489;LLGC;0,9;4;twomoons;6;1;edgebetweenness;0,07188739999764948;200,0;2,0;8,0
1898;0,875;0,8747826086956522;LLGC;0,9;4;twomoons;6;1;edgebetweenness;0,013318099998286925;200,0;2,0;9,0
1899;0,8645833333333334;0,8642149929278642;LLGC;0,9;4;twomoons;6;1;edgebetweenness;0,023368699999991804;200,0;2,0;10,0
1900;0,859375;0,8589119015866968;LLGC;0,9;4;twomoons;6;1;edgebetweenness;0,013885000000300352;200,0;2,0;11,0
1901;0,8489583333333334;0,8487573000135815;LLGC;0,9;4;twomoons;6;1;edgebetweenness;0,019558199997845804;200,0;2,0;12,0
1902;0,8125;0,8124185844550587;LLGC;0,9;4;twomoons;6;1;edgebetweenness;0,03588509999826783;200,0;2,0;13,0
1903;0,8229166666666666;0,8228974498100923;LLGC;0,9;4;twomoons;6;1;edgebetweenness;0,05755520000093384;200,0;2,0;14,0
1904;0,8385416666666666;0,8384320964195553;LLGC;0,9;4;twomoons;6;1;edgebetweenness;0,07201290000011795;200,0;2,0;15,0
1905;0,8489583333333334;0,8489214489214489;LLGC;0,9;4;twomoons;6;1;edgebetweenness;0,07392500000059954;200,0;2,0;16,0
1906;0,7916666666666666;0,791304347826087;LLGC;0,9;4;twomoons;6;1;edgebetweenness;0,07621579999977257;200,0;2,0;17,0
1907;0,875;0,8747826086956522;LLGC;0,9;4;twomoons;6;1;edgebetweenness;0,03806620000250405;200,0;2,0;18,0
1908;0,8645833333333334;0,8645686380900706;LLGC;0,9;4;twomoons;6;1;edgebetweenness;0,014607299999624956;200,0;2,0;19,0
1909;0,8385416666666666;0,8347722288537879;LLGC;0,9;4;twomoons;6;1;edgebetweenness;0,020155800000793533;200,0;2,0;20,0
1910;0,8541666666666666;0,854150841020076;LLGC;0,9;4;twomoons;6;1;edgebetweenness;0,020345700002508238;200,0;2,0;21,0
1911;0,8697916666666666;0,867895968074859;LLGC;0,9;4;twomoons;6;1;edgebetweenness;0,016681799999787472;200,0;2,0;22,0
1912;0,8229166666666666;0,8171838243530861;LLGC;0,9;4;twomoons;6;1;edgebetweenness;0,01632149999932153;200,0;2,0;23,0
1913;0,8697916666666666;0,8695049343446701;LLGC;0,9;4;twomoons;6;1;edgebetweenness;0,02587839999978314;200,0;2,0;24,0
1914;0,859375;0,8585114222549741;LLGC;0,9;4;twomoons;6;1;edgebetweenness;0,015548900002613664;200,0;2,0;25,0
1915;0,8229166666666666;0,8171838243530861;LLGC;0,9;4;twomoons;6;1;edgebetweenness;0,014488200002233498;200,0;2,0;26,0
1916;0,84375;0,84375;LLGC;0,9;4;twomoons;6;1;edgebetweenness;0,01986179999948945;200,0;2,0;27,0
1917;0,8697916666666666;0,8695049343446701;LLGC;0,9;4;twomoons;6;1;edgebetweenness;0,03068830000120215;200,0;2,0;28,0
1918;0,8697916666666666;0,8696183620806737;LLGC;0,9;4;twomoons;6;1;edgebetweenness;0,023447899999155197;200,0;2,0;29,0
1919;0,84375;0,8435972629521017;LLGC;0,9;4;twomoons;6;1;edgebetweenness;0,017692800000077114;200,0;2,0;30,0
1920;0,5;0,3333333333333333;PhyDL;0,9;6;twomoons;6;1;edgebetweenness;4,870897099997819;200,0;2,0;1,0
1921;0,5;0,3333333333333333;PhyDL;0,9;6;twomoons;6;1;edgebetweenness;4,870905600000697;200,0;2,0;2,0
1922;0,5;0,3333333333333333;PhyDL;0,9;6;twomoons;6;1;edgebetweenness;4,8708552999996755;200,0;2,0;3,0
1923;0,5;0,3333333333333333;PhyDL;0,9;6;twomoons;6;1;edgebetweenness;4,870861999999761;200,0;2,0;4,0
1924;0,5;0,3333333333333333;PhyDL;0,9;6;twomoons;6;1;edgebetweenness;4,870858899997984;200,0;2,0;5,0
1925;0,5;0,3333333333333333;PhyDL;0,9;6;twomoons;6;1;edgebetweenness;4,8708692000000156;200,0;2,0;6,0
1926;0,5;0,3333333333333333;PhyDL;0,9;6;twomoons;6;1;edgebetweenness;4,87085930000103;200,0;2,0;7,0
1927;0,5;0,3333333333333333;PhyDL;0,9;6;twomoons;6;1;edgebetweenness;4,870862199997646;200,0;2,0;8,0
1928;0,5;0,3333333333333333;PhyDL;0,9;6;twomoons;6;1;edgebetweenness;4,870859399998153;200,0;2,0;9,0
1929;0,5;0,3333333333333333;PhyDL;0,9;6;twomoons;6;1;edgebetweenness;4,870872200001031;200,0;2,0;10,0
1930;0,5;0,3333333333333333;PhyDL;0,9;6;twomoons;6;1;edgebetweenness;4,8708638999996765;200,0;2,0;11,0
1931;0,5;0,3333333333333333;PhyDL;0,9;6;twomoons;6;1;edgebetweenness;4,870876200002385;200,0;2,0;12,0
1932;0,5;0,3333333333333333;PhyDL;0,9;6;twomoons;6;1;edgebetweenness;4,870859599999676;200,0;2,0;13,0
1933;0,5;0,3333333333333333;PhyDL;0,9;6;twomoons;6;1;edgebetweenness;4,870878800000355;200,0;2,0;14,0
1934;0,5;0,3333333333333333;PhyDL;0,9;6;twomoons;6;1;edgebetweenness;4,870855200002552;200,0;2,0;15,0
1935;0,5;0,3333333333333333;PhyDL;0,9;6;twomoons;6;1;edgebetweenness;4,870857999998407;200,0;2,0;16,0
1936;0,5;0,3333333333333333;PhyDL;0,9;6;twomoons;6;1;edgebetweenness;4,870881999999256;200,0;2,0;17,0
1937;0,5;0,3333333333333333;PhyDL;0,9;6;twomoons;6;1;edgebetweenness;4,8708758000029775;200,0;2,0;18,0
1938;0,5;0,3333333333333333;PhyDL;0,9;6;twomoons;6;1;edgebetweenness;4,870864000000438;200,0;2,0;19,0
1939;0,5;0,3333333333333333;PhyDL;0,9;6;twomoons;6;1;edgebetweenness;4,870875700002216;200,0;2,0;20,0
1940;0,5;0,3333333333333333;PhyDL;0,9;6;twomoons;6;1;edgebetweenness;4,870866300003399;200,0;2,0;21,0
1941;0,5;0,3333333333333333;PhyDL;0,9;6;twomoons;6;1;edgebetweenness;4,870856800000183;200,0;2,0;22,0
1942;0,5;0,3333333333333333;PhyDL;0,9;6;twomoons;6;1;edgebetweenness;4,8708595000025525;200,0;2,0;23,0
1943;0,5;0,3333333333333333;PhyDL;0,9;6;twomoons;6;1;edgebetweenness;4,870862700001453;200,0;2,0;24,0
1944;0,5;0,3333333333333333;PhyDL;0,9;6;twomoons;6;1;edgebetweenness;4,870860800001537;200,0;2,0;25,0
1945;0,5;0,3333333333333333;PhyDL;0,9;6;twomoons;6;1;edgebetweenness;4,870885699998325;200,0;2,0;26,0
1946;0,5;0,3333333333333333;PhyDL;0,9;6;twomoons;6;1;edgebetweenness;4,870858200003568;200,0;2,0;27,0
1947;0,5;0,3333333333333333;PhyDL;0,9;6;twomoons;6;1;edgebetweenness;4,87085819999993;200,0;2,0;28,0
1948;0,5;0,3333333333333333;PhyDL;0,9;6;twomoons;6;1;edgebetweenness;4,870875399999932;200,0;2,0;29,0
1949;0,5;0,3333333333333333;PhyDL;0,9;6;twomoons;6;1;edgebetweenness;4,870875300002808;200,0;2,0;30,0
1950;0,8457446808510638;0,8452147744371575;LLGC;0,9;6;twomoons;6;1;edgebetweenness;0,01592940000045928;200,0;2,0;1,0
1951;0,8723404255319149;0,8721088435374149;LLGC;0,9;6;twomoons;6;1;edgebetweenness;0,02928290000272682;200,0;2,0;2,0
1952;0,8191489361702128;0,8190670289855072;LLGC;0,9;6;twomoons;6;1;edgebetweenness;0,017040900002029957;200,0;2,0;3,0
1953;0,8563829787234043;0,8558896175794225;LLGC;0,9;6;twomoons;6;1;edgebetweenness;0,025570799996785354;200,0;2,0;4,0
1954;0,8563829787234043;0,8558896175794225;LLGC;0,9;6;twomoons;6;1;edgebetweenness;0,015186499997071223;200,0;2,0;5,0
1955;0,8723404255319149;0,8722102639628413;LLGC;0,9;6;twomoons;6;1;edgebetweenness;0,017701600001601037;200,0;2,0;6,0
1956;0,8617021276595744;0,8616864742501416;LLGC;0,9;6;twomoons;6;1;edgebetweenness;0,029845799999748124;200,0;2,0;7,0
1957;0,8563829787234043;0,8563463987547757;LLGC;0,9;6;twomoons;6;1;edgebetweenness;0,07516490000125486;200,0;2,0;8,0
1958;0,8404255319148937;0,8397727272727273;LLGC;0,9;6;twomoons;6;1;edgebetweenness;0,029576799999631476;200,0;2,0;9,0
1959;0,8829787234042553;0,8828594086326045;LLGC;0,9;6;twomoons;6;1;edgebetweenness;0,01732850000189501;200,0;2,0;10,0
1960;0,851063829787234;0,8510469722693832;LLGC;0,9;6;twomoons;6;1;edgebetweenness;0,018231799997010967;200,0;2,0;11,0
1961;0,8829787234042553;0,882766439909297;LLGC;0,9;6;twomoons;6;1;edgebetweenness;0,02921010000136448;200,0;2,0;12,0
1962;0,8723404255319149;0,8718181818181818;LLGC;0,9;6;twomoons;6;1;edgebetweenness;0,016649699999106815;200,0;2,0;13,0
1963;0,8563829787234043;0,8562813216682239;LLGC;0,9;6;twomoons;6;1;edgebetweenness;0,024668199999723583;200,0;2,0;14,0
1964;0,8670212765957447;0,8670175140763376;LLGC;0,9;6;twomoons;6;1;edgebetweenness;0,01684899999963818;200,0;2,0;15,0
1965;0,851063829787234;0,8509963768115942;LLGC;0,9;6;twomoons;6;1;edgebetweenness;0,024070399998890935;200,0;2,0;16,0
1966;0,8617021276595744;0,8616864742501416;LLGC;0,9;6;twomoons;6;1;edgebetweenness;0,017220399997313507;200,0;2,0;17,0
1967;0,8563829787234043;0,8561835954101148;LLGC;0,9;6;twomoons;6;1;edgebetweenness;0,020912899999530055;200,0;2,0;18,0
1968;0,824468085106383;0,8242243943901403;LLGC;0,9;6;twomoons;6;1;edgebetweenness;0,030800900000031106;200,0;2,0;19,0
1969;0,8563829787234043;0,8563789152024446;LLGC;0,9;6;twomoons;6;1;edgebetweenness;0,015439799997693626;200,0;2,0;20,0
1970;0,8617021276595744;0,8616864742501416;LLGC;0,9;6;twomoons;6;1;edgebetweenness;0,028420999999070773;200,0;2,0;21,0
1971;0,8297872340425532;0,8296136852837883;LLGC;0,9;6;twomoons;6;1;edgebetweenness;0,020081099999515573;200,0;2,0;22,0
1972;0,7978723404255319;0,7975056689342404;LLGC;0,9;6;twomoons;6;1;edgebetweenness;0,02787529999841354;200,0;2,0;23,0
1973;0,8670212765957447;0,866987406254422;LLGC;0,9;6;twomoons;6;1;edgebetweenness;0,025541700000758283;200,0;2,0;24,0
1974;0,8617021276595744;0,8606931144550843;LLGC;0,9;6;twomoons;6;1;edgebetweenness;0,02502000000094995;200,0;2,0;25,0
1975;0,8351063829787234;0,8334047966154989;LLGC;0,9;6;twomoons;6;1;edgebetweenness;0,025397800000064308;200,0;2,0;26,0
1976;0,8670212765957447;0,8665644607216876;LLGC;0,9;6;twomoons;6;1;edgebetweenness;0,027648199997202028;200,0;2,0;27,0
1977;0,8670212765957447;0,866987406254422;LLGC;0,9;6;twomoons;6;1;edgebetweenness;0,017696599999908358;200,0;2,0;28,0
1978;0,8723404255319149;0,8721088435374149;LLGC;0,9;6;twomoons;6;1;edgebetweenness;0,012515499998698942;200,0;2,0;29,0
1979;0,8351063829787234;0,8350643837554832;LLGC;0,9;6;twomoons;6;1;edgebetweenness;0,03693240000211517;200,0;2,0;30,0
1980;0,5;0,3333333333333333;PhyDL;0,9;8;twomoons;6;1;edgebetweenness;4,870873799998662;200,0;2,0;1,0
1981;0,5;0,3333333333333333;PhyDL;0,9;8;twomoons;6;1;edgebetweenness;4,870856900000945;200,0;2,0;2,0
1982;0,5;0,3333333333333333;PhyDL;0,9;8;twomoons;6;1;edgebetweenness;4,870864699998492;200,0;2,0;3,0
1983;0,5;0,3333333333333333;PhyDL;0,9;8;twomoons;6;1;edgebetweenness;4,870914300001459;200,0;2,0;4,0
1984;0,5;0,3333333333333333;PhyDL;0,9;8;twomoons;6;1;edgebetweenness;4,870865100001538;200,0;2,0;5,0
1985;0,5;0,3333333333333333;PhyDL;0,9;8;twomoons;6;1;edgebetweenness;4,870861300001707;200,0;2,0;6,0
1986;0,5;0,3333333333333333;PhyDL;0,9;8;twomoons;6;1;edgebetweenness;4,870856699999422;200,0;2,0;7,0
1987;0,5;0,3333333333333333;PhyDL;0,9;8;twomoons;6;1;edgebetweenness;4,870896899999934;200,0;2,0;8,0
1988;0,5;0,3333333333333333;PhyDL;0,9;8;twomoons;6;1;edgebetweenness;4,8708822000007785;200,0;2,0;9,0
1989;0,5;0,3333333333333333;PhyDL;0,9;8;twomoons;6;1;edgebetweenness;4,870857900001283;200,0;2,0;10,0
1990;0,5;0,3333333333333333;PhyDL;0,9;8;twomoons;6;1;edgebetweenness;4,870868000001792;200,0;2,0;11,0
1991;0,5;0,3333333333333333;PhyDL;0,9;8;twomoons;6;1;edgebetweenness;4,870874100000947;200,0;2,0;12,0
1992;0,5;0,3333333333333333;PhyDL;0,9;8;twomoons;6;1;edgebetweenness;4,870886300002894;200,0;2,0;13,0
1993;0,5;0,3333333333333333;PhyDL;0,9;8;twomoons;6;1;edgebetweenness;4,87085780000416;200,0;2,0;14,0
1994;0,5;0,3333333333333333;PhyDL;0,9;8;twomoons;6;1;edgebetweenness;4,870917399999598;200,0;2,0;15,0
1995;0,5;0,3333333333333333;PhyDL;0,9;8;twomoons;6;1;edgebetweenness;4,870888699999341;200,0;2,0;16,0
1996;0,5;0,3333333333333333;PhyDL;0,9;8;twomoons;6;1;edgebetweenness;4,870865900000354;200,0;2,0;17,0
1997;0,5;0,3333333333333333;PhyDL;0,9;8;twomoons;6;1;edgebetweenness;4,870877299999847;200,0;2,0;18,0
1998;0,5;0,3333333333333333;PhyDL;0,9;8;twomoons;6;1;edgebetweenness;4,870877199999086;200,0;2,0;19,0
1999;0,5;0,3333333333333333;PhyDL;0,9;8;twomoons;6;1;edgebetweenness;4,87086360000103;200,0;2,0;20,0
2000;0,5;0,3333333333333333;PhyDL;0,9;8;twomoons;6;1;edgebetweenness;4,870883999999933;200,0;2,0;21,0
2001;0,5;0,3333333333333333;PhyDL;0,9;8;twomoons;6;1;edgebetweenness;4,870858399997815;200,0;2,0;22,0
2002;0,5;0,3333333333333333;PhyDL;0,9;8;twomoons;6;1;edgebetweenness;4,870895700001711;200,0;2,0;23,0
2003;0,5;0,3333333333333333;PhyDL;0,9;8;twomoons;6;1;edgebetweenness;4,870859099999507;200,0;2,0;24,0
2004;0,5;0,3333333333333333;PhyDL;0,9;8;twomoons;6;1;edgebetweenness;4,870892900002218;200,0;2,0;25,0
2005;0,5;0,3333333333333333;PhyDL;0,9;8;twomoons;6;1;edgebetweenness;4,870874600001116;200,0;2,0;26,0
2006;0,5;0,3333333333333333;PhyDL;0,9;8;twomoons;6;1;edgebetweenness;4,870864500000607;200,0;2,0;27,0
2007;0,5;0,3333333333333333;PhyDL;0,9;8;twomoons;6;1;edgebetweenness;4,870881700000609;200,0;2,0;28,0
2008;0,5;0,3333333333333333;PhyDL;0,9;8;twomoons;6;1;edgebetweenness;4,870885699998325;200,0;2,0;29,0
2009;0,5;0,3333333333333333;PhyDL;0,9;8;twomoons;6;1;edgebetweenness;4,870858099999168;200,0;2,0;30,0
2010;0,8478260869565217;0,847808105872622;LLGC;0,9;8;twomoons;6;1;edgebetweenness;0,013679299998329952;200,0;2,0;1,0
2011;0,8586956521739131;0,8584280303030303;LLGC;0,9;8;twomoons;6;1;edgebetweenness;0,024014899998292094;200,0;2,0;2,0
2012;0,8641304347826086;0,863221432606821;LLGC;0,9;8;twomoons;6;1;edgebetweenness;0,019451700001809513;200,0;2,0;3,0
2013;0,8641304347826086;0,8640300316277969;LLGC;0,9;8;twomoons;6;1;edgebetweenness;0,021519500001886627;200,0;2,0;4,0
2014;0,8641304347826086;0,8639335048954359;LLGC;0,9;8;twomoons;6;1;edgebetweenness;0,018819500000972766;200,0;2,0;5,0
2015;0,8369565217391305;0,836937256292095;LLGC;0,9;8;twomoons;6;1;edgebetweenness;0,019780099999479717;200,0;2,0;6,0
2016;0,875;0,8749667621945815;LLGC;0,9;8;twomoons;6;1;edgebetweenness;0,03830319999906351;200,0;2,0;7,0
2017;0,8586956521739131;0,8578728461081402;LLGC;0,9;8;twomoons;6;1;edgebetweenness;0,0183102000009967;200,0;2,0;8,0
2018;0,8586956521739131;0,8573303113443875;LLGC;0,9;8;twomoons;6;1;edgebetweenness;0,017187199999170844;200,0;2,0;9,0
2019;0,8478260869565217;0,8475378787878788;LLGC;0,9;8;twomoons;6;1;edgebetweenness;0,022917999998753658;200,0;2,0;10,0
2020;0,875;0,8749076290975732;LLGC;0,9;8;twomoons;6;1;edgebetweenness;0,019292200002382742;200,0;2,0;11,0
2021;0,8804347826086957;0,8802083333333333;LLGC;0,9;8;twomoons;6;1;edgebetweenness;0,029712399998970795;200,0;2,0;12,0
2022;0,8641304347826086;0,8640943067332407;LLGC;0,9;8;twomoons;6;1;edgebetweenness;0,05831370000305469;200,0;2,0;13,0
2023;0,8858695652173914;0,8857041441121661;LLGC;0,9;8;twomoons;6;1;edgebetweenness;0,04221920000054524;200,0;2,0;14,0
2024;0,842391304347826;0,842386648944026;LLGC;0,9;8;twomoons;6;1;edgebetweenness;0,020702999998320593;200,0;2,0;15,0
2025;0,875;0,8745516525863346;LLGC;0,9;8;twomoons;6;1;edgebetweenness;0,036198900001181755;200,0;2,0;16,0
2026;0,8478260869565217;0,8471760797342193;LLGC;0,9;8;twomoons;6;1;edgebetweenness;0,018045099997834768;200,0;2,0;17,0
2027;0,8532608695652174;0,8532218512719001;LLGC;0,9;8;twomoons;6;1;edgebetweenness;0,036290700001700316;200,0;2,0;18,0
2028;0,842391304347826;0,8421628656787056;LLGC;0,9;8;twomoons;6;1;edgebetweenness;0,03084829999716021;200,0;2,0;19,0
2029;0,842391304347826;0,8423493958105592;LLGC;0,9;8;twomoons;6;1;edgebetweenness;0,046738100001675775;200,0;2,0;20,0
2030;0,8804347826086957;0,880307510348906;LLGC;0,9;8;twomoons;6;1;edgebetweenness;0,06735549999939394;200,0;2,0;21,0
2031;0,8260869565217391;0,8206627680311891;LLGC;0,9;8;twomoons;6;1;edgebetweenness;0,07404889999816078;200,0;2,0;22,0
2032;0,8586956521739131;0,8585452395032525;LLGC;0,9;8;twomoons;6;1;edgebetweenness;0,059730899996793596;200,0;2,0;23,0
2033;0,8478260869565217;0,8477541371158392;LLGC;0,9;8;twomoons;6;1;edgebetweenness;0,07836159999715164;200,0;2,0;24,0
2034;0,8967391304347826;0,8965894637205312;LLGC;0,9;8;twomoons;6;1;edgebetweenness;0,051705699999729404;200,0;2,0;25,0
2035;0,8641304347826086;0,8641264215034707;LLGC;0,9;8;twomoons;6;1;edgebetweenness;0,057473499997286126;200,0;2,0;26,0
2036;0,8532608695652174;0,8532565352237483;LLGC;0,9;8;twomoons;6;1;edgebetweenness;0,05074679999961518;200,0;2,0;27,0
2037;0,8260869565217391;0,8260047281323877;LLGC;0,9;8;twomoons;6;1;edgebetweenness;0,03796570000122301;200,0;2,0;28,0
2038;0,8695652173913043;0,8695498050336761;LLGC;0,9;8;twomoons;6;1;edgebetweenness;0,03772179999941727;200,0;2,0;29,0
2039;0,842391304347826;0,8423493958105592;LLGC;0,9;8;twomoons;6;1;edgebetweenness;0,02269449999948847;200,0;2,0;30,0
2040;0,5;0,3333333333333333;PhyDL;0,9;10;twomoons;6;1;edgebetweenness;4,870920500001375;200,0;2,0;1,0
2041;0,5;0,3333333333333333;PhyDL;0,9;10;twomoons;6;1;edgebetweenness;4,870893100003741;200,0;2,0;2,0
2042;0,5;0,3333333333333333;PhyDL;0,9;10;twomoons;6;1;edgebetweenness;4,870883999999933;200,0;2,0;3,0
2043;0,5;0,3333333333333333;PhyDL;0,9;10;twomoons;6;1;edgebetweenness;4,870887900000525;200,0;2,0;4,0
2044;0,5;0,3333333333333333;PhyDL;0,9;10;twomoons;6;1;edgebetweenness;4,870862700001453;200,0;2,0;5,0
2045;0,5;0,3333333333333333;PhyDL;0,9;10;twomoons;6;1;edgebetweenness;4,87086100000306;200,0;2,0;6,0
2046;0,5;0,3333333333333333;PhyDL;0,9;10;twomoons;6;1;edgebetweenness;4,870903900002304;200,0;2,0;7,0
2047;0,5;0,3333333333333333;PhyDL;0,9;10;twomoons;6;1;edgebetweenness;4,870866799999931;200,0;2,0;8,0
2048;0,5;0,3333333333333333;PhyDL;0,9;10;twomoons;6;1;edgebetweenness;4,870857700003398;200,0;2,0;9,0
2049;0,5;0,3333333333333333;PhyDL;0,9;10;twomoons;6;1;edgebetweenness;4,870871700000862;200,0;2,0;10,0
2050;0,5;0,3333333333333333;PhyDL;0,9;10;twomoons;6;1;edgebetweenness;4,8708802000001015;200,0;2,0;11,0
2051;0,5;0,3333333333333333;PhyDL;0,9;10;twomoons;6;1;edgebetweenness;4,8708564000007755;200,0;2,0;12,0
2052;0,5;0,3333333333333333;PhyDL;0,9;10;twomoons;6;1;edgebetweenness;4,870864300002722;200,0;2,0;13,0
2053;0,5;0,3333333333333333;PhyDL;0,9;10;twomoons;6;1;edgebetweenness;4,870866700002807;200,0;2,0;14,0
2054;0,5;0,3333333333333333;PhyDL;0,9;10;twomoons;6;1;edgebetweenness;4,8708638999996765;200,0;2,0;15,0
2055;0,5;0,3333333333333333;PhyDL;0,9;10;twomoons;6;1;edgebetweenness;4,870878699999594;200,0;2,0;16,0
2056;0,5;0,3333333333333333;PhyDL;0,9;10;twomoons;6;1;edgebetweenness;4,870873400002893;200,0;2,0;17,0
2057;0,5;0,3333333333333333;PhyDL;0,9;10;twomoons;6;1;edgebetweenness;4,870853900003567;200,0;2,0;18,0
2058;0,5;0,3333333333333333;PhyDL;0,9;10;twomoons;6;1;edgebetweenness;4,8708595000025525;200,0;2,0;19,0
2059;0,5;0,3333333333333333;PhyDL;0,9;10;twomoons;6;1;edgebetweenness;4,870857000001706;200,0;2,0;20,0
2060;0,5;0,3333333333333333;PhyDL;0,9;10;twomoons;6;1;edgebetweenness;4,870877400000609;200,0;2,0;21,0
2061;0,5;0,3333333333333333;PhyDL;0,9;10;twomoons;6;1;edgebetweenness;4,87090580000222;200,0;2,0;22,0
2062;0,5;0,3333333333333333;PhyDL;0,9;10;twomoons;6;1;edgebetweenness;4,870897000000696;200,0;2,0;23,0
2063;0,5;0,3333333333333333;PhyDL;0,9;10;twomoons;6;1;edgebetweenness;4,870885600001202;200,0;2,0;24,0
2064;0,5;0,3333333333333333;PhyDL;0,9;10;twomoons;6;1;edgebetweenness;4,870860399998492;200,0;2,0;25,0
2065;0,5;0,3333333333333333;PhyDL;0,9;10;twomoons;6;1;edgebetweenness;4,870890399997734;200,0;2,0;26,0
2066;0,5;0,3333333333333333;PhyDL;0,9;10;twomoons;6;1;edgebetweenness;4,87085930000103;200,0;2,0;27,0
2067;0,5;0,3333333333333333;PhyDL;0,9;10;twomoons;6;1;edgebetweenness;4,8708564000007755;200,0;2,0;28,0
2068;0,5;0,3333333333333333;PhyDL;0,9;10;twomoons;6;1;edgebetweenness;4,870866500001284;200,0;2,0;29,0
2069;0,5;0,3333333333333333;PhyDL;0,9;10;twomoons;6;1;edgebetweenness;4,8708552999996755;200,0;2,0;30,0
2070;0,8611111111111112;0,8610725201444845;LLGC;0,9;10;twomoons;6;1;edgebetweenness;0,17813639999803854;200,0;2,0;1,0
2071;0,8722222222222222;0,872028685357485;LLGC;0,9;10;twomoons;6;1;edgebetweenness;0,14536500000031083;200,0;2,0;2,0
2072;0,8722222222222222;0,8719019771651351;LLGC;0,9;10;twomoons;6;1;edgebetweenness;0,08889450000060606;200,0;2,0;3,0
2073;0,8444444444444444;0,84375;LLGC;0,9;10;twomoons;6;1;edgebetweenness;0,09336849999817787;200,0;2,0;4,0
2074;0,85;0,8498841698841699;LLGC;0,9;10;twomoons;6;1;edgebetweenness;0,08189849999689613;200,0;2,0;5,0
2075;0,85;0,8499583217560434;LLGC;0,9;10;twomoons;6;1;edgebetweenness;0,026521100000536535;200,0;2,0;6,0
2076;0,85;0,8499953702274762;LLGC;0,9;10;twomoons;6;1;edgebetweenness;0,032809600001201034;200,0;2,0;7,0
2077;0,8611111111111112;0,8611068242847002;LLGC;0,9;10;twomoons;6;1;edgebetweenness;0,021545999999943888;200,0;2,0;8,0
2078;0,8833333333333333;0,883329732399148;LLGC;0,9;10;twomoons;6;1;edgebetweenness;0,022606999998970423;200,0;2,0;9,0
2079;0,8666666666666667;0,866600790513834;LLGC;0,9;10;twomoons;6;1;edgebetweenness;0,041797899997618515;200,0;2,0;10,0
2080;0,8666666666666667;0,8665183537263625;LLGC;0,9;10;twomoons;6;1;edgebetweenness;0,030273500000475906;200,0;2,0;11,0
2081;0,8444444444444444;0,8444444444444444;LLGC;0,9;10;twomoons;6;1;edgebetweenness;0,02284739999959129;200,0;2,0;12,0
2082;0,8777777777777778;0,8777173913043479;LLGC;0,9;10;twomoons;6;1;edgebetweenness;0,030989599999884376;200,0;2,0;13,0
2083;0,8444444444444444;0,84375;LLGC;0,9;10;twomoons;6;1;edgebetweenness;0,025232100000721402;200,0;2,0;14,0
2084;0,8388888888888889;0,8388441233676021;LLGC;0,9;10;twomoons;6;1;edgebetweenness;0,03654619999724673;200,0;2,0;15,0
2085;0,8555555555555555;0,85553772070626;LLGC;0,9;10;twomoons;6;1;edgebetweenness;0,028899500000989065;200,0;2,0;16,0
2086;0,8666666666666667;0,8664027709054923;LLGC;0,9;10;twomoons;6;1;edgebetweenness;0,03537320000032196;200,0;2,0;17,0
2087;0,8611111111111112;0,8611068242847002;LLGC;0,9;10;twomoons;6;1;edgebetweenness;0,015271299998858012;200,0;2,0;18,0
2088;0,8722222222222222;0,8721867185329257;LLGC;0,9;10;twomoons;6;1;edgebetweenness;0,01875080000172602;200,0;2,0;19,0
2089;0,8666666666666667;0,8666502037288555;LLGC;0,9;10;twomoons;6;1;edgebetweenness;0,037561299999651965;200,0;2,0;20,0
2090;0,8611111111111112;0,8607630186577555;LLGC;0,9;10;twomoons;6;1;edgebetweenness;0,016444299999420764;200,0;2,0;21,0
2091;0,85;0,8498841698841699;LLGC;0,9;10;twomoons;6;1;edgebetweenness;0,05313110000133747;200,0;2,0;22,0
2092;0,8666666666666667;0,8662538699690403;LLGC;0,9;10;twomoons;6;1;edgebetweenness;0,06637469999986934;200,0;2,0;23,0
2093;0,8666666666666667;0,8666666666666667;LLGC;0,9;10;twomoons;6;1;edgebetweenness;0,037863800000195624;200,0;2,0;24,0
2094;0,8555555555555555;0,8544051767048282;LLGC;0,9;10;twomoons;6;1;edgebetweenness;0,015347399999882327;200,0;2,0;25,0
2095;0,8722222222222222;0,8719019771651351;LLGC;0,9;10;twomoons;6;1;edgebetweenness;0,026401999999507098;200,0;2,0;26,0
2096;0,8222222222222222;0,8221343873517787;LLGC;0,9;10;twomoons;6;1;edgebetweenness;0,04252739999719779;200,0;2,0;27,0
2097;0,8611111111111112;0,8605904767805694;LLGC;0,9;10;twomoons;6;1;edgebetweenness;0,05167090000031749;200,0;2,0;28,0
2098;0,8666666666666667;0,8666502037288555;LLGC;0,9;10;twomoons;6;1;edgebetweenness;0,037410900000395486;200,0;2,0;29,0
2099;0,85;0,8499583217560434;LLGC;0,9;10;twomoons;6;1;edgebetweenness;0,032170100002986146;200,0;2,0;30,0
2100;0,5;0,3333333333333333;PhyDL;0,9;12;twomoons;6;1;edgebetweenness;4,8708606000000145;200,0;2,0;1,0
2101;0,5;0,3333333333333333;PhyDL;0,9;12;twomoons;6;1;edgebetweenness;4,870879300000524;200,0;2,0;2,0
2102;0,5;0,3333333333333333;PhyDL;0,9;12;twomoons;6;1;edgebetweenness;4,8708553000033135;200,0;2,0;3,0
2103;0,5;0,3333333333333333;PhyDL;0,9;12;twomoons;6;1;edgebetweenness;4,870860099999845;200,0;2,0;4,0
2104;0,5;0,3333333333333333;PhyDL;0,9;12;twomoons;6;1;edgebetweenness;4,870862399999169;200,0;2,0;5,0
2105;0,5;0,3333333333333333;PhyDL;0,9;12;twomoons;6;1;edgebetweenness;4,870891700000357;200,0;2,0;6,0
2106;0,5;0,3333333333333333;PhyDL;0,9;12;twomoons;6;1;edgebetweenness;4,870875699998578;200,0;2,0;7,0
2107;0,5;0,3333333333333333;PhyDL;0,9;12;twomoons;6;1;edgebetweenness;4,870859100003145;200,0;2,0;8,0
2108;0,5;0,3333333333333333;PhyDL;0,9;12;twomoons;6;1;edgebetweenness;4,87087899999824;200,0;2,0;9,0
2109;0,5;0,3333333333333333;PhyDL;0,9;12;twomoons;6;1;edgebetweenness;4,8708573000003526;200,0;2,0;10,0
2110;0,5;0,3333333333333333;PhyDL;0,9;12;twomoons;6;1;edgebetweenness;4,870884600000863;200,0;2,0;11,0
2111;0,5;0,3333333333333333;PhyDL;0,9;12;twomoons;6;1;edgebetweenness;4,87085819999993;200,0;2,0;12,0
2112;0,5;0,3333333333333333;PhyDL;0,9;12;twomoons;6;1;edgebetweenness;4,870898900000611;200,0;2,0;13,0
2113;0,5;0,3333333333333333;PhyDL;0,9;12;twomoons;6;1;edgebetweenness;4,87085450000086;200,0;2,0;14,0
2114;0,5;0,3333333333333333;PhyDL;0,9;12;twomoons;6;1;edgebetweenness;4,870879600002809;200,0;2,0;15,0
2115;0,5;0,3333333333333333;PhyDL;0,9;12;twomoons;6;1;edgebetweenness;4,870898000001034;200,0;2,0;16,0
2116;0,5;0,3333333333333333;PhyDL;0,9;12;twomoons;6;1;edgebetweenness;4,870864000000438;200,0;2,0;17,0
2117;0,5;0,3333333333333333;PhyDL;0,9;12;twomoons;6;1;edgebetweenness;4,870947400002478;200,0;2,0;18,0
2118;0,5;0,3333333333333333;PhyDL;0,9;12;twomoons;6;1;edgebetweenness;4,8708584000014525;200,0;2,0;19,0
2119;0,5;0,3333333333333333;PhyDL;0,9;12;twomoons;6;1;edgebetweenness;4,870877000001201;200,0;2,0;20,0
2120;0,5;0,3333333333333333;PhyDL;0,9;12;twomoons;6;1;edgebetweenness;4,870857200003229;200,0;2,0;21,0
2121;0,5;0,3333333333333333;PhyDL;0,9;12;twomoons;6;1;edgebetweenness;4,870870799997647;200,0;2,0;22,0
2122;0,5;0,3333333333333333;PhyDL;0,9;12;twomoons;6;1;edgebetweenness;4,870894499999849;200,0;2,0;23,0
2123;0,5;0,3333333333333333;PhyDL;0,9;12;twomoons;6;1;edgebetweenness;4,870902300001035;200,0;2,0;24,0
2124;0,5;0,3333333333333333;PhyDL;0,9;12;twomoons;6;1;edgebetweenness;4,870863000000099;200,0;2,0;25,0
2125;0,5;0,3333333333333333;PhyDL;0,9;12;twomoons;6;1;edgebetweenness;4,870871300001454;200,0;2,0;26,0
2126;0,5;0,3333333333333333;PhyDL;0,9;12;twomoons;6;1;edgebetweenness;4,87085819999993;200,0;2,0;27,0
2127;0,5;0,3333333333333333;PhyDL;0,9;12;twomoons;6;1;edgebetweenness;4,870874500000355;200,0;2,0;28,0
2128;0,5;0,3333333333333333;PhyDL;0,9;12;twomoons;6;1;edgebetweenness;4,870864600001369;200,0;2,0;29,0
2129;0,5;0,3333333333333333;PhyDL;0,9;12;twomoons;6;1;edgebetweenness;4,870859999999084;200,0;2,0;30,0
2130;0,8522727272727273;0,8521963824289405;LLGC;0,9;12;twomoons;6;1;edgebetweenness;0,03367640000215033;200,0;2,0;1,0
2131;0,8295454545454546;0,8295454545454546;LLGC;0,9;12;twomoons;6;1;edgebetweenness;0,018752500000118744;200,0;2,0;2,0
2132;0,8863636363636364;0,8861283643892339;LLGC;0,9;12;twomoons;6;1;edgebetweenness;0,036973300000681775;200,0;2,0;3,0
2133;0,8863636363636364;0,8862314156431803;LLGC;0,9;12;twomoons;6;1;edgebetweenness;0,02935330000036629;200,0;2,0;4,0
2134;0,8522727272727273;0,8521963824289405;LLGC;0,9;12;twomoons;6;1;edgebetweenness;0,03377990000080899;200,0;2,0;5,0
2135;0,8579545454545454;0,8575821330312349;LLGC;0,9;12;twomoons;6;1;edgebetweenness;0,056150199998228345;200,0;2,0;6,0
2136;0,8579545454545454;0,8579132625052475;LLGC;0,9;12;twomoons;6;1;edgebetweenness;0,04270349999933387;200,0;2,0;7,0
2137;0,8409090909090909;0,8398960363872645;LLGC;0,9;12;twomoons;6;1;edgebetweenness;0,021672999999282183;200,0;2,0;8,0
2138;0,8579545454545454;0,8577294920296181;LLGC;0,9;12;twomoons;6;1;edgebetweenness;0,021496000001206994;200,0;2,0;9,0
2139;0,8579545454545454;0,8575821330312349;LLGC;0,9;12;twomoons;6;1;edgebetweenness;0,01935070000035921;200,0;2,0;10,0
2140;0,8522727272727273;0,8519668737060042;LLGC;0,9;12;twomoons;6;1;edgebetweenness;0,028645999998843763;200,0;2,0;11,0
2141;0,875;0,8747412008281574;LLGC;0,9;12;twomoons;6;1;edgebetweenness;0,02456969999911962;200,0;2,0;12,0
2142;0,8465909090909091;0,8465859564164648;LLGC;0,9;12;twomoons;6;1;edgebetweenness;0,02211420000094222;200,0;2,0;13,0
2143;0,8693181818181818;0,8693139628732849;LLGC;0,9;12;twomoons;6;1;edgebetweenness;0,022418100001232233;200,0;2,0;14,0
2144;0,8579545454545454;0,857397504456328;LLGC;0,9;12;twomoons;6;1;edgebetweenness;0,0244803999994474;200,0;2,0;15,0
2145;0,8522727272727273;0,8521963824289405;LLGC;0,9;12;twomoons;6;1;edgebetweenness;0,039135999999416526;200,0;2,0;16,0
2146;0,8693181818181818;0,8692126264094859;LLGC;0,9;12;twomoons;6;1;edgebetweenness;0,04767500000161817;200,0;2,0;17,0
2147;0,8352272727272727;0,8352219531880549;LLGC;0,9;12;twomoons;6;1;edgebetweenness;0,036027400001330534;200,0;2,0;18,0
2148;0,8636363636363636;0,8635658914728682;LLGC;0,9;12;twomoons;6;1;edgebetweenness;0,07434869999997318;200,0;2,0;19,0
2149;0,8636363636363636;0,8635658914728682;LLGC;0,9;12;twomoons;6;1;edgebetweenness;0,013206999999965774;200,0;2,0;20,0
2150;0,8636363636363636;0,8635658914728682;LLGC;0,9;12;twomoons;6;1;edgebetweenness;0,03557379999983823;200,0;2,0;21,0
2151;0,8522727272727273;0,8521008403361344;LLGC;0,9;12;twomoons;6;1;edgebetweenness;0,018950400000903755;200,0;2,0;22,0
2152;0,8238636363636364;0,8234018449587313;LLGC;0,9;12;twomoons;6;1;edgebetweenness;0,020516000000498025;200,0;2,0;23,0
2153;0,8409090909090909;0,8408885444917991;LLGC;0,9;12;twomoons;6;1;edgebetweenness;0,03499980000196956;200,0;2,0;24,0
2154;0,8636363636363636;0,8635658914728682;LLGC;0,9;12;twomoons;6;1;edgebetweenness;0,04334509999898728;200,0;2,0;25,0
2155;0,8465909090909091;0,8465463235056674;LLGC;0,9;12;twomoons;6;1;edgebetweenness;0,017445100002078107;200,0;2,0;26,0
2156;0,8465909090909091;0,8463478513919875;LLGC;0,9;12;twomoons;6;1;edgebetweenness;0,02371060000223224;200,0;2,0;27,0
2157;0,8693181818181818;0,8692802015048278;LLGC;0,9;12;twomoons;6;1;edgebetweenness;0,018277300001500407;200,0;2,0;28,0
2158;0,8693181818181818;0,8692802015048278;LLGC;0,9;12;twomoons;6;1;edgebetweenness;0,020869100000709295;200,0;2,0;29,0
2159;0,8409090909090909;0,8409090909090909;LLGC;0,9;12;twomoons;6;1;edgebetweenness;0,027356299997336464;200,0;2,0;30,0
2160;0,5;0,3333333333333333;PhyDL;0,9;14;twomoons;6;1;edgebetweenness;4,870865799999592;200,0;2,0;1,0
2161;0,5;0,3333333333333333;PhyDL;0,9;14;twomoons;6;1;edgebetweenness;4,870876200002385;200,0;2,0;2,0
2162;0,5;0,3333333333333333;PhyDL;0,9;14;twomoons;6;1;edgebetweenness;4,870881499999086;200,0;2,0;3,0
2163;0,5;0,3333333333333333;PhyDL;0,9;14;twomoons;6;1;edgebetweenness;4,870860300001368;200,0;2,0;4,0
2164;0,5;0,3333333333333333;PhyDL;0,9;14;twomoons;6;1;edgebetweenness;4,870867000001454;200,0;2,0;5,0
2165;0,5;0,3333333333333333;PhyDL;0,9;14;twomoons;6;1;edgebetweenness;4,87085930000103;200,0;2,0;6,0
2166;0,5;0,3333333333333333;PhyDL;0,9;14;twomoons;6;1;edgebetweenness;4,870876500001032;200,0;2,0;7,0
2167;0,5;0,3333333333333333;PhyDL;0,9;14;twomoons;6;1;edgebetweenness;4,870856199999253;200,0;2,0;8,0
2168;0,5;0,3333333333333333;PhyDL;0,9;14;twomoons;6;1;edgebetweenness;4,8708541999985755;200,0;2,0;9,0
2169;0,5;0,3333333333333333;PhyDL;0,9;14;twomoons;6;1;edgebetweenness;4,870877000001201;200,0;2,0;10,0
2170;0,5;0,3333333333333333;PhyDL;0,9;14;twomoons;6;1;edgebetweenness;4,870862300002045;200,0;2,0;11,0
2171;0,5;0,3333333333333333;PhyDL;0,9;14;twomoons;6;1;edgebetweenness;4,870863400003145;200,0;2,0;12,0
2172;0,5;0,3333333333333333;PhyDL;0,9;14;twomoons;6;1;edgebetweenness;4,870877900000778;200,0;2,0;13,0
2173;0,5;0,3333333333333333;PhyDL;0,9;14;twomoons;6;1;edgebetweenness;4,870877900000778;200,0;2,0;14,0
2174;0,5;0,3333333333333333;PhyDL;0,9;14;twomoons;6;1;edgebetweenness;4,870861899998999;200,0;2,0;15,0
2175;0,5;0,3333333333333333;PhyDL;0,9;14;twomoons;6;1;edgebetweenness;4,87085880000086;200,0;2,0;16,0
2176;0,5;0,3333333333333333;PhyDL;0,9;14;twomoons;6;1;edgebetweenness;4,870857200003229;200,0;2,0;17,0
2177;0,5;0,3333333333333333;PhyDL;0,9;14;twomoons;6;1;edgebetweenness;4,87091750000036;200,0;2,0;18,0
2178;0,5;0,3333333333333333;PhyDL;0,9;14;twomoons;6;1;edgebetweenness;4,870864500000607;200,0;2,0;19,0
2179;0,5;0,3333333333333333;PhyDL;0,9;14;twomoons;6;1;edgebetweenness;4,8708575000018755;200,0;2,0;20,0
2180;0,5;0,3333333333333333;PhyDL;0,9;14;twomoons;6;1;edgebetweenness;4,8708585999993375;200,0;2,0;21,0
2181;0,5;0,3333333333333333;PhyDL;0,9;14;twomoons;6;1;edgebetweenness;4,870864100001199;200,0;2,0;22,0
2182;0,5;0,3333333333333333;PhyDL;0,9;14;twomoons;6;1;edgebetweenness;4,870877200002724;200,0;2,0;23,0
2183;0,5;0,3333333333333333;PhyDL;0,9;14;twomoons;6;1;edgebetweenness;4,870856600002298;200,0;2,0;24,0
2184;0,5;0,3333333333333333;PhyDL;0,9;14;twomoons;6;1;edgebetweenness;4,870861499999592;200,0;2,0;25,0
2185;0,5;0,3333333333333333;PhyDL;0,9;14;twomoons;6;1;edgebetweenness;4,870877800000017;200,0;2,0;26,0
2186;0,5;0,3333333333333333;PhyDL;0,9;14;twomoons;6;1;edgebetweenness;4,870857600002637;200,0;2,0;27,0
2187;0,5;0,3333333333333333;PhyDL;0,9;14;twomoons;6;1;edgebetweenness;4,8708673000001;200,0;2,0;28,0
2188;0,5;0,3333333333333333;PhyDL;0,9;14;twomoons;6;1;edgebetweenness;4,870868099998916;200,0;2,0;29,0
2189;0,5;0,3333333333333333;PhyDL;0,9;14;twomoons;6;1;edgebetweenness;4,870856300000014;200,0;2,0;30,0
2190;0,8604651162790697;0,8602951130364154;LLGC;0,9;14;twomoons;6;1;edgebetweenness;0,014473700000962708;200,0;2,0;1,0
2191;0,877906976744186;0,8774055595153243;LLGC;0,9;14;twomoons;6;1;edgebetweenness;0,016908500001591165;200,0;2,0;2,0
2192;0,8662790697674418;0,8662745495723896;LLGC;0,9;14;twomoons;6;1;edgebetweenness;0,023220800001581665;200,0;2,0;3,0
2193;0,872093023255814;0,8720238095238095;LLGC;0,9;14;twomoons;6;1;edgebetweenness;0,0175944000002346;200,0;2,0;4,0
2194;0,877906976744186;0,8778698224852071;LLGC;0,9;14;twomoons;6;1;edgebetweenness;0,02972540000337176;200,0;2,0;5,0
2195;0,8662790697674418;0,8662383770076078;LLGC;0,9;14;twomoons;6;1;edgebetweenness;0,016420100000686944;200,0;2,0;6,0
2196;0,8837209302325582;0,8835792608636794;LLGC;0,9;14;twomoons;6;1;edgebetweenness;0,022504199998365948;200,0;2,0;7,0
2197;0,8546511627906976;0,8545282316722487;LLGC;0,9;14;twomoons;6;1;edgebetweenness;0,024089499998808606;200,0;2,0;8,0
2198;0,8662790697674418;0,8657298985167837;LLGC;0,9;14;twomoons;6;1;edgebetweenness;0,0112459999982093;200,0;2,0;9,0
2199;0,8430232558139535;0,8429754860524091;LLGC;0,9;14;twomoons;6;1;edgebetweenness;0,02942800000164425;200,0;2,0;10,0
2200;0,872093023255814;0,8720238095238095;LLGC;0,9;14;twomoons;6;1;edgebetweenness;0,02906079999957001;200,0;2,0;11,0
2201;0,8546511627906976;0,8545282316722487;LLGC;0,9;14;twomoons;6;1;edgebetweenness;0,012471199999708915;200,0;2,0;12,0
2202;0,8372093023255814;0,8366571699905033;LLGC;0,9;14;twomoons;6;1;edgebetweenness;0,03185079999821028;200,0;2,0;13,0
2203;0,8837209302325582;0,8834688346883468;LLGC;0,9;14;twomoons;6;1;edgebetweenness;0,04780689999824972;200,0;2,0;14,0
2204;0,877906976744186;0,8777044184865413;LLGC;0,9;14;twomoons;6;1;edgebetweenness;0,019684300001244992;200,0;2,0;15,0
2205;0,872093023255814;0,872093023255814;LLGC;0,9;14;twomoons;6;1;edgebetweenness;0,028292300001339754;200,0;2,0;16,0
2206;0,872093023255814;0,8712399618892065;LLGC;0,9;14;twomoons;6;1;edgebetweenness;0,026648999999451917;200,0;2,0;17,0
2207;0,877906976744186;0,8778698224852071;LLGC;0,9;14;twomoons;6;1;edgebetweenness;0,030980799998360453;200,0;2,0;18,0
2208;0,8488372093023255;0,8488167680865449;LLGC;0,9;14;twomoons;6;1;edgebetweenness;0,01848740000059479;200,0;2,0;19,0
2209;0,8604651162790697;0,8601626016260162;LLGC;0,9;14;twomoons;6;1;edgebetweenness;0,02231699999902048;200,0;2,0;20,0
2210;0,8604651162790697;0,8604462474645029;LLGC;0,9;14;twomoons;6;1;edgebetweenness;0,023521099999925354;200,0;2,0;21,0
2211;0,8604651162790697;0,8604651162790697;LLGC;0,9;14;twomoons;6;1;edgebetweenness;0,054865100002643885;200,0;2,0;22,0
2212;0,8662790697674418;0,8662383770076078;LLGC;0,9;14;twomoons;6;1;edgebetweenness;0,014740000002348097;200,0;2,0;23,0
2213;0,8372093023255814;0,8371872887085869;LLGC;0,9;14;twomoons;6;1;edgebetweenness;0,021126299998286413;200,0;2,0;24,0
2214;0,9011627906976745;0,9008914347693455;LLGC;0,9;14;twomoons;6;1;edgebetweenness;0,031096800001250813;200,0;2,0;25,0
2215;0,8313953488372093;0,8312527487398085;LLGC;0,9;14;twomoons;6;1;edgebetweenness;0,038536100000783335;200,0;2,0;26,0
2216;0,872093023255814;0,8719371869500474;LLGC;0,9;14;twomoons;6;1;edgebetweenness;0,029504199999792036;200,0;2,0;27,0
2217;0,8895348837209303;0,889231603565739;LLGC;0,9;14;twomoons;6;1;edgebetweenness;0,03334839999661199;200,0;2,0;28,0
2218;0,8372093023255814;0,8371872887085869;LLGC;0,9;14;twomoons;6;1;edgebetweenness;0,05197580000094604;200,0;2,0;29,0
2219;0,8546511627906976;0,8546069315300084;LLGC;0,9;14;twomoons;6;1;edgebetweenness;0,015290400002413662;200,0;2,0;30,0
2220;0,5;0,3333333333333333;PhyDL;0,9;16;twomoons;6;1;edgebetweenness;4,870877800000017;200,0;2,0;1,0
2221;0,5;0,3333333333333333;PhyDL;0,9;16;twomoons;6;1;edgebetweenness;4,870854800003144;200,0;2,0;2,0
2222;0,5;0,3333333333333333;PhyDL;0,9;16;twomoons;6;1;edgebetweenness;4,870899199999258;200,0;2,0;3,0
2223;0,5;0,3333333333333333;PhyDL;0,9;16;twomoons;6;1;edgebetweenness;4,870890900001541;200,0;2,0;4,0
2224;0,5;0,3333333333333333;PhyDL;0,9;16;twomoons;6;1;edgebetweenness;4,870858399997815;200,0;2,0;5,0
2225;0,5;0,3333333333333333;PhyDL;0,9;16;twomoons;6;1;edgebetweenness;4,8708888000037405;200,0;2,0;6,0
2226;0,5;0,3333333333333333;PhyDL;0,9;16;twomoons;6;1;edgebetweenness;4,870855900000606;200,0;2,0;7,0
2227;0,5;0,3333333333333333;PhyDL;0,9;16;twomoons;6;1;edgebetweenness;4,870861100003822;200,0;2,0;8,0
2228;0,5;0,3333333333333333;PhyDL;0,9;16;twomoons;6;1;edgebetweenness;4,8708813000012015;200,0;2,0;9,0
2229;0,5;0,3333333333333333;PhyDL;0,9;16;twomoons;6;1;edgebetweenness;4,870856800000183;200,0;2,0;10,0
2230;0,5;0,3333333333333333;PhyDL;0,9;16;twomoons;6;1;edgebetweenness;4,870858499998576;200,0;2,0;11,0
2231;0,5;0,3333333333333333;PhyDL;0,9;16;twomoons;6;1;edgebetweenness;4,8708584000014525;200,0;2,0;12,0
2232;0,5;0,3333333333333333;PhyDL;0,9;16;twomoons;6;1;edgebetweenness;4,870901500002219;200,0;2,0;13,0
2233;0,5;0,3333333333333333;PhyDL;0,9;16;twomoons;6;1;edgebetweenness;4,870861300001707;200,0;2,0;14,0
2234;0,5;0,3333333333333333;PhyDL;0,9;16;twomoons;6;1;edgebetweenness;4,870862400002807;200,0;2,0;15,0
2235;0,5;0,3333333333333333;PhyDL;0,9;16;twomoons;6;1;edgebetweenness;4,870856500001537;200,0;2,0;16,0
2236;0,5;0,3333333333333333;PhyDL;0,9;16;twomoons;6;1;edgebetweenness;4,870861300001707;200,0;2,0;17,0
2237;0,5;0,3333333333333333;PhyDL;0,9;16;twomoons;6;1;edgebetweenness;4,87087529999917;200,0;2,0;18,0
2238;0,5;0,3333333333333333;PhyDL;0,9;16;twomoons;6;1;edgebetweenness;4,87085880000086;200,0;2,0;19,0
2239;0,5;0,3333333333333333;PhyDL;0,9;16;twomoons;6;1;edgebetweenness;4,870891200000187;200,0;2,0;20,0
2240;0,5;0,3333333333333333;PhyDL;0,9;16;twomoons;6;1;edgebetweenness;4,87085819999993;200,0;2,0;21,0
2241;0,5;0,3333333333333333;PhyDL;0,9;16;twomoons;6;1;edgebetweenness;4,870875500000693;200,0;2,0;22,0
2242;0,5;0,3333333333333333;PhyDL;0,9;16;twomoons;6;1;edgebetweenness;4,8708736000007775;200,0;2,0;23,0
2243;0,5;0,3333333333333333;PhyDL;0,9;16;twomoons;6;1;edgebetweenness;4,870901500002219;200,0;2,0;24,0
2244;0,5;0,3333333333333333;PhyDL;0,9;16;twomoons;6;1;edgebetweenness;4,870889300000272;200,0;2,0;25,0
2245;0,5;0,3333333333333333;PhyDL;0,9;16;twomoons;6;1;edgebetweenness;4,870859000002383;200,0;2,0;26,0
2246;0,5;0,3333333333333333;PhyDL;0,9;16;twomoons;6;1;edgebetweenness;4,8708727000012;200,0;2,0;27,0
2247;0,5;0,3333333333333333;PhyDL;0,9;16;twomoons;6;1;edgebetweenness;4,870906700001797;200,0;2,0;28,0
2248;0,5;0,3333333333333333;PhyDL;0,9;16;twomoons;6;1;edgebetweenness;4,870869800000946;200,0;2,0;29,0
2249;0,5;0,3333333333333333;PhyDL;0,9;16;twomoons;6;1;edgebetweenness;4,870877199999086;200,0;2,0;30,0
2250;0,8511904761904762;0,8510585481754672;LLGC;0,9;16;twomoons;6;1;edgebetweenness;0,013396499998634681;200,0;2,0;1,0
2251;0,8392857142857143;0,8390062111801242;LLGC;0,9;16;twomoons;6;1;edgebetweenness;0,02308679999987362;200,0;2,0;2,0
2252;0,8630952380952381;0,8628571428571428;LLGC;0,9;16;twomoons;6;1;edgebetweenness;0,019221800001105294;200,0;2,0;3,0
2253;0,8392857142857143;0,8392800198419728;LLGC;0,9;16;twomoons;6;1;edgebetweenness;0,023595899998326786;200,0;2,0;4,0
2254;0,8511904761904762;0,8510585481754672;LLGC;0,9;16;twomoons;6;1;edgebetweenness;0,03569010000137496;200,0;2,0;5,0
2255;0,8452380952380952;0,8452161587526577;LLGC;0,9;16;twomoons;6;1;edgebetweenness;0,032293800002662465;200,0;2,0;6,0
2256;0,875;0,8744618012311853;LLGC;0,9;16;twomoons;6;1;edgebetweenness;0,022526400000060676;200,0;2,0;7,0
2257;0,8392857142857143;0,8392800198419728;LLGC;0,9;16;twomoons;6;1;edgebetweenness;0,030158399997162633;200,0;2,0;8,0
2258;0,8511904761904762;0,8509316770186335;LLGC;0,9;16;twomoons;6;1;edgebetweenness;0,024917200000345474;200,0;2,0;9,0
2259;0,8452380952380952;0,8450404427415921;LLGC;0,9;16;twomoons;6;1;edgebetweenness;0,022369500002241693;200,0;2,0;10,0
2260;0,8511904761904762;0,8511430090377459;LLGC;0,9;16;twomoons;6;1;edgebetweenness;0,029988700000103563;200,0;2,0;11,0
2261;0,8392857142857143;0,8392800198419728;LLGC;0,9;16;twomoons;6;1;edgebetweenness;0,024581199999374803;200,0;2,0;12,0
2262;0,8630952380952381;0,8630903872727917;LLGC;0,9;16;twomoons;6;1;edgebetweenness;0,022667099998216145;200,0;2,0;13,0
2263;0,8273809523809523;0,8273258904837852;LLGC;0,9;16;twomoons;6;1;edgebetweenness;0,02751390000048559;200,0;2,0;14,0
2264;0,8511904761904762;0,8511852035573824;LLGC;0,9;16;twomoons;6;1;edgebetweenness;0,021018600000388687;200,0;2,0;15,0
2265;0,8809523809523809;0,8808848553601816;LLGC;0,9;16;twomoons;6;1;edgebetweenness;0,02175589999751537;200,0;2,0;16,0
2266;0,8630952380952381;0,8630903872727917;LLGC;0,9;16;twomoons;6;1;edgebetweenness;0,012683999997534556;200,0;2,0;17,0
2267;0,8869047619047619;0,886804496613355;LLGC;0,9;16;twomoons;6;1;edgebetweenness;0,01657089999935124;200,0;2,0;18,0
2268;0,8809523809523809;0,8808003405704555;LLGC;0,9;16;twomoons;6;1;edgebetweenness;0,02126990000033402;200,0;2,0;19,0
2269;0,875;0,8746402302526384;LLGC;0,9;16;twomoons;6;1;edgebetweenness;0,030996800000139046;200,0;2,0;20,0
2270;0,875;0,8744618012311853;LLGC;0,9;16;twomoons;6;1;edgebetweenness;0,029475600000296254;200,0;2,0;21,0
2271;0,8333333333333334;0,8332387975042541;LLGC;0,9;16;twomoons;6;1;edgebetweenness;0,03132469999763998;200,0;2,0;22,0
2272;0,875;0,8748891804673924;LLGC;0,9;16;twomoons;6;1;edgebetweenness;0,060935500001505716;200,0;2,0;23,0
2273;0,8869047619047619;0,8867080745341616;LLGC;0,9;16;twomoons;6;1;edgebetweenness;0,05317239999931189;200,0;2,0;24,0
2274;0,8809523809523809;0,8809523809523809;LLGC;0,9;16;twomoons;6;1;edgebetweenness;0,022678100001940038;200,0;2,0;25,0
2275;0,875;0,8747826086956522;LLGC;0,9;16;twomoons;6;1;edgebetweenness;0,025781199998164084;200,0;2,0;26,0
2276;0,8690476190476191;0,86875;LLGC;0,9;16;twomoons;6;1;edgebetweenness;0,024099899997963803;200,0;2,0;27,0
2277;0,8452380952380952;0,845150311968236;LLGC;0,9;16;twomoons;6;1;edgebetweenness;0,01892310000039288;200,0;2,0;28,0
2278;0,8630952380952381;0,8629738643214299;LLGC;0,9;16;twomoons;6;1;edgebetweenness;0,0231688000021677;200,0;2,0;29,0
2279;0,8571428571428571;0,8568181818181818;LLGC;0,9;16;twomoons;6;1;edgebetweenness;0,02885239999886835;200,0;2,0;30,0
2280;0,5;0,3333333333333333;PhyDL;0,9;18;twomoons;6;1;edgebetweenness;4,870894700001372;200,0;2,0;1,0
2281;0,5;0,3333333333333333;PhyDL;0,9;18;twomoons;6;1;edgebetweenness;4,870881599999848;200,0;2,0;2,0
2282;0,5;0,3333333333333333;PhyDL;0,9;18;twomoons;6;1;edgebetweenness;4,870886700002302;200,0;2,0;3,0
2283;0,5;0,3333333333333333;PhyDL;0,9;18;twomoons;6;1;edgebetweenness;4,870858600002975;200,0;2,0;4,0
2284;0,5;0,3333333333333333;PhyDL;0,9;18;twomoons;6;1;edgebetweenness;4,87085709999883;200,0;2,0;5,0
2285;0,5;0,3333333333333333;PhyDL;0,9;18;twomoons;6;1;edgebetweenness;4,870876199998747;200,0;2,0;6,0
2286;0,5;0,3333333333333333;PhyDL;0,9;18;twomoons;6;1;edgebetweenness;4,870905299998412;200,0;2,0;7,0
2287;0,5;0,3333333333333333;PhyDL;0,9;18;twomoons;6;1;edgebetweenness;4,8708661000018765;200,0;2,0;8,0
2288;0,5;0,3333333333333333;PhyDL;0,9;18;twomoons;6;1;edgebetweenness;4,870857000001706;200,0;2,0;9,0
2289;0,5;0,3333333333333333;PhyDL;0,9;18;twomoons;6;1;edgebetweenness;4,870861600000353;200,0;2,0;10,0
2290;0,5;0,3333333333333333;PhyDL;0,9;18;twomoons;6;1;edgebetweenness;4,870877000001201;200,0;2,0;11,0
2291;0,5;0,3333333333333333;PhyDL;0,9;18;twomoons;6;1;edgebetweenness;4,870876699998917;200,0;2,0;12,0
2292;0,5;0,3333333333333333;PhyDL;0,9;18;twomoons;6;1;edgebetweenness;4,87086360000103;200,0;2,0;13,0
2293;0,5;0,3333333333333333;PhyDL;0,9;18;twomoons;6;1;edgebetweenness;4,8708660999982385;200,0;2,0;14,0
2294;0,5;0,3333333333333333;PhyDL;0,9;18;twomoons;6;1;edgebetweenness;4,870871900002385;200,0;2,0;15,0
2295;0,5;0,3333333333333333;PhyDL;0,9;18;twomoons;6;1;edgebetweenness;4,870857999998407;200,0;2,0;16,0
2296;0,5;0,3333333333333333;PhyDL;0,9;18;twomoons;6;1;edgebetweenness;4,8709051000005275;200,0;2,0;17,0
2297;0,5;0,3333333333333333;PhyDL;0,9;18;twomoons;6;1;edgebetweenness;4,870862500003568;200,0;2,0;18,0
2298;0,5;0,3333333333333333;PhyDL;0,9;18;twomoons;6;1;edgebetweenness;4,87089250000281;200,0;2,0;19,0
2299;0,5;0,3333333333333333;PhyDL;0,9;18;twomoons;6;1;edgebetweenness;4,870878099998663;200,0;2,0;20,0
2300;0,5;0,3333333333333333;PhyDL;0,9;18;twomoons;6;1;edgebetweenness;4,87085549999756;200,0;2,0;21,0
2301;0,5;0,3333333333333333;PhyDL;0,9;18;twomoons;6;1;edgebetweenness;4,870870099999593;200,0;2,0;22,0
2302;0,5;0,3333333333333333;PhyDL;0,9;18;twomoons;6;1;edgebetweenness;4,8708584000014525;200,0;2,0;23,0
2303;0,5;0,3333333333333333;PhyDL;0,9;18;twomoons;6;1;edgebetweenness;4,870858500002214;200,0;2,0;24,0
2304;0,5;0,3333333333333333;PhyDL;0,9;18;twomoons;6;1;edgebetweenness;4,870859099999507;200,0;2,0;25,0
2305;0,5;0,3333333333333333;PhyDL;0,9;18;twomoons;6;1;edgebetweenness;4,870858500002214;200,0;2,0;26,0
2306;0,5;0,3333333333333333;PhyDL;0,9;18;twomoons;6;1;edgebetweenness;4,8708736000007775;200,0;2,0;27,0
2307;0,5;0,3333333333333333;PhyDL;0,9;18;twomoons;6;1;edgebetweenness;4,8709104000008665;200,0;2,0;28,0
2308;0,5;0,3333333333333333;PhyDL;0,9;18;twomoons;6;1;edgebetweenness;4,870856699999422;200,0;2,0;29,0
2309;0,5;0,3333333333333333;PhyDL;0,9;18;twomoons;6;1;edgebetweenness;4,8708585999993375;200,0;2,0;30,0
2310;0,8292682926829268;0,8291666666666666;LLGC;0,9;18;twomoons;6;1;edgebetweenness;0,034381999998004176;200,0;2,0;1,0
2311;0,8536585365853658;0,8535714285714285;LLGC;0,9;18;twomoons;6;1;edgebetweenness;0,06607290000101784;200,0;2,0;2,0
2312;0,8292682926829268;0,827186512118019;LLGC;0,9;18;twomoons;6;1;edgebetweenness;0,07021579999855021;200,0;2,0;3,0
2313;0,8780487804878049;0,8779761904761905;LLGC;0,9;18;twomoons;6;1;edgebetweenness;0,023632100001123035;200,0;2,0;4,0
2314;0,8658536585365854;0,8656738644825019;LLGC;0,9;18;twomoons;6;1;edgebetweenness;0,017170200000691693;200,0;2,0;5,0
2315;0,8475609756097561;0,8475553076780071;LLGC;0,9;18;twomoons;6;1;edgebetweenness;0,01807579999876907;200,0;2,0;6,0
2316;0,8536585365853658;0,8536367692994199;LLGC;0,9;18;twomoons;6;1;edgebetweenness;0,03084379999927478;200,0;2,0;7,0
2317;0,8719512195121951;0,8713725490196078;LLGC;0,9;18;twomoons;6;1;edgebetweenness;0,014768799999728799;200,0;2,0;8,0
2318;0,8658536585365854;0,8658337051911349;LLGC;0,9;18;twomoons;6;1;edgebetweenness;0,03790400000070804;200,0;2,0;9,0
2319;0,8658536585365854;0,8658337051911349;LLGC;0,9;18;twomoons;6;1;edgebetweenness;0,01789469999857829;200,0;2,0;10,0
2320;0,8536585365853658;0,8536585365853658;LLGC;0,9;18;twomoons;6;1;edgebetweenness;0,022657299999991665;200,0;2,0;11,0
2321;0,8719512195121951;0,8717175103363504;LLGC;0,9;18;twomoons;6;1;edgebetweenness;0,015540600001259008;200,0;2,0;12,0
2322;0,8597560975609756;0,8595001303683838;LLGC;0,9;18;twomoons;6;1;edgebetweenness;0,02494510000178707;200,0;2,0;13,0
2323;0,8536585365853658;0,8535714285714285;LLGC;0,9;18;twomoons;6;1;edgebetweenness;0,01454340000054799;200,0;2,0;14,0
2324;0,8719512195121951;0,8719083571986461;LLGC;0,9;18;twomoons;6;1;edgebetweenness;0,025988800000050105;200,0;2,0;15,0
2325;0,8475609756097561;0,8475553076780071;LLGC;0,9;18;twomoons;6;1;edgebetweenness;0,035794700001133606;200,0;2,0;16,0
2326;0,8353658536585366;0,8353597322922476;LLGC;0,9;18;twomoons;6;1;edgebetweenness;0,017366200001561083;200,0;2,0;17,0
2327;0,8719512195121951;0,8719464584495259;LLGC;0,9;18;twomoons;6;1;edgebetweenness;0,023833299997932045;200,0;2,0;18,0
2328;0,8414634146341463;0,8414634146341463;LLGC;0,9;18;twomoons;6;1;edgebetweenness;0,023859100001573097;200,0;2,0;19,0
2329;0,8597560975609756;0,8597508830637666;LLGC;0,9;18;twomoons;6;1;edgebetweenness;0,01685939999879338;200,0;2,0;20,0
2330;0,8597560975609756;0,8595001303683838;LLGC;0,9;18;twomoons;6;1;edgebetweenness;0,020888700000796234;200,0;2,0;21,0
2331;0,8475609756097561;0,8474191507573221;LLGC;0,9;18;twomoons;6;1;edgebetweenness;0,020444099998712773;200,0;2,0;22,0
2332;0,8780487804878049;0,877885331347729;LLGC;0,9;18;twomoons;6;1;edgebetweenness;0,03160879999995814;200,0;2,0;23,0
2333;0,8719512195121951;0,8718320866361505;LLGC;0,9;18;twomoons;6;1;edgebetweenness;0,023056000001815846;200,0;2,0;24,0
2334;0,8658536585365854;0,8657738095238096;LLGC;0,9;18;twomoons;6;1;edgebetweenness;0,06940299999769195;200,0;2,0;25,0
2335;0,8719512195121951;0,8713725490196078;LLGC;0,9;18;twomoons;6;1;edgebetweenness;0,031924099999741884;200,0;2,0;26,0
2336;0,8841463414634146;0,883934890304317;LLGC;0,9;18;twomoons;6;1;edgebetweenness;0,012826700000005076;200,0;2,0;27,0
2337;0,8475609756097561;0,8468720821661998;LLGC;0,9;18;twomoons;6;1;edgebetweenness;0,0322995999995328;200,0;2,0;28,0
2338;0,8719512195121951;0,8718320866361505;LLGC;0,9;18;twomoons;6;1;edgebetweenness;0,022986899999523303;200,0;2,0;29,0
2339;0,8780487804878049;0,877757901013715;LLGC;0,9;18;twomoons;6;1;edgebetweenness;0,042160799999692244;200,0;2,0;30,0
2340;0,5;0,3333333333333333;PhyDL;0,9;20;twomoons;6;1;edgebetweenness;4,8708855000004405;200,0;2,0;1,0
2341;0,5;0,3333333333333333;PhyDL;0,9;20;twomoons;6;1;edgebetweenness;4,87085880000086;200,0;2,0;2,0
2342;0,5;0,3333333333333333;PhyDL;0,9;20;twomoons;6;1;edgebetweenness;4,87086580000323;200,0;2,0;3,0
2343;0,5;0,3333333333333333;PhyDL;0,9;20;twomoons;6;1;edgebetweenness;4,870859999999084;200,0;2,0;4,0
2344;0,5;0,3333333333333333;PhyDL;0,9;20;twomoons;6;1;edgebetweenness;4,870858900001622;200,0;2,0;5,0
2345;0,5;0,3333333333333333;PhyDL;0,9;20;twomoons;6;1;edgebetweenness;4,8708628000022145;200,0;2,0;6,0
2346;0,5;0,3333333333333333;PhyDL;0,9;20;twomoons;6;1;edgebetweenness;4,870875900000101;200,0;2,0;7,0
2347;0,5;0,3333333333333333;PhyDL;0,9;20;twomoons;6;1;edgebetweenness;4,870878800000355;200,0;2,0;8,0
2348;0,5;0,3333333333333333;PhyDL;0,9;20;twomoons;6;1;edgebetweenness;4,87086360000103;200,0;2,0;9,0
2349;0,5;0,3333333333333333;PhyDL;0,9;20;twomoons;6;1;edgebetweenness;4,87085769999976;200,0;2,0;10,0
2350;0,5;0,3333333333333333;PhyDL;0,9;20;twomoons;6;1;edgebetweenness;4,870854700002383;200,0;2,0;11,0
2351;0,5;0,3333333333333333;PhyDL;0,9;20;twomoons;6;1;edgebetweenness;4,870859100003145;200,0;2,0;12,0
2352;0,5;0,3333333333333333;PhyDL;0,9;20;twomoons;6;1;edgebetweenness;4,870855900000606;200,0;2,0;13,0
2353;0,5;0,3333333333333333;PhyDL;0,9;20;twomoons;6;1;edgebetweenness;4,870872399998916;200,0;2,0;14,0
2354;0,5;0,3333333333333333;PhyDL;0,9;20;twomoons;6;1;edgebetweenness;4,870868999998493;200,0;2,0;15,0
2355;0,5;0,3333333333333333;PhyDL;0,9;20;twomoons;6;1;edgebetweenness;4,870876100001624;200,0;2,0;16,0
2356;0,5;0,3333333333333333;PhyDL;0,9;20;twomoons;6;1;edgebetweenness;4,87085659999866;200,0;2,0;17,0
2357;0,5;0,3333333333333333;PhyDL;0,9;20;twomoons;6;1;edgebetweenness;4,870858100002806;200,0;2,0;18,0
2358;0,5;0,3333333333333333;PhyDL;0,9;20;twomoons;6;1;edgebetweenness;4,870856900000945;200,0;2,0;19,0
2359;0,5;0,3333333333333333;PhyDL;0,9;20;twomoons;6;1;edgebetweenness;4,870864600001369;200,0;2,0;20,0
2360;0,5;0,3333333333333333;PhyDL;0,9;20;twomoons;6;1;edgebetweenness;4,870874399999593;200,0;2,0;21,0
2361;0,5;0,3333333333333333;PhyDL;0,9;20;twomoons;6;1;edgebetweenness;4,870857400001114;200,0;2,0;22,0
2362;0,5;0,3333333333333333;PhyDL;0,9;20;twomoons;6;1;edgebetweenness;4,870856800003821;200,0;2,0;23,0
2363;0,5;0,3333333333333333;PhyDL;0,9;20;twomoons;6;1;edgebetweenness;4,870867499997985;200,0;2,0;24,0
2364;0,5;0,3333333333333333;PhyDL;0,9;20;twomoons;6;1;edgebetweenness;4,870861899998999;200,0;2,0;25,0
2365;0,5;0,3333333333333333;PhyDL;0,9;20;twomoons;6;1;edgebetweenness;4,870872600000439;200,0;2,0;26,0
2366;0,5;0,3333333333333333;PhyDL;0,9;20;twomoons;6;1;edgebetweenness;4,870924099999684;200,0;2,0;27,0
2367;0,5;0,3333333333333333;PhyDL;0,9;20;twomoons;6;1;edgebetweenness;4,870859000002383;200,0;2,0;28,0
2368;0,5;0,3333333333333333;PhyDL;0,9;20;twomoons;6;1;edgebetweenness;4,870879699999932;200,0;2,0;29,0
2369;0,5;0,3333333333333333;PhyDL;0,9;20;twomoons;6;1;edgebetweenness;4,870863500000269;200,0;2,0;30,0
2370;0,8625;0,8624785122675418;LLGC;0,9;20;twomoons;6;1;edgebetweenness;0,025289000001066597;200,0;2,0;1,0
2371;0,8625;0,8624140087554721;LLGC;0,9;20;twomoons;6;1;edgebetweenness;0,021155499998712912;200,0;2,0;2,0
2372;0,875;0,8742928975487115;LLGC;0,9;20;twomoons;6;1;edgebetweenness;0,012126000001444481;200,0;2,0;3,0
2373;0,85;0,8499765588373183;LLGC;0,9;20;twomoons;6;1;edgebetweenness;0,01533700000072713;200,0;2,0;4,0
2374;0,85;0,849906191369606;LLGC;0,9;20;twomoons;6;1;edgebetweenness;0,020568899999489076;200,0;2,0;5,0
2375;0,85625;0,8561994451174242;LLGC;0,9;20;twomoons;6;1;edgebetweenness;0,018698799998674076;200,0;2,0;6,0
2376;0,85625;0,8561094819159335;LLGC;0,9;20;twomoons;6;1;edgebetweenness;0,02494469999874127;200,0;2,0;7,0
2377;0,85625;0,8562443845462713;LLGC;0,9;20;twomoons;6;1;edgebetweenness;0,02368959999876097;200,0;2,0;8,0
2378;0,8625;0,8621553884711779;LLGC;0,9;20;twomoons;6;1;edgebetweenness;0,02045210000142106;200,0;2,0;9,0
2379;0,8875;0,887218045112782;LLGC;0,9;20;twomoons;6;1;edgebetweenness;0,017845099999249214;200,0;2,0;10,0
2380;0,85;0,849906191369606;LLGC;0,9;20;twomoons;6;1;edgebetweenness;0,019768900001508882;200,0;2,0;11,0
2381;0,86875;0,8686217008797654;LLGC;0,9;20;twomoons;6;1;edgebetweenness;0,027895399998669745;200,0;2,0;12,0
2382;0,88125;0,8812453611469198;LLGC;0,9;20;twomoons;6;1;edgebetweenness;0,019668500000989297;200,0;2,0;13,0
2383;0,83125;0,8312434079456229;LLGC;0,9;20;twomoons;6;1;edgebetweenness;0,05945879999853787;200,0;2,0;14,0
2384;0,85;0,849906191369606;LLGC;0,9;20;twomoons;6;1;edgebetweenness;0,07037169999966864;200,0;2,0;15,0
2385;0,8625;0,8623063683304647;LLGC;0,9;20;twomoons;6;1;edgebetweenness;0,024754300000495277;200,0;2,0;16,0
2386;0,89375;0,8937458494472441;LLGC;0,9;20;twomoons;6;1;edgebetweenness;0,02957590000005439;200,0;2,0;17,0
2387;0,8375;0,8375;LLGC;0,9;20;twomoons;6;1;edgebetweenness;0,02424320000136504;200,0;2,0;18,0
2388;0,86875;0,8687038411941699;LLGC;0,9;20;twomoons;6;1;edgebetweenness;0,020546799998555798;200,0;2,0;19,0
2389;0,86875;0,8687038411941699;LLGC;0,9;20;twomoons;6;1;edgebetweenness;0,027247499998338753;200,0;2,0;20,0
2390;0,8375;0,8375;LLGC;0,9;20;twomoons;6;1;edgebetweenness;0,01744680000047083;200,0;2,0;21,0
2391;0,85625;0,8557937223245424;LLGC;0,9;20;twomoons;6;1;edgebetweenness;0,015867800000705756;200,0;2,0;22,0
2392;0,89375;0,8937458494472441;LLGC;0,9;20;twomoons;6;1;edgebetweenness;0,03131120000034571;200,0;2,0;23,0
2393;0,84375;0,8436950490406784;LLGC;0,9;20;twomoons;6;1;edgebetweenness;0,017220699999597855;200,0;2,0;24,0
2394;0,8625;0,8624785122675418;LLGC;0,9;20;twomoons;6;1;edgebetweenness;0,03498869999748422;200,0;2,0;25,0
2395;0,8625;0,8623063683304647;LLGC;0,9;20;twomoons;6;1;edgebetweenness;0,013783400001557311;200,0;2,0;26,0
2396;0,86875;0,8684982975226019;LLGC;0,9;20;twomoons;6;1;edgebetweenness;0,05842760000086855;200,0;2,0;27,0
2397;0,85625;0,8561994451174242;LLGC;0,9;20;twomoons;6;1;edgebetweenness;0,02947870000207331;200,0;2,0;28,0
2398;0,83125;0,8310850439882698;LLGC;0,9;20;twomoons;6;1;edgebetweenness;0,02360910000061267;200,0;2,0;29,0
2399;0,88125;0,8810222691871159;LLGC;0,9;20;twomoons;6;1;edgebetweenness;0,029001300001255004;200,0;2,0;30,0
2400;0,1;0,01818181818181818;PhyDL;0,9;2;mnist;6;1;edgebetweenness;564,014259399999;1000,0;784,0;1,0
2401;0,1;0,01818181818181818;PhyDL;0,9;2;mnist;6;1;edgebetweenness;564,0139527000028;1000,0;784,0;2,0
2402;0,1;0,01818181818181818;PhyDL;0,9;2;mnist;6;1;edgebetweenness;564,0138112999994;1000,0;784,0;3,0
2403;0,1;0,01818181818181818;PhyDL;0,9;2;mnist;6;1;edgebetweenness;564,0140270000011;1000,0;784,0;4,0
2404;0,1;0,01818181818181818;PhyDL;0,9;2;mnist;6;1;edgebetweenness;564,0138607999979;1000,0;784,0;5,0
2405;0,1;0,01818181818181818;PhyDL;0,9;2;mnist;6;1;edgebetweenness;564,0142364999992;1000,0;784,0;6,0
2406;0,1;0,01818181818181818;PhyDL;0,9;2;mnist;6;1;edgebetweenness;564,0137743000014;1000,0;784,0;7,0
2407;0,1;0,01818181818181818;PhyDL;0,9;2;mnist;6;1;edgebetweenness;564,0138628999994;1000,0;784,0;8,0
2408;0,1;0,01818181818181818;PhyDL;0,9;2;mnist;6;1;edgebetweenness;564,013762300001;1000,0;784,0;9,0
2409;0,1;0,01818181818181818;PhyDL;0,9;2;mnist;6;1;edgebetweenness;564,0139036;1000,0;784,0;10,0
2410;0,1;0,01818181818181818;PhyDL;0,9;2;mnist;6;1;edgebetweenness;564,0141767000023;1000,0;784,0;11,0
2411;0,1;0,01818181818181818;PhyDL;0,9;2;mnist;6;1;edgebetweenness;564,0137318000016;1000,0;784,0;12,0
2412;0,1;0,01818181818181818;PhyDL;0,9;2;mnist;6;1;edgebetweenness;564,0137413999983;1000,0;784,0;13,0
2413;0,1;0,01818181818181818;PhyDL;0,9;2;mnist;6;1;edgebetweenness;564,0143892000015;1000,0;784,0;14,0
2414;0,1;0,01818181818181818;PhyDL;0,9;2;mnist;6;1;edgebetweenness;564,0137864000026;1000,0;784,0;15,0
2415;0,1;0,01818181818181818;PhyDL;0,9;2;mnist;6;1;edgebetweenness;564,0143975999999;1000,0;784,0;16,0
2416;0,1;0,01818181818181818;PhyDL;0,9;2;mnist;6;1;edgebetweenness;564,0141232000024;1000,0;784,0;17,0
2417;0,1;0,01818181818181818;PhyDL;0,9;2;mnist;6;1;edgebetweenness;564,0138084999999;1000,0;784,0;18,0
2418;0,1;0,01818181818181818;PhyDL;0,9;2;mnist;6;1;edgebetweenness;564,013940900004;1000,0;784,0;19,0
2419;0,1;0,01818181818181818;PhyDL;0,9;2;mnist;6;1;edgebetweenness;564,0142926000008;1000,0;784,0;20,0
2420;0,1;0,01818181818181818;PhyDL;0,9;2;mnist;6;1;edgebetweenness;564,0142702000012;1000,0;784,0;21,0
2421;0,1;0,01818181818181818;PhyDL;0,9;2;mnist;6;1;edgebetweenness;564,0138074999995;1000,0;784,0;22,0
2422;0,1;0,01818181818181818;PhyDL;0,9;2;mnist;6;1;edgebetweenness;564,0137940000022;1000,0;784,0;23,0
2423;0,1;0,01818181818181818;PhyDL;0,9;2;mnist;6;1;edgebetweenness;564,0139266000006;1000,0;784,0;24,0
2424;0,1;0,01818181818181818;PhyDL;0,9;2;mnist;6;1;edgebetweenness;564,0137649000026;1000,0;784,0;25,0
2425;0,1;0,01818181818181818;PhyDL;0,9;2;mnist;6;1;edgebetweenness;564,0138021000021;1000,0;784,0;26,0
2426;0,1;0,01818181818181818;PhyDL;0,9;2;mnist;6;1;edgebetweenness;564,0138675000017;1000,0;784,0;27,0
2427;0,1;0,01818181818181818;PhyDL;0,9;2;mnist;6;1;edgebetweenness;564,0141935000029;1000,0;784,0;28,0
2428;0,1;0,01818181818181818;PhyDL;0,9;2;mnist;6;1;edgebetweenness;564,0139283999997;1000,0;784,0;29,0
2429;0,1;0,01818181818181818;PhyDL;0,9;2;mnist;6;1;edgebetweenness;564,0139109000011;1000,0;784,0;30,0
2430;0,2173469387755102;0,12004385590944733;LLGC;0,9;2;mnist;6;1;edgebetweenness;12,52721499999825;1000,0;784,0;1,0
2431;0,23775510204081632;0,14226450979281166;LLGC;0,9;2;mnist;6;1;edgebetweenness;6,188987099998485;1000,0;784,0;2,0
2432;0,18061224489795918;0,13152926761069755;LLGC;0,9;2;mnist;6;1;edgebetweenness;5,5334824999990815;1000,0;784,0;3,0
2433;0,14081632653061224;0,08847405320585092;LLGC;0,9;2;mnist;6;1;edgebetweenness;5,0192504999977245;1000,0;784,0;4,0
2434;0,20204081632653062;0,12749998251657718;LLGC;0,9;2;mnist;6;1;edgebetweenness;5,058847200001765;1000,0;784,0;5,0
2435;0,11224489795918367;0,04114951552317126;LLGC;0,9;2;mnist;6;1;edgebetweenness;5,405995900000562;1000,0;784,0;6,0
2436;0,19795918367346937;0,09039258936440145;LLGC;0,9;2;mnist;6;1;edgebetweenness;4,677557800001523;1000,0;784,0;7,0
2437;0,12448979591836734;0,06215305382353438;LLGC;0,9;2;mnist;6;1;edgebetweenness;4,539525299998786;1000,0;784,0;8,0
2438;0,29285714285714287;0,24884897956656774;LLGC;0,9;2;mnist;6;1;edgebetweenness;4,213058599998476;1000,0;784,0;9,0
2439;0,20714285714285716;0,1154203817469869;LLGC;0,9;2;mnist;6;1;edgebetweenness;4,101825399997324;1000,0;784,0;10,0
2440;0,22040816326530613;0,1108743790731593;LLGC;0,9;2;mnist;6;1;edgebetweenness;4,39465890000065;1000,0;784,0;11,0
2441;0,20510204081632652;0,08591717466747611;LLGC;0,9;2;mnist;6;1;edgebetweenness;4,510177199997997;1000,0;784,0;12,0
2442;0,10408163265306122;0,026267342484481437;LLGC;0,9;2;mnist;6;1;edgebetweenness;4,3825787999994645;1000,0;784,0;13,0
2443;0,2193877551020408;0,1292477099891693;LLGC;0,9;2;mnist;6;1;edgebetweenness;5,310150299999805;1000,0;784,0;14,0
2444;0,11020408163265306;0,0375725677830941;LLGC;0,9;2;mnist;6;1;edgebetweenness;4,264294000000518;1000,0;784,0;15,0
2445;0,1306122448979592;0,07183325350262736;LLGC;0,9;2;mnist;6;1;edgebetweenness;5,051361300000281;1000,0;784,0;16,0
2446;0,12346938775510204;0,061454483757618875;LLGC;0,9;2;mnist;6;1;edgebetweenness;4,435613300000114;1000,0;784,0;17,0
2447;0,25612244897959185;0,1807128731070498;LLGC;0,9;2;mnist;6;1;edgebetweenness;4,801821000000928;1000,0;784,0;18,0
2448;0,17959183673469387;0,09774120964058071;LLGC;0,9;2;mnist;6;1;edgebetweenness;4,69237019999855;1000,0;784,0;19,0
2449;0,20714285714285716;0,10582863285219675;LLGC;0,9;2;mnist;6;1;edgebetweenness;4,84947910000119;1000,0;784,0;20,0
2450;0,1377551020408163;0,07217315012787671;LLGC;0,9;2;mnist;6;1;edgebetweenness;4,569007699999929;1000,0;784,0;21,0
2451;0,1377551020408163;0,080574875780522;LLGC;0,9;2;mnist;6;1;edgebetweenness;4,760772800000268;1000,0;784,0;22,0
2452;0,23877551020408164;0,13720710463408198;LLGC;0,9;2;mnist;6;1;edgebetweenness;4,926101399996696;1000,0;784,0;23,0
2453;0,12244897959183673;0,05614212848891106;LLGC;0,9;2;mnist;6;1;edgebetweenness;4,625293099998089;1000,0;784,0;24,0
2454;0,22857142857142856;0,14929398163514077;LLGC;0,9;2;mnist;6;1;edgebetweenness;4,586867199999688;1000,0;784,0;25,0
2455;0,1826530612244898;0,14696971912243717;LLGC;0,9;2;mnist;6;1;edgebetweenness;4,669684999997116;1000,0;784,0;26,0
2456;0,1653061224489796;0,09803859768375305;LLGC;0,9;2;mnist;6;1;edgebetweenness;4,8420312000016565;1000,0;784,0;27,0
2457;0,1673469387755102;0,11343499730947668;LLGC;0,9;2;mnist;6;1;edgebetweenness;4,790205200002674;1000,0;784,0;28,0
2458;0,14285714285714285;0,09046772945240183;LLGC;0,9;2;mnist;6;1;edgebetweenness;4,580750100001751;1000,0;784,0;29,0
2459;0,16224489795918368;0,10996150286620487;LLGC;0,9;2;mnist;6;1;edgebetweenness;4,608683399997972;1000,0;784,0;30,0
2460;0,1;0,01818181818181818;PhyDL;0,9;4;mnist;6;1;edgebetweenness;564,0152850000013;1000,0;784,0;1,0
2461;0,1;0,01818181818181818;PhyDL;0,9;4;mnist;6;1;edgebetweenness;564,0139421000022;1000,0;784,0;2,0
2462;0,1;0,01818181818181818;PhyDL;0,9;4;mnist;6;1;edgebetweenness;564,013951500001;1000,0;784,0;3,0
2463;0,1;0,01818181818181818;PhyDL;0,9;4;mnist;6;1;edgebetweenness;564,0139588999991;1000,0;784,0;4,0
2464;0,1;0,01818181818181818;PhyDL;0,9;4;mnist;6;1;edgebetweenness;564,0139960000015;1000,0;784,0;5,0
2465;0,1;0,01818181818181818;PhyDL;0,9;4;mnist;6;1;edgebetweenness;564,0137478000033;1000,0;784,0;6,0
2466;0,1;0,01818181818181818;PhyDL;0,9;4;mnist;6;1;edgebetweenness;564,0138660000011;1000,0;784,0;7,0
2467;0,1;0,01818181818181818;PhyDL;0,9;4;mnist;6;1;edgebetweenness;564,0140305999994;1000,0;784,0;8,0
2468;0,1;0,01818181818181818;PhyDL;0,9;4;mnist;6;1;edgebetweenness;564,0142006999995;1000,0;784,0;9,0
2469;0,1;0,01818181818181818;PhyDL;0,9;4;mnist;6;1;edgebetweenness;564,0144669999972;1000,0;784,0;10,0
2470;0,1;0,01818181818181818;PhyDL;0,9;4;mnist;6;1;edgebetweenness;564,0142362000006;1000,0;784,0;11,0
2471;0,1;0,01818181818181818;PhyDL;0,9;4;mnist;6;1;edgebetweenness;564,0144266000025;1000,0;784,0;12,0
2472;0,1;0,01818181818181818;PhyDL;0,9;4;mnist;6;1;edgebetweenness;564,0145749000003;1000,0;784,0;13,0
2473;0,1;0,01818181818181818;PhyDL;0,9;4;mnist;6;1;edgebetweenness;564,0142119000011;1000,0;784,0;14,0
2474;0,1;0,01818181818181818;PhyDL;0,9;4;mnist;6;1;edgebetweenness;564,0137814000009;1000,0;784,0;15,0
2475;0,1;0,01818181818181818;PhyDL;0,9;4;mnist;6;1;edgebetweenness;564,0142711000008;1000,0;784,0;16,0
2476;0,1;0,01818181818181818;PhyDL;0,9;4;mnist;6;1;edgebetweenness;564,0145688999983;1000,0;784,0;17,0
2477;0,1;0,01818181818181818;PhyDL;0,9;4;mnist;6;1;edgebetweenness;564,0140799000001;1000,0;784,0;18,0
2478;0,1;0,01818181818181818;PhyDL;0,9;4;mnist;6;1;edgebetweenness;564,0140248999996;1000,0;784,0;19,0
2479;0,1;0,01818181818181818;PhyDL;0,9;4;mnist;6;1;edgebetweenness;564,0143071999992;1000,0;784,0;20,0
2480;0,1;0,01818181818181818;PhyDL;0,9;4;mnist;6;1;edgebetweenness;564,0141297000009;1000,0;784,0;21,0
2481;0,1;0,01818181818181818;PhyDL;0,9;4;mnist;6;1;edgebetweenness;564,0141101000008;1000,0;784,0;22,0
2482;0,1;0,01818181818181818;PhyDL;0,9;4;mnist;6;1;edgebetweenness;564,0139880000024;1000,0;784,0;23,0
2483;0,1;0,01818181818181818;PhyDL;0,9;4;mnist;6;1;edgebetweenness;564,0141116999985;1000,0;784,0;24,0
2484;0,1;0,01818181818181818;PhyDL;0,9;4;mnist;6;1;edgebetweenness;564,0139186999986;1000,0;784,0;25,0
2485;0,1;0,01818181818181818;PhyDL;0,9;4;mnist;6;1;edgebetweenness;564,0138069999994;1000,0;784,0;26,0
2486;0,1;0,01818181818181818;PhyDL;0,9;4;mnist;6;1;edgebetweenness;564,0140576000013;1000,0;784,0;27,0
2487;0,1;0,01818181818181818;PhyDL;0,9;4;mnist;6;1;edgebetweenness;564,0143996000006;1000,0;784,0;28,0
2488;0,1;0,01818181818181818;PhyDL;0,9;4;mnist;6;1;edgebetweenness;564,0138133;1000,0;784,0;29,0
2489;0,1;0,01818181818181818;PhyDL;0,9;4;mnist;6;1;edgebetweenness;564,0138181000002;1000,0;784,0;30,0
2490;0,10416666666666667;0,026330171559732017;LLGC;0,9;4;mnist;6;1;edgebetweenness;4,71795800000109;1000,0;784,0;1,0
2491;0,1625;0,10135332165093076;LLGC;0,9;4;mnist;6;1;edgebetweenness;4,65643849999833;1000,0;784,0;2,0
2492;0,15625;0,06774608185815763;LLGC;0,9;4;mnist;6;1;edgebetweenness;4,6897704000002705;1000,0;784,0;3,0
2493;0,11770833333333333;0,04896918610799907;LLGC;0,9;4;mnist;6;1;edgebetweenness;4,455502500000875;1000,0;784,0;4,0
2494;0,18020833333333333;0,0922564878796758;LLGC;0,9;4;mnist;6;1;edgebetweenness;4,628151400000206;1000,0;784,0;5,0
2495;0,15520833333333334;0,06102796674225246;LLGC;0,9;4;mnist;6;1;edgebetweenness;4,303090000001248;1000,0;784,0;6,0
2496;0,17395833333333333;0,05990509956664648;LLGC;0,9;4;mnist;6;1;edgebetweenness;4,69146130000081;1000,0;784,0;7,0
2497;0,21145833333333333;0,0985713326102271;LLGC;0,9;4;mnist;6;1;edgebetweenness;5,893767400000797;1000,0;784,0;8,0
2498;0,13125;0,07245319335083114;LLGC;0,9;4;mnist;6;1;edgebetweenness;4,979264500001591;1000,0;784,0;9,0
2499;0,11666666666666667;0,05001476056073517;LLGC;0,9;4;mnist;6;1;edgebetweenness;5,69535679999899;1000,0;784,0;10,0
2500;0,10208333333333333;0,02234003012578493;LLGC;0,9;4;mnist;6;1;edgebetweenness;5,623217699998349;1000,0;784,0;11,0
2501;0,16354166666666667;0,06856878961381682;LLGC;0,9;4;mnist;6;1;edgebetweenness;5,331731199999922;1000,0;784,0;12,0
2502;0,234375;0,16081910673113212;LLGC;0,9;4;mnist;6;1;edgebetweenness;5,4396912999982305;1000,0;784,0;13,0
2503;0,23229166666666667;0,14621371164528524;LLGC;0,9;4;mnist;6;1;edgebetweenness;5,077487599999586;1000,0;784,0;14,0
2504;0,121875;0,05630346811770961;LLGC;0,9;4;mnist;6;1;edgebetweenness;5,115830400001869;1000,0;784,0;15,0
2505;0,11979166666666667;0,054686234340534115;LLGC;0,9;4;mnist;6;1;edgebetweenness;4,9604075999995985;1000,0;784,0;16,0
2506;0,18645833333333334;0,13105107875648214;LLGC;0,9;4;mnist;6;1;edgebetweenness;5,320672999998351;1000,0;784,0;17,0
2507;0,18958333333333333;0,1284572263878971;LLGC;0,9;4;mnist;6;1;edgebetweenness;5,496705900000961;1000,0;784,0;18,0
2508;0,10833333333333334;0,03343325583344957;LLGC;0,9;4;mnist;6;1;edgebetweenness;4,9477212999991025;1000,0;784,0;19,0
2509;0,115625;0,04574861935686678;LLGC;0,9;4;mnist;6;1;edgebetweenness;5,51233560000037;1000,0;784,0;20,0
2510;0,2833333333333333;0,19070229112834566;LLGC;0,9;4;mnist;6;1;edgebetweenness;5,959601099999418;1000,0;784,0;21,0
2511;0,12604166666666666;0,06206376061501802;LLGC;0,9;4;mnist;6;1;edgebetweenness;5,007522399999289;1000,0;784,0;22,0
2512;0,140625;0,08685172603108561;LLGC;0,9;4;mnist;6;1;edgebetweenness;4,867102799998975;1000,0;784,0;23,0
2513;0,14895833333333333;0,08752709110402739;LLGC;0,9;4;mnist;6;1;edgebetweenness;5,233081100002892;1000,0;784,0;24,0
2514;0,13958333333333334;0,09019082547305408;LLGC;0,9;4;mnist;6;1;edgebetweenness;5,2529744999992545;1000,0;784,0;25,0
2515;0,209375;0,13685680141351167;LLGC;0,9;4;mnist;6;1;edgebetweenness;5,095657800000481;1000,0;784,0;26,0
2516;0,25;0,14457474015405292;LLGC;0,9;4;mnist;6;1;edgebetweenness;4,91455969999879;1000,0;784,0;27,0
2517;0,10208333333333333;0,022340030125784935;LLGC;0,9;4;mnist;6;1;edgebetweenness;5,358561799999734;1000,0;784,0;28,0
2518;0,10208333333333333;0,02229795143863997;LLGC;0,9;4;mnist;6;1;edgebetweenness;4,97818929999994;1000,0;784,0;29,0
2519;0,25833333333333336;0,1639767007210194;LLGC;0,9;4;mnist;6;1;edgebetweenness;4,812384000000748;1000,0;784,0;30,0
2520;0,1;0,01818181818181818;PhyDL;0,9;6;mnist;6;1;edgebetweenness;564,0139915;1000,0;784,0;1,0
2521;0,1;0,01818181818181818;PhyDL;0,9;6;mnist;6;1;edgebetweenness;564,0142985999992;1000,0;784,0;2,0
2522;0,1;0,01818181818181818;PhyDL;0,9;6;mnist;6;1;edgebetweenness;564,0137467999994;1000,0;784,0;3,0
2523;0,1;0,01818181818181818;PhyDL;0,9;6;mnist;6;1;edgebetweenness;564,0137617;1000,0;784,0;4,0
2524;0,1;0,01818181818181818;PhyDL;0,9;6;mnist;6;1;edgebetweenness;564,0137734000018;1000,0;784,0;5,0
2525;0,1;0,01818181818181818;PhyDL;0,9;6;mnist;6;1;edgebetweenness;564,0138646000014;1000,0;784,0;6,0
2526;0,1;0,01818181818181818;PhyDL;0,9;6;mnist;6;1;edgebetweenness;564,0145448999974;1000,0;784,0;7,0
2527;0,1;0,01818181818181818;PhyDL;0,9;6;mnist;6;1;edgebetweenness;564,0137548000021;1000,0;784,0;8,0
2528;0,1;0,01818181818181818;PhyDL;0,9;6;mnist;6;1;edgebetweenness;564,0142075000003;1000,0;784,0;9,0
2529;0,1;0,01818181818181818;PhyDL;0,9;6;mnist;6;1;edgebetweenness;564,0139328000005;1000,0;784,0;10,0
2530;0,1;0,01818181818181818;PhyDL;0,9;6;mnist;6;1;edgebetweenness;564,014284300003;1000,0;784,0;11,0
2531;0,1;0,01818181818181818;PhyDL;0,9;6;mnist;6;1;edgebetweenness;564,0138202000016;1000,0;784,0;12,0
2532;0,1;0,01818181818181818;PhyDL;0,9;6;mnist;6;1;edgebetweenness;564,0140346000007;1000,0;784,0;13,0
2533;0,1;0,01818181818181818;PhyDL;0,9;6;mnist;6;1;edgebetweenness;564,0137418000013;1000,0;784,0;14,0
2534;0,1;0,01818181818181818;PhyDL;0,9;6;mnist;6;1;edgebetweenness;564,0140202000002;1000,0;784,0;15,0
2535;0,1;0,01818181818181818;PhyDL;0,9;6;mnist;6;1;edgebetweenness;564,0138144000011;1000,0;784,0;16,0
2536;0,1;0,01818181818181818;PhyDL;0,9;6;mnist;6;1;edgebetweenness;564,0142420000011;1000,0;784,0;17,0
2537;0,1;0,01818181818181818;PhyDL;0,9;6;mnist;6;1;edgebetweenness;564,0139310000013;1000,0;784,0;18,0
2538;0,1;0,01818181818181818;PhyDL;0,9;6;mnist;6;1;edgebetweenness;564,0142784000018;1000,0;784,0;19,0
2539;0,1;0,01818181818181818;PhyDL;0,9;6;mnist;6;1;edgebetweenness;564,0142381000005;1000,0;784,0;20,0
2540;0,1;0,01818181818181818;PhyDL;0,9;6;mnist;6;1;edgebetweenness;564,0137525999999;1000,0;784,0;21,0
2541;0,1;0,01818181818181818;PhyDL;0,9;6;mnist;6;1;edgebetweenness;564,0137567999991;1000,0;784,0;22,0
2542;0,1;0,01818181818181818;PhyDL;0,9;6;mnist;6;1;edgebetweenness;564,0137944000016;1000,0;784,0;23,0
2543;0,1;0,01818181818181818;PhyDL;0,9;6;mnist;6;1;edgebetweenness;564,0137805000013;1000,0;784,0;24,0
2544;0,1;0,01818181818181818;PhyDL;0,9;6;mnist;6;1;edgebetweenness;564,0139153000018;1000,0;784,0;25,0
2545;0,1;0,01818181818181818;PhyDL;0,9;6;mnist;6;1;edgebetweenness;564,0137947000003;1000,0;784,0;26,0
2546;0,1;0,01818181818181818;PhyDL;0,9;6;mnist;6;1;edgebetweenness;564,0141757999991;1000,0;784,0;27,0
2547;0,1;0,01818181818181818;PhyDL;0,9;6;mnist;6;1;edgebetweenness;564,0137500000019;1000,0;784,0;28,0
2548;0,1;0,01818181818181818;PhyDL;0,9;6;mnist;6;1;edgebetweenness;564,0139406000017;1000,0;784,0;29,0
2549;0,1;0,01818181818181818;PhyDL;0,9;6;mnist;6;1;edgebetweenness;564,0140221000001;1000,0;784,0;30,0
2550;0,11595744680851064;0,04861998765836747;LLGC;0,9;6;mnist;6;1;edgebetweenness;4,69604370000161;1000,0;784,0;1,0
2551;0,1723404255319149;0,1238883410481352;LLGC;0,9;6;mnist;6;1;edgebetweenness;4,879245000000083;1000,0;784,0;2,0
2552;0,19042553191489361;0,12160663985991657;LLGC;0,9;6;mnist;6;1;edgebetweenness;4,553029700000479;1000,0;784,0;3,0
2553;0,18404255319148935;0,09749909754196578;LLGC;0,9;6;mnist;6;1;edgebetweenness;4,547282700001233;1000,0;784,0;4,0
2554;0,1372340425531915;0,08312437620100917;LLGC;0,9;6;mnist;6;1;edgebetweenness;4,4894228000011935;1000,0;784,0;5,0
2555;0,16170212765957448;0,1212395325382271;LLGC;0,9;6;mnist;6;1;edgebetweenness;4,755243800002063;1000,0;784,0;6,0
2556;0,1425531914893617;0,08814840496109233;LLGC;0,9;6;mnist;6;1;edgebetweenness;4,77900260000024;1000,0;784,0;7,0
2557;0,13297872340425532;0,07103667668038591;LLGC;0,9;6;mnist;6;1;edgebetweenness;4,329027700001461;1000,0;784,0;8,0
2558;0,125531914893617;0,06279990405055544;LLGC;0,9;6;mnist;6;1;edgebetweenness;4,587664599999698;1000,0;784,0;9,0
2559;0,17340425531914894;0,10627245895058465;LLGC;0,9;6;mnist;6;1;edgebetweenness;4,304218599998421;1000,0;784,0;10,0
2560;0,19893617021276597;0,10096892505367994;LLGC;0,9;6;mnist;6;1;edgebetweenness;4,47913250000056;1000,0;784,0;11,0
2561;0,17553191489361702;0,09252566620738557;LLGC;0,9;6;mnist;6;1;edgebetweenness;4,409640300000319;1000,0;784,0;12,0
2562;0,10531914893617021;0,028622398885916667;LLGC;0,9;6;mnist;6;1;edgebetweenness;4,556420500000968;1000,0;784,0;13,0
2563;0,10957446808510639;0,036369516219914674;LLGC;0,9;6;mnist;6;1;edgebetweenness;4,573909700000513;1000,0;784,0;14,0
2564;0,1148936170212766;0,04653244274320832;LLGC;0,9;6;mnist;6;1;edgebetweenness;4,470926699999836;1000,0;784,0;15,0
2565;0,1723404255319149;0,09322888456909202;LLGC;0,9;6;mnist;6;1;edgebetweenness;4,365882400001283;1000,0;784,0;16,0
2566;0,14042553191489363;0,08257033243029628;LLGC;0,9;6;mnist;6;1;edgebetweenness;4,445574599998508;1000,0;784,0;17,0
2567;0,15212765957446808;0,10988307791436147;LLGC;0,9;6;mnist;6;1;edgebetweenness;4,415845100000297;1000,0;784,0;18,0
2568;0,13191489361702127;0,07322577881847697;LLGC;0,9;6;mnist;6;1;edgebetweenness;4,878920300001482;1000,0;784,0;19,0
2569;0,10425531914893617;0,026629620166922156;LLGC;0,9;6;mnist;6;1;edgebetweenness;4,7618965999972716;1000,0;784,0;20,0
2570;0,26382978723404255;0,14985726907601243;LLGC;0,9;6;mnist;6;1;edgebetweenness;4,323039900002186;1000,0;784,0;21,0
2571;0,125531914893617;0,061057840977065014;LLGC;0,9;6;mnist;6;1;edgebetweenness;4,378272500001913;1000,0;784,0;22,0
2572;0,1074468085106383;0,03241100804591811;LLGC;0,9;6;mnist;6;1;edgebetweenness;4,7641497000004165;1000,0;784,0;23,0
2573;0,13617021276595745;0,07723280714680358;LLGC;0,9;6;mnist;6;1;edgebetweenness;4,135528099999647;1000,0;784,0;24,0
2574;0,18829787234042553;0,1341657437106654;LLGC;0,9;6;mnist;6;1;edgebetweenness;4,572378799999569;1000,0;784,0;25,0
2575;0,13617021276595745;0,08129536092307471;LLGC;0,9;6;mnist;6;1;edgebetweenness;4,205505699999776;1000,0;784,0;26,0
2576;0,10212765957446808;0,022427580579355365;LLGC;0,9;6;mnist;6;1;edgebetweenness;4,579856699998345;1000,0;784,0;27,0
2577;0,11170212765957446;0,04006986548341773;LLGC;0,9;6;mnist;6;1;edgebetweenness;4,574983399998018;1000,0;784,0;28,0
2578;0,20957446808510638;0,15427289987766207;LLGC;0,9;6;mnist;6;1;edgebetweenness;4,882895099999587;1000,0;784,0;29,0
2579;0,12234042553191489;0,058281251600385685;LLGC;0,9;6;mnist;6;1;edgebetweenness;4,392004799999995;1000,0;784,0;30,0
2580;0,1;0,01818181818181818;PhyDL;0,9;8;mnist;6;1;edgebetweenness;564,0140681000012;1000,0;784,0;1,0
2581;0,1;0,01818181818181818;PhyDL;0,9;8;mnist;6;1;edgebetweenness;564,0138856999984;1000,0;784,0;2,0
2582;0,1;0,01818181818181818;PhyDL;0,9;8;mnist;6;1;edgebetweenness;564,0138602000006;1000,0;784,0;3,0
2583;0,1;0,01818181818181818;PhyDL;0,9;8;mnist;6;1;edgebetweenness;564,0140269000003;1000,0;784,0;4,0
2584;0,1;0,01818181818181818;PhyDL;0,9;8;mnist;6;1;edgebetweenness;564,0140424000019;1000,0;784,0;5,0
2585;0,1;0,01818181818181818;PhyDL;0,9;8;mnist;6;1;edgebetweenness;564,0137630000027;1000,0;784,0;6,0
2586;0,1;0,01818181818181818;PhyDL;0,9;8;mnist;6;1;edgebetweenness;564,0142362000006;1000,0;784,0;7,0
2587;0,1;0,01818181818181818;PhyDL;0,9;8;mnist;6;1;edgebetweenness;564,0138035999989;1000,0;784,0;8,0
2588;0,1;0,01818181818181818;PhyDL;0,9;8;mnist;6;1;edgebetweenness;564,0140940000019;1000,0;784,0;9,0
2589;0,1;0,01818181818181818;PhyDL;0,9;8;mnist;6;1;edgebetweenness;564,0137711999996;1000,0;784,0;10,0
2590;0,1;0,01818181818181818;PhyDL;0,9;8;mnist;6;1;edgebetweenness;564,0141855000002;1000,0;784,0;11,0
2591;0,1;0,01818181818181818;PhyDL;0,9;8;mnist;6;1;edgebetweenness;564,0137343000024;1000,0;784,0;12,0
2592;0,1;0,01818181818181818;PhyDL;0,9;8;mnist;6;1;edgebetweenness;564,0137634000021;1000,0;784,0;13,0
2593;0,1;0,01818181818181818;PhyDL;0,9;8;mnist;6;1;edgebetweenness;564,0139170000002;1000,0;784,0;14,0
2594;0,1;0,01818181818181818;PhyDL;0,9;8;mnist;6;1;edgebetweenness;564,0142624;1000,0;784,0;15,0
2595;0,1;0,01818181818181818;PhyDL;0,9;8;mnist;6;1;edgebetweenness;564,0139044999996;1000,0;784,0;16,0
2596;0,1;0,01818181818181818;PhyDL;0,9;8;mnist;6;1;edgebetweenness;564,0137710000017;1000,0;784,0;17,0
2597;0,1;0,01818181818181818;PhyDL;0,9;8;mnist;6;1;edgebetweenness;564,0140132000015;1000,0;784,0;18,0
2598;0,1;0,01818181818181818;PhyDL;0,9;8;mnist;6;1;edgebetweenness;564,0137620000023;1000,0;784,0;19,0
2599;0,1;0,01818181818181818;PhyDL;0,9;8;mnist;6;1;edgebetweenness;564,0138275000027;1000,0;784,0;20,0
2600;0,1;0,01818181818181818;PhyDL;0,9;8;mnist;6;1;edgebetweenness;564,0139835000009;1000,0;784,0;21,0
2601;0,1;0,01818181818181818;PhyDL;0,9;8;mnist;6;1;edgebetweenness;564,0138478000008;1000,0;784,0;22,0
2602;0,1;0,01818181818181818;PhyDL;0,9;8;mnist;6;1;edgebetweenness;564,0138645000006;1000,0;784,0;23,0
2603;0,1;0,01818181818181818;PhyDL;0,9;8;mnist;6;1;edgebetweenness;564,0137583000032;1000,0;784,0;24,0
2604;0,1;0,01818181818181818;PhyDL;0,9;8;mnist;6;1;edgebetweenness;564,0137777999989;1000,0;784,0;25,0
2605;0,1;0,01818181818181818;PhyDL;0,9;8;mnist;6;1;edgebetweenness;564,0139636999993;1000,0;784,0;26,0
2606;0,1;0,01818181818181818;PhyDL;0,9;8;mnist;6;1;edgebetweenness;564,0137964999994;1000,0;784,0;27,0
2607;0,1;0,01818181818181818;PhyDL;0,9;8;mnist;6;1;edgebetweenness;564,0139245000028;1000,0;784,0;28,0
2608;0,1;0,01818181818181818;PhyDL;0,9;8;mnist;6;1;edgebetweenness;564,0138530000004;1000,0;784,0;29,0
2609;0,1;0,01818181818181818;PhyDL;0,9;8;mnist;6;1;edgebetweenness;564,0137716999998;1000,0;784,0;30,0
2610;0,13043478260869565;0,06325835037491478;LLGC;0,9;8;mnist;6;1;edgebetweenness;4,948108900000079;1000,0;784,0;1,0
2611;0,1;0,01818181818181818;LLGC;0,9;8;mnist;6;1;edgebetweenness;4,812953900000139;1000,0;784,0;2,0
2612;0,10869565217391304;0,03506010023854618;LLGC;0,9;8;mnist;6;1;edgebetweenness;4,669829800001025;1000,0;784,0;3,0
2613;0,12173913043478261;0,06007455917031414;LLGC;0,9;8;mnist;6;1;edgebetweenness;4,939782000001287;1000,0;784,0;4,0
2614;0,17391304347826086;0,1115572271145914;LLGC;0,9;8;mnist;6;1;edgebetweenness;4,60606689999986;1000,0;784,0;5,0
2615;0,14456521739130435;0,08560537434957934;LLGC;0,9;8;mnist;6;1;edgebetweenness;4,62575680000009;1000,0;784,0;6,0
2616;0,14673913043478262;0,0950014858287446;LLGC;0,9;8;mnist;6;1;edgebetweenness;4,733582900000329;1000,0;784,0;7,0
2617;0,12608695652173912;0,06589553185159172;LLGC;0,9;8;mnist;6;1;edgebetweenness;4,302424500001507;1000,0;784,0;8,0
2618;0,12282608695652174;0,0571879923235505;LLGC;0,9;8;mnist;6;1;edgebetweenness;4,384216300000844;1000,0;784,0;9,0
2619;0,19021739130434784;0,1125204671788802;LLGC;0,9;8;mnist;6;1;edgebetweenness;4,585732199997437;1000,0;784,0;10,0
2620;0,1;0,01818181818181818;LLGC;0,9;8;mnist;6;1;edgebetweenness;4,552730199997313;1000,0;784,0;11,0
2621;0,11304347826086956;0,042910638297872346;LLGC;0,9;8;mnist;6;1;edgebetweenness;4,251819999997679;1000,0;784,0;12,0
2622;0,14891304347826087;0,1028510446939098;LLGC;0,9;8;mnist;6;1;edgebetweenness;4,39692709999872;1000,0;784,0;13,0
2623;0,18369565217391304;0,0984291910596117;LLGC;0,9;8;mnist;6;1;edgebetweenness;4,736763199998677;1000,0;784,0;14,0
2624;0,14021739130434782;0,08510178594989995;LLGC;0,9;8;mnist;6;1;edgebetweenness;4,6670984999982466;1000,0;784,0;15,0
2625;0,13043478260869565;0,07204106484848347;LLGC;0,9;8;mnist;6;1;edgebetweenness;4,318971700002294;1000,0;784,0;16,0
2626;0,10652173913043478;0,030750074434228242;LLGC;0,9;8;mnist;6;1;edgebetweenness;4,252076099997794;1000,0;784,0;17,0
2627;0,15760869565217392;0,09617110872119665;LLGC;0,9;8;mnist;6;1;edgebetweenness;4,504198000002361;1000,0;784,0;18,0
2628;0,14673913043478262;0,09333474598732427;LLGC;0,9;8;mnist;6;1;edgebetweenness;4,162983700000041;1000,0;784,0;19,0
2629;0,11739130434782609;0,04462465763059109;LLGC;0,9;8;mnist;6;1;edgebetweenness;4,269110500001261;1000,0;784,0;20,0
2630;0,17608695652173914;0,08176222335387875;LLGC;0,9;8;mnist;6;1;edgebetweenness;4,532200499997998;1000,0;784,0;21,0
2631;0,15;0,09823391092131387;LLGC;0,9;8;mnist;6;1;edgebetweenness;4,319139200000791;1000,0;784,0;22,0
2632;0,20978260869565218;0,09494596353887719;LLGC;0,9;8;mnist;6;1;edgebetweenness;4,611597999999503;1000,0;784,0;23,0
2633;0,11847826086956521;0,05202753797559408;LLGC;0,9;8;mnist;6;1;edgebetweenness;4,18795880000107;1000,0;784,0;24,0
2634;0,20326086956521738;0,16470652239326938;LLGC;0,9;8;mnist;6;1;edgebetweenness;4,271316399997886;1000,0;784,0;25,0
2635;0,12065217391304348;0,05219542251948957;LLGC;0,9;8;mnist;6;1;edgebetweenness;4,645003900001029;1000,0;784,0;26,0
2636;0,1641304347826087;0,08208278250628982;LLGC;0,9;8;mnist;6;1;edgebetweenness;4,268164200002502;1000,0;784,0;27,0
2637;0,11956521739130435;0,05222597736937359;LLGC;0,9;8;mnist;6;1;edgebetweenness;4,552587499998481;1000,0;784,0;28,0
2638;0,14021739130434782;0,07457333573086825;LLGC;0,9;8;mnist;6;1;edgebetweenness;4,228647399999318;1000,0;784,0;29,0
2639;0,11630434782608695;0,04937186117951199;LLGC;0,9;8;mnist;6;1;edgebetweenness;4,316937100000359;1000,0;784,0;30,0
2640;0,1;0,01818181818181818;PhyDL;0,9;10;mnist;6;1;edgebetweenness;564,0140022000014;1000,0;784,0;1,0
2641;0,1;0,01818181818181818;PhyDL;0,9;10;mnist;6;1;edgebetweenness;564,0140793999999;1000,0;784,0;2,0
2642;0,1;0,01818181818181818;PhyDL;0,9;10;mnist;6;1;edgebetweenness;564,0139727999995;1000,0;784,0;3,0
2643;0,1;0,01818181818181818;PhyDL;0,9;10;mnist;6;1;edgebetweenness;564,013743800002;1000,0;784,0;4,0
2644;0,1;0,01818181818181818;PhyDL;0,9;10;mnist;6;1;edgebetweenness;564,0140333000018;1000,0;784,0;5,0
2645;0,1;0,01818181818181818;PhyDL;0,9;10;mnist;6;1;edgebetweenness;564,0139507000022;1000,0;784,0;6,0
2646;0,1;0,01818181818181818;PhyDL;0,9;10;mnist;6;1;edgebetweenness;564,0138952000016;1000,0;784,0;7,0
2647;0,1;0,01818181818181818;PhyDL;0,9;10;mnist;6;1;edgebetweenness;564,0139039000023;1000,0;784,0;8,0
2648;0,1;0,01818181818181818;PhyDL;0,9;10;mnist;6;1;edgebetweenness;564,0146505000012;1000,0;784,0;9,0
2649;0,1;0,01818181818181818;PhyDL;0,9;10;mnist;6;1;edgebetweenness;564,0138081000005;1000,0;784,0;10,0
2650;0,1;0,01818181818181818;PhyDL;0,9;10;mnist;6;1;edgebetweenness;564,0137892999992;1000,0;784,0;11,0
2651;0,1;0,01818181818181818;PhyDL;0,9;10;mnist;6;1;edgebetweenness;564,0137701999993;1000,0;784,0;12,0
2652;0,1;0,01818181818181818;PhyDL;0,9;10;mnist;6;1;edgebetweenness;564,0137767000015;1000,0;784,0;13,0
2653;0,1;0,01818181818181818;PhyDL;0,9;10;mnist;6;1;edgebetweenness;564,0137805999984;1000,0;784,0;14,0
2654;0,1;0,01818181818181818;PhyDL;0,9;10;mnist;6;1;edgebetweenness;564,0140124000027;1000,0;784,0;15,0
2655;0,1;0,01818181818181818;PhyDL;0,9;10;mnist;6;1;edgebetweenness;564,0138135000016;1000,0;784,0;16,0
2656;0,1;0,01818181818181818;PhyDL;0,9;10;mnist;6;1;edgebetweenness;564,0138539;1000,0;784,0;17,0
2657;0,1;0,01818181818181818;PhyDL;0,9;10;mnist;6;1;edgebetweenness;564,0138863000029;1000,0;784,0;18,0
2658;0,1;0,01818181818181818;PhyDL;0,9;10;mnist;6;1;edgebetweenness;564,0137998999999;1000,0;784,0;19,0
2659;0,1;0,01818181818181818;PhyDL;0,9;10;mnist;6;1;edgebetweenness;564,013867499998;1000,0;784,0;20,0
2660;0,1;0,01818181818181818;PhyDL;0,9;10;mnist;6;1;edgebetweenness;564,0141852000015;1000,0;784,0;21,0
2661;0,1;0,01818181818181818;PhyDL;0,9;10;mnist;6;1;edgebetweenness;564,013788100001;1000,0;784,0;22,0
2662;0,1;0,01818181818181818;PhyDL;0,9;10;mnist;6;1;edgebetweenness;564,0138680000018;1000,0;784,0;23,0
2663;0,1;0,01818181818181818;PhyDL;0,9;10;mnist;6;1;edgebetweenness;564,0137499000011;1000,0;784,0;24,0
2664;0,1;0,01818181818181818;PhyDL;0,9;10;mnist;6;1;edgebetweenness;564,0138826000039;1000,0;784,0;25,0
2665;0,1;0,01818181818181818;PhyDL;0,9;10;mnist;6;1;edgebetweenness;564,0145051;1000,0;784,0;26,0
2666;0,1;0,01818181818181818;PhyDL;0,9;10;mnist;6;1;edgebetweenness;564,0139161000006;1000,0;784,0;27,0
2667;0,1;0,01818181818181818;PhyDL;0,9;10;mnist;6;1;edgebetweenness;564,0140386999992;1000,0;784,0;28,0
2668;0,1;0,01818181818181818;PhyDL;0,9;10;mnist;6;1;edgebetweenness;564,0142263000016;1000,0;784,0;29,0
2669;0,1;0,01818181818181818;PhyDL;0,9;10;mnist;6;1;edgebetweenness;564,0143476000012;1000,0;784,0;30,0
2670;0,1622222222222222;0,0683016006915739;LLGC;0,9;10;mnist;6;1;edgebetweenness;4,607342699997389;1000,0;784,0;1,0
2671;0,1388888888888889;0,08630224665874067;LLGC;0,9;10;mnist;6;1;edgebetweenness;4,288816299998871;1000,0;784,0;2,0
2672;0,12555555555555556;0,06522674985313676;LLGC;0,9;10;mnist;6;1;edgebetweenness;4,653286199998547;1000,0;784,0;3,0
2673;0,10444444444444445;0,026713308108315143;LLGC;0,9;10;mnist;6;1;edgebetweenness;4,223101499999757;1000,0;784,0;4,0
2674;0,10888888888888888;0,035489992299104;LLGC;0,9;10;mnist;6;1;edgebetweenness;4,260590600002615;1000,0;784,0;5,0
2675;0,11222222222222222;0,04168554726393105;LLGC;0,9;10;mnist;6;1;edgebetweenness;4,487845299998298;1000,0;784,0;6,0
2676;0,19555555555555557;0,11538924122276766;LLGC;0,9;10;mnist;6;1;edgebetweenness;4,530260100000305;1000,0;784,0;7,0
2677;0,14888888888888888;0,0807759523744441;LLGC;0,9;10;mnist;6;1;edgebetweenness;4,459919500000979;1000,0;784,0;8,0
2678;0,12333333333333334;0,061414168005066584;LLGC;0,9;10;mnist;6;1;edgebetweenness;4,651279300000169;1000,0;784,0;9,0
2679;0,11444444444444445;0,04394139602240828;LLGC;0,9;10;mnist;6;1;edgebetweenness;4,489089599999716;1000,0;784,0;10,0
2680;0,12111111111111111;0,05652465698946113;LLGC;0,9;10;mnist;6;1;edgebetweenness;4,3935225999994145;1000,0;784,0;11,0
2681;0,12;0,05366843955277038;LLGC;0,9;10;mnist;6;1;edgebetweenness;4,405033799997909;1000,0;784,0;12,0
2682;0,14666666666666667;0,09911404803421783;LLGC;0,9;10;mnist;6;1;edgebetweenness;4,5671910000019125;1000,0;784,0;13,0
2683;0,16;0,06296791443850266;LLGC;0,9;10;mnist;6;1;edgebetweenness;4,434827699999005;1000,0;784,0;14,0
2684;0,13444444444444445;0,07613495110030125;LLGC;0,9;10;mnist;6;1;edgebetweenness;4,3767835999969975;1000,0;784,0;15,0
2685;0,12333333333333334;0,054323818953408265;LLGC;0,9;10;mnist;6;1;edgebetweenness;4,6623800999987;1000,0;784,0;16,0
2686;0,14777777777777779;0,0965269758025469;LLGC;0,9;10;mnist;6;1;edgebetweenness;4,256916399997863;1000,0;784,0;17,0
2687;0,17666666666666667;0,1147897378479287;LLGC;0,9;10;mnist;6;1;edgebetweenness;4,264349900000525;1000,0;784,0;18,0
2688;0,1;0,01818181818181818;LLGC;0,9;10;mnist;6;1;edgebetweenness;4,431419799999276;1000,0;784,0;19,0
2689;0,10444444444444445;0,026766216391178627;LLGC;0,9;10;mnist;6;1;edgebetweenness;4,194818199997826;1000,0;784,0;20,0
2690;0,10444444444444445;0,026904993194334294;LLGC;0,9;10;mnist;6;1;edgebetweenness;4,5039155000013125;1000,0;784,0;21,0
2691;0,1388888888888889;0,08057230642751197;LLGC;0,9;10;mnist;6;1;edgebetweenness;4,375265799997578;1000,0;784,0;22,0
2692;0,15888888888888889;0,11312313323204023;LLGC;0,9;10;mnist;6;1;edgebetweenness;4,308466899998166;1000,0;784,0;23,0
2693;0,11333333333333333;0,04088628762541806;LLGC;0,9;10;mnist;6;1;edgebetweenness;4,56914340000003;1000,0;784,0;24,0
2694;0,14666666666666667;0,07802667920314979;LLGC;0,9;10;mnist;6;1;edgebetweenness;4,229109799998696;1000,0;784,0;25,0
2695;0,1288888888888889;0,06782925252855143;LLGC;0,9;10;mnist;6;1;edgebetweenness;4,385932500001218;1000,0;784,0;26,0
2696;0,12666666666666668;0,06582894673444314;LLGC;0,9;10;mnist;6;1;edgebetweenness;4,788910499999474;1000,0;784,0;27,0
2697;0,15222222222222223;0,08801113510724257;LLGC;0,9;10;mnist;6;1;edgebetweenness;4,3958697999987635;1000,0;784,0;28,0
2698;0,12111111111111111;0,056686551253363957;LLGC;0,9;10;mnist;6;1;edgebetweenness;5,262336399999185;1000,0;784,0;29,0
2699;0,11444444444444445;0,04633847712917947;LLGC;0,9;10;mnist;6;1;edgebetweenness;5,009239200000593;1000,0;784,0;30,0
2700;0,1;0,01818181818181818;PhyDL;0,9;12;mnist;6;1;edgebetweenness;564,0138565000016;1000,0;784,0;1,0
2701;0,1;0,01818181818181818;PhyDL;0,9;12;mnist;6;1;edgebetweenness;564,0137695000012;1000,0;784,0;2,0
2702;0,1;0,01818181818181818;PhyDL;0,9;12;mnist;6;1;edgebetweenness;564,0138144000011;1000,0;784,0;3,0
2703;0,1;0,01818181818181818;PhyDL;0,9;12;mnist;6;1;edgebetweenness;564,0139553999979;1000,0;784,0;4,0
2704;0,1;0,01818181818181818;PhyDL;0,9;12;mnist;6;1;edgebetweenness;564,0137944000016;1000,0;784,0;5,0
2705;0,1;0,01818181818181818;PhyDL;0,9;12;mnist;6;1;edgebetweenness;564,0137742000006;1000,0;784,0;6,0
2706;0,1;0,01818181818181818;PhyDL;0,9;12;mnist;6;1;edgebetweenness;564,0137733999982;1000,0;784,0;7,0
2707;0,1;0,01818181818181818;PhyDL;0,9;12;mnist;6;1;edgebetweenness;564,0138436999987;1000,0;784,0;8,0
2708;0,1;0,01818181818181818;PhyDL;0,9;12;mnist;6;1;edgebetweenness;564,0147319000025;1000,0;784,0;9,0
2709;0,1;0,01818181818181818;PhyDL;0,9;12;mnist;6;1;edgebetweenness;564,0139636999993;1000,0;784,0;10,0
2710;0,1;0,01818181818181818;PhyDL;0,9;12;mnist;6;1;edgebetweenness;564,0140824000009;1000,0;784,0;11,0
2711;0,1;0,01818181818181818;PhyDL;0,9;12;mnist;6;1;edgebetweenness;564,0140737000002;1000,0;784,0;12,0
2712;0,1;0,01818181818181818;PhyDL;0,9;12;mnist;6;1;edgebetweenness;564,0137536000002;1000,0;784,0;13,0
2713;0,1;0,01818181818181818;PhyDL;0,9;12;mnist;6;1;edgebetweenness;564,0137595000015;1000,0;784,0;14,0
2714;0,1;0,01818181818181818;PhyDL;0,9;12;mnist;6;1;edgebetweenness;564,0138334000003;1000,0;784,0;15,0
2715;0,1;0,01818181818181818;PhyDL;0,9;12;mnist;6;1;edgebetweenness;564,0140582000022;1000,0;784,0;16,0
2716;0,1;0,01818181818181818;PhyDL;0,9;12;mnist;6;1;edgebetweenness;564,0137783999999;1000,0;784,0;17,0
2717;0,1;0,01818181818181818;PhyDL;0,9;12;mnist;6;1;edgebetweenness;564,0137856000001;1000,0;784,0;18,0
2718;0,1;0,01818181818181818;PhyDL;0,9;12;mnist;6;1;edgebetweenness;564,0137786999985;1000,0;784,0;19,0
2719;0,1;0,01818181818181818;PhyDL;0,9;12;mnist;6;1;edgebetweenness;564,0138683000005;1000,0;784,0;20,0
2720;0,1;0,01818181818181818;PhyDL;0,9;12;mnist;6;1;edgebetweenness;564,0137476000018;1000,0;784,0;21,0
2721;0,1;0,01818181818181818;PhyDL;0,9;12;mnist;6;1;edgebetweenness;564,0139399;1000,0;784,0;22,0
2722;0,1;0,01818181818181818;PhyDL;0,9;12;mnist;6;1;edgebetweenness;564,0137907000026;1000,0;784,0;23,0
2723;0,1;0,01818181818181818;PhyDL;0,9;12;mnist;6;1;edgebetweenness;564,0138073999988;1000,0;784,0;24,0
2724;0,1;0,01818181818181818;PhyDL;0,9;12;mnist;6;1;edgebetweenness;564,013759999998;1000,0;784,0;25,0
2725;0,1;0,01818181818181818;PhyDL;0,9;12;mnist;6;1;edgebetweenness;564,0137557999988;1000,0;784,0;26,0
2726;0,1;0,01818181818181818;PhyDL;0,9;12;mnist;6;1;edgebetweenness;564,0140266999988;1000,0;784,0;27,0
2727;0,1;0,01818181818181818;PhyDL;0,9;12;mnist;6;1;edgebetweenness;564,0137959000022;1000,0;784,0;28,0
2728;0,1;0,01818181818181818;PhyDL;0,9;12;mnist;6;1;edgebetweenness;564,0138972000022;1000,0;784,0;29,0
2729;0,1;0,01818181818181818;PhyDL;0,9;12;mnist;6;1;edgebetweenness;564,0140049000001;1000,0;784,0;30,0
2730;0,15454545454545454;0,10821385744356707;LLGC;0,9;12;mnist;6;1;edgebetweenness;4,334983299999294;1000,0;784,0;1,0
2731;0,11818181818181818;0,052854319421382245;LLGC;0,9;12;mnist;6;1;edgebetweenness;4,648905999998533;1000,0;784,0;2,0
2732;0,10795454545454546;0,03394471790594743;LLGC;0,9;12;mnist;6;1;edgebetweenness;4,408176000000822;1000,0;784,0;3,0
2733;0,12045454545454545;0,057133408314481805;LLGC;0,9;12;mnist;6;1;edgebetweenness;4,536624500000471;1000,0;784,0;4,0
2734;0,13522727272727272;0,07467869932664445;LLGC;0,9;12;mnist;6;1;edgebetweenness;4,377514599997085;1000,0;784,0;5,0
2735;0,12272727272727273;0,05968176040524799;LLGC;0,9;12;mnist;6;1;edgebetweenness;4,920697500001552;1000,0;784,0;6,0
2736;0,2215909090909091;0,14706996338366862;LLGC;0,9;12;mnist;6;1;edgebetweenness;4,985750800002279;1000,0;784,0;7,0
2737;0,14772727272727273;0,09608090171372798;LLGC;0,9;12;mnist;6;1;edgebetweenness;5,35055260000081;1000,0;784,0;8,0
2738;0,15;0,10524018287891683;LLGC;0,9;12;mnist;6;1;edgebetweenness;5,5843918999999005;1000,0;784,0;9,0
2739;0,1375;0,08717429077025914;LLGC;0,9;12;mnist;6;1;edgebetweenness;5,113259999998263;1000,0;784,0;10,0
2740;0,12840909090909092;0,0627097257013377;LLGC;0,9;12;mnist;6;1;edgebetweenness;4,935365600002115;1000,0;784,0;11,0
2741;0,13977272727272727;0,08740986492876716;LLGC;0,9;12;mnist;6;1;edgebetweenness;4,834860400002071;1000,0;784,0;12,0
2742;0,1215909090909091;0,05643986939113912;LLGC;0,9;12;mnist;6;1;edgebetweenness;4,365805999997974;1000,0;784,0;13,0
2743;0,10568181818181818;0,02931407118323006;LLGC;0,9;12;mnist;6;1;edgebetweenness;4,597023199999967;1000,0;784,0;14,0
2744;0,10795454545454546;0,03355472422279153;LLGC;0,9;12;mnist;6;1;edgebetweenness;4,192320000001928;1000,0;784,0;15,0
2745;0,12613636363636363;0,056903668906487015;LLGC;0,9;12;mnist;6;1;edgebetweenness;4,422263299999031;1000,0;784,0;16,0
2746;0,12727272727272726;0,06400657684678114;LLGC;0,9;12;mnist;6;1;edgebetweenness;4,275747200001206;1000,0;784,0;17,0
2747;0,16363636363636364;0,08837359649459949;LLGC;0,9;12;mnist;6;1;edgebetweenness;4,405099300001893;1000,0;784,0;18,0
2748;0,1715909090909091;0,08912247293692452;LLGC;0,9;12;mnist;6;1;edgebetweenness;4,474829700000555;1000,0;784,0;19,0
2749;0,125;0,06013607022229965;LLGC;0,9;12;mnist;6;1;edgebetweenness;4,187730999998166;1000,0;784,0;20,0
2750;0,2034090909090909;0,12484536052389432;LLGC;0,9;12;mnist;6;1;edgebetweenness;4,38963060000242;1000,0;784,0;21,0
2751;0,15113636363636362;0,09782924647254498;LLGC;0,9;12;mnist;6;1;edgebetweenness;4,392385299997841;1000,0;784,0;22,0
2752;0,1215909090909091;0,05380913410925314;LLGC;0,9;12;mnist;6;1;edgebetweenness;4,346168999996735;1000,0;784,0;23,0
2753;0,1159090909090909;0,048440714178522734;LLGC;0,9;12;mnist;6;1;edgebetweenness;4,459375400001591;1000,0;784,0;24,0
2754;0,11818181818181818;0,05244826720228283;LLGC;0,9;12;mnist;6;1;edgebetweenness;4,278188199998112;1000,0;784,0;25,0
2755;0,13636363636363635;0,08096774689117388;LLGC;0,9;12;mnist;6;1;edgebetweenness;4,322762899999361;1000,0;784,0;26,0
2756;0,15454545454545454;0,09867871741411172;LLGC;0,9;12;mnist;6;1;edgebetweenness;4,561880400000518;1000,0;784,0;27,0
2757;0,10227272727272728;0,022633946364516315;LLGC;0,9;12;mnist;6;1;edgebetweenness;4,2208169999976235;1000,0;784,0;28,0
2758;0,15795454545454546;0,1149703233239503;LLGC;0,9;12;mnist;6;1;edgebetweenness;4,3092940999995335;1000,0;784,0;29,0
2759;0,1431818181818182;0,0670167092551428;LLGC;0,9;12;mnist;6;1;edgebetweenness;4,5434917000020505;1000,0;784,0;30,0
2760;0,1;0,01818181818181818;PhyDL;0,9;14;mnist;6;1;edgebetweenness;564,013794800001;1000,0;784,0;1,0
2761;0,1;0,01818181818181818;PhyDL;0,9;14;mnist;6;1;edgebetweenness;564,0141175999997;1000,0;784,0;2,0
2762;0,1;0,01818181818181818;PhyDL;0,9;14;mnist;6;1;edgebetweenness;564,0137863000018;1000,0;784,0;3,0
2763;0,1;0,01818181818181818;PhyDL;0,9;14;mnist;6;1;edgebetweenness;564,0139306000019;1000,0;784,0;4,0
2764;0,1;0,01818181818181818;PhyDL;0,9;14;mnist;6;1;edgebetweenness;564,0139568000013;1000,0;784,0;5,0
2765;0,1;0,01818181818181818;PhyDL;0,9;14;mnist;6;1;edgebetweenness;564,0138627000015;1000,0;784,0;6,0
2766;0,1;0,01818181818181818;PhyDL;0,9;14;mnist;6;1;edgebetweenness;564,0138213000027;1000,0;784,0;7,0
2767;0,1;0,01818181818181818;PhyDL;0,9;14;mnist;6;1;edgebetweenness;564,014027199999;1000,0;784,0;8,0
2768;0,1;0,01818181818181818;PhyDL;0,9;14;mnist;6;1;edgebetweenness;564,0137886000011;1000,0;784,0;9,0
2769;0,1;0,01818181818181818;PhyDL;0,9;14;mnist;6;1;edgebetweenness;564,0138884000007;1000,0;784,0;10,0
2770;0,1;0,01818181818181818;PhyDL;0,9;14;mnist;6;1;edgebetweenness;564,0137651000005;1000,0;784,0;11,0
2771;0,1;0,01818181818181818;PhyDL;0,9;14;mnist;6;1;edgebetweenness;564,013729899998;1000,0;784,0;12,0
2772;0,1;0,01818181818181818;PhyDL;0,9;14;mnist;6;1;edgebetweenness;564,0140076000025;1000,0;784,0;13,0
2773;0,1;0,01818181818181818;PhyDL;0,9;14;mnist;6;1;edgebetweenness;564,0137727000001;1000,0;784,0;14,0
2774;0,1;0,01818181818181818;PhyDL;0,9;14;mnist;6;1;edgebetweenness;564,0137810999986;1000,0;784,0;15,0
2775;0,1;0,01818181818181818;PhyDL;0,9;14;mnist;6;1;edgebetweenness;564,0137556000009;1000,0;784,0;16,0
2776;0,1;0,01818181818181818;PhyDL;0,9;14;mnist;6;1;edgebetweenness;564,0137613000006;1000,0;784,0;17,0
2777;0,1;0,01818181818181818;PhyDL;0,9;14;mnist;6;1;edgebetweenness;564,0138389000022;1000,0;784,0;18,0
2778;0,1;0,01818181818181818;PhyDL;0,9;14;mnist;6;1;edgebetweenness;564,0139373999991;1000,0;784,0;19,0
2779;0,1;0,01818181818181818;PhyDL;0,9;14;mnist;6;1;edgebetweenness;564,0137754999996;1000,0;784,0;20,0
2780;0,1;0,01818181818181818;PhyDL;0,9;14;mnist;6;1;edgebetweenness;564,0137912000027;1000,0;784,0;21,0
2781;0,1;0,01818181818181818;PhyDL;0,9;14;mnist;6;1;edgebetweenness;564,0141648999997;1000,0;784,0;22,0
2782;0,1;0,01818181818181818;PhyDL;0,9;14;mnist;6;1;edgebetweenness;564,0138676999995;1000,0;784,0;23,0
2783;0,1;0,01818181818181818;PhyDL;0,9;14;mnist;6;1;edgebetweenness;564,0138984000005;1000,0;784,0;24,0
2784;0,1;0,01818181818181818;PhyDL;0,9;14;mnist;6;1;edgebetweenness;564,0141258000003;1000,0;784,0;25,0
2785;0,1;0,01818181818181818;PhyDL;0,9;14;mnist;6;1;edgebetweenness;564,0137474000003;1000,0;784,0;26,0
2786;0,1;0,01818181818181818;PhyDL;0,9;14;mnist;6;1;edgebetweenness;564,0138846000009;1000,0;784,0;27,0
2787;0,1;0,01818181818181818;PhyDL;0,9;14;mnist;6;1;edgebetweenness;564,0137542999983;1000,0;784,0;28,0
2788;0,1;0,01818181818181818;PhyDL;0,9;14;mnist;6;1;edgebetweenness;564,0139192000024;1000,0;784,0;29,0
2789;0,1;0,01818181818181818;PhyDL;0,9;14;mnist;6;1;edgebetweenness;564,013934999999;1000,0;784,0;30,0
2790;0,10232558139534884;0,022818040132476132;LLGC;0,9;14;mnist;6;1;edgebetweenness;4,218049400002201;1000,0;784,0;1,0
2791;0,13488372093023257;0,07604878392336537;LLGC;0,9;14;mnist;6;1;edgebetweenness;4,374896900000749;1000,0;784,0;2,0
2792;0,10348837209302325;0,024871833798507548;LLGC;0,9;14;mnist;6;1;edgebetweenness;4,427782200000365;1000,0;784,0;3,0
2793;0,13372093023255813;0,07281930467786361;LLGC;0,9;14;mnist;6;1;edgebetweenness;4,266758599998866;1000,0;784,0;4,0
2794;0,14186046511627906;0,08071919239760102;LLGC;0,9;14;mnist;6;1;edgebetweenness;4,411575000001903;1000,0;784,0;5,0
2795;0,11744186046511627;0,04877360889909503;LLGC;0,9;14;mnist;6;1;edgebetweenness;4,22492979999879;1000,0;784,0;6,0
2796;0,13837209302325582;0,08122628106108282;LLGC;0,9;14;mnist;6;1;edgebetweenness;4,383411899998464;1000,0;784,0;7,0
2797;0,13837209302325582;0,08115463647882408;LLGC;0,9;14;mnist;6;1;edgebetweenness;4,403633000001719;1000,0;784,0;8,0
2798;0,13953488372093023;0,06873313291583656;LLGC;0,9;14;mnist;6;1;edgebetweenness;4,3485566999988805;1000,0;784,0;9,0
2799;0,11395348837209303;0,04414559906252732;LLGC;0,9;14;mnist;6;1;edgebetweenness;4,306186199999502;1000,0;784,0;10,0
2800;0,15232558139534882;0,08827575679293583;LLGC;0,9;14;mnist;6;1;edgebetweenness;4,596766200000275;1000,0;784,0;11,0
2801;0,13604651162790699;0,0802111774861688;LLGC;0,9;14;mnist;6;1;edgebetweenness;4,217890999996598;1000,0;784,0;12,0
2802;0,10232558139534884;0,022818040132476132;LLGC;0,9;14;mnist;6;1;edgebetweenness;4,367452600003162;1000,0;784,0;13,0
2803;0,15348837209302327;0,09030951761951048;LLGC;0,9;14;mnist;6;1;edgebetweenness;4,375990100001218;1000,0;784,0;14,0
2804;0,11046511627906977;0,03814150807152513;LLGC;0,9;14;mnist;6;1;edgebetweenness;4,224078899998858;1000,0;784,0;15,0
2805;0,1127906976744186;0,04186728836595984;LLGC;0,9;14;mnist;6;1;edgebetweenness;4,300479900000937;1000,0;784,0;16,0
2806;0,1186046511627907;0,053579759136725545;LLGC;0,9;14;mnist;6;1;edgebetweenness;4,347444499999256;1000,0;784,0;17,0
2807;0,14186046511627906;0,08971717265640713;LLGC;0,9;14;mnist;6;1;edgebetweenness;4,346793299999263;1000,0;784,0;18,0
2808;0,11976744186046512;0,05080591378765821;LLGC;0,9;14;mnist;6;1;edgebetweenness;4,287071700000524;1000,0;784,0;19,0
2809;0,11627906976744186;0,04887930583148786;LLGC;0,9;14;mnist;6;1;edgebetweenness;4,4988081000010425;1000,0;784,0;20,0
2810;0,1313953488372093;0,061314467378540606;LLGC;0,9;14;mnist;6;1;edgebetweenness;4,274358499998925;1000,0;784,0;21,0
2811;0,12558139534883722;0,05347103038811383;LLGC;0,9;14;mnist;6;1;edgebetweenness;4,271063999996841;1000,0;784,0;22,0
2812;0,12441860465116279;0,06166357834147902;LLGC;0,9;14;mnist;6;1;edgebetweenness;4,55264840000018;1000,0;784,0;23,0
2813;0,1186046511627907;0,04959373207154853;LLGC;0,9;14;mnist;6;1;edgebetweenness;4,222055800000817;1000,0;784,0;24,0
2814;0,10465116279069768;0,027402179049444586;LLGC;0,9;14;mnist;6;1;edgebetweenness;4,622949100001279;1000,0;784,0;25,0
2815;0,1569767441860465;0,08202450006519976;LLGC;0,9;14;mnist;6;1;edgebetweenness;4,220576699997764;1000,0;784,0;26,0
2816;0,12558139534883722;0,06225213534371481;LLGC;0,9;14;mnist;6;1;edgebetweenness;4,289049499999237;1000,0;784,0;27,0
2817;0,17674418604651163;0,08326360326906224;LLGC;0,9;14;mnist;6;1;edgebetweenness;4,39370609999969;1000,0;784,0;28,0
2818;0,10232558139534884;0,022818040132476132;LLGC;0,9;14;mnist;6;1;edgebetweenness;4,296423699997831;1000,0;784,0;29,0
2819;0,10697674418604651;0,03158573390414916;LLGC;0,9;14;mnist;6;1;edgebetweenness;4,227383399997052;1000,0;784,0;30,0
2820;0,1;0,01818181818181818;PhyDL;0,9;16;mnist;6;1;edgebetweenness;564,0138007999994;1000,0;784,0;1,0
2821;0,1;0,01818181818181818;PhyDL;0,9;16;mnist;6;1;edgebetweenness;564,0137815999988;1000,0;784,0;2,0
2822;0,1;0,01818181818181818;PhyDL;0,9;16;mnist;6;1;edgebetweenness;564,0138871000017;1000,0;784,0;3,0
2823;0,1;0,01818181818181818;PhyDL;0,9;16;mnist;6;1;edgebetweenness;564,0138976000017;1000,0;784,0;4,0
2824;0,1;0,01818181818181818;PhyDL;0,9;16;mnist;6;1;edgebetweenness;564,0137883999996;1000,0;784,0;5,0
2825;0,1;0,01818181818181818;PhyDL;0,9;16;mnist;6;1;edgebetweenness;564,0141807;1000,0;784,0;6,0
2826;0,1;0,01818181818181818;PhyDL;0,9;16;mnist;6;1;edgebetweenness;564,0137566000012;1000,0;784,0;7,0
2827;0,1;0,01818181818181818;PhyDL;0,9;16;mnist;6;1;edgebetweenness;564,0137995000005;1000,0;784,0;8,0
2828;0,1;0,01818181818181818;PhyDL;0,9;16;mnist;6;1;edgebetweenness;564,0138604999993;1000,0;784,0;9,0
2829;0,1;0,01818181818181818;PhyDL;0,9;16;mnist;6;1;edgebetweenness;564,0139297999995;1000,0;784,0;10,0
2830;0,1;0,01818181818181818;PhyDL;0,9;16;mnist;6;1;edgebetweenness;564,0139619000001;1000,0;784,0;11,0
2831;0,1;0,01818181818181818;PhyDL;0,9;16;mnist;6;1;edgebetweenness;564,014023300002;1000,0;784,0;12,0
2832;0,1;0,01818181818181818;PhyDL;0,9;16;mnist;6;1;edgebetweenness;564,0140632000002;1000,0;784,0;13,0
2833;0,1;0,01818181818181818;PhyDL;0,9;16;mnist;6;1;edgebetweenness;564,0137844000019;1000,0;784,0;14,0
2834;0,1;0,01818181818181818;PhyDL;0,9;16;mnist;6;1;edgebetweenness;564,0140796000014;1000,0;784,0;15,0
2835;0,1;0,01818181818181818;PhyDL;0,9;16;mnist;6;1;edgebetweenness;564,013899900001;1000,0;784,0;16,0
2836;0,1;0,01818181818181818;PhyDL;0,9;16;mnist;6;1;edgebetweenness;564,0140341000006;1000,0;784,0;17,0
2837;0,1;0,01818181818181818;PhyDL;0,9;16;mnist;6;1;edgebetweenness;564,0138445000011;1000,0;784,0;18,0
2838;0,1;0,01818181818181818;PhyDL;0,9;16;mnist;6;1;edgebetweenness;564,0138133;1000,0;784,0;19,0
2839;0,1;0,01818181818181818;PhyDL;0,9;16;mnist;6;1;edgebetweenness;564,0139598000023;1000,0;784,0;20,0
2840;0,1;0,01818181818181818;PhyDL;0,9;16;mnist;6;1;edgebetweenness;564,0137718000005;1000,0;784,0;21,0
2841;0,1;0,01818181818181818;PhyDL;0,9;16;mnist;6;1;edgebetweenness;564,0137192000038;1000,0;784,0;22,0
2842;0,1;0,01818181818181818;PhyDL;0,9;16;mnist;6;1;edgebetweenness;564,0141447000024;1000,0;784,0;23,0
2843;0,1;0,01818181818181818;PhyDL;0,9;16;mnist;6;1;edgebetweenness;564,0138307000016;1000,0;784,0;24,0
2844;0,1;0,01818181818181818;PhyDL;0,9;16;mnist;6;1;edgebetweenness;564,0139417999999;1000,0;784,0;25,0
2845;0,1;0,01818181818181818;PhyDL;0,9;16;mnist;6;1;edgebetweenness;564,0139491000009;1000,0;784,0;26,0
2846;0,1;0,01818181818181818;PhyDL;0,9;16;mnist;6;1;edgebetweenness;564,0137714999983;1000,0;784,0;27,0
2847;0,1;0,01818181818181818;PhyDL;0,9;16;mnist;6;1;edgebetweenness;564,013828500003;1000,0;784,0;28,0
2848;0,1;0,01818181818181818;PhyDL;0,9;16;mnist;6;1;edgebetweenness;564,0139385000002;1000,0;784,0;29,0
2849;0,1;0,01818181818181818;PhyDL;0,9;16;mnist;6;1;edgebetweenness;564,0140834000013;1000,0;784,0;30,0
2850;0,11071428571428571;0,03916155114872345;LLGC;0,9;16;mnist;6;1;edgebetweenness;4,468989199998759;1000,0;784,0;1,0
2851;0,10595238095238095;0,029883174011790747;LLGC;0,9;16;mnist;6;1;edgebetweenness;4,160320700000739;1000,0;784,0;2,0
2852;0,11547619047619048;0,047668439631503925;LLGC;0,9;16;mnist;6;1;edgebetweenness;4,336690500000259;1000,0;784,0;3,0
2853;0,10476190476190476;0,027610425297228743;LLGC;0,9;16;mnist;6;1;edgebetweenness;4,530289999998786;1000,0;784,0;4,0
2854;0,10714285714285714;0,03158316213156681;LLGC;0,9;16;mnist;6;1;edgebetweenness;4,33166749999873;1000,0;784,0;5,0
2855;0,16904761904761906;0,07973523837781196;LLGC;0,9;16;mnist;6;1;edgebetweenness;4,362782200001675;1000,0;784,0;6,0
2856;0,14166666666666666;0,08429048612771417;LLGC;0,9;16;mnist;6;1;edgebetweenness;4,320081699999719;1000,0;784,0;7,0
2857;0,15714285714285714;0,09973290028634212;LLGC;0,9;16;mnist;6;1;edgebetweenness;4,270587200000591;1000,0;784,0;8,0
2858;0,10595238095238095;0,029019041854834955;LLGC;0,9;16;mnist;6;1;edgebetweenness;4,4240026999978;1000,0;784,0;9,0
2859;0,15714285714285714;0,06364372469635628;LLGC;0,9;16;mnist;6;1;edgebetweenness;4,184798499998578;1000,0;784,0;10,0
2860;0,11785714285714285;0,05045250725630703;LLGC;0,9;16;mnist;6;1;edgebetweenness;4,383942000000388;1000,0;784,0;11,0
2861;0,12023809523809524;0,05067000128440945;LLGC;0,9;16;mnist;6;1;edgebetweenness;4,459969300001831;1000,0;784,0;12,0
2862;0,11666666666666667;0,04511444572885389;LLGC;0,9;16;mnist;6;1;edgebetweenness;4,34186210000189;1000,0;784,0;13,0
2863;0,1488095238095238;0,09567420771407013;LLGC;0,9;16;mnist;6;1;edgebetweenness;4,318295400000352;1000,0;784,0;14,0
2864;0,20833333333333334;0,1538741688519295;LLGC;0,9;16;mnist;6;1;edgebetweenness;4,512856800000009;1000,0;784,0;15,0
2865;0,1523809523809524;0,10449562681758662;LLGC;0,9;16;mnist;6;1;edgebetweenness;4,405518100000336;1000,0;784,0;16,0
2866;0,14166666666666666;0,09115947051228983;LLGC;0,9;16;mnist;6;1;edgebetweenness;4,868766799998411;1000,0;784,0;17,0
2867;0,11547619047619048;0,04629153467284382;LLGC;0,9;16;mnist;6;1;edgebetweenness;4,804011600001104;1000,0;784,0;18,0
2868;0,11666666666666667;0,048112701252236136;LLGC;0,9;16;mnist;6;1;edgebetweenness;4,348506499998621;1000,0;784,0;19,0
2869;0,13690476190476192;0,07083168190053205;LLGC;0,9;16;mnist;6;1;edgebetweenness;5,194762000002811;1000,0;784,0;20,0
2870;0,15119047619047618;0,10060596826170758;LLGC;0,9;16;mnist;6;1;edgebetweenness;4,243316900003265;1000,0;784,0;21,0
2871;0,12023809523809524;0,0548847515790303;LLGC;0,9;16;mnist;6;1;edgebetweenness;4,35754470000029;1000,0;784,0;22,0
2872;0,12142857142857143;0,05899945259400645;LLGC;0,9;16;mnist;6;1;edgebetweenness;4,3267285999972955;1000,0;784,0;23,0
2873;0,1380952380952381;0,06564511338198367;LLGC;0,9;16;mnist;6;1;edgebetweenness;4,405389899999136;1000,0;784,0;24,0
2874;0,1261904761904762;0,06226029989429314;LLGC;0,9;16;mnist;6;1;edgebetweenness;4,353076200000942;1000,0;784,0;25,0
2875;0,10595238095238095;0,029516694990891417;LLGC;0,9;16;mnist;6;1;edgebetweenness;4,514677800001664;1000,0;784,0;26,0
2876;0,15476190476190477;0,07555048878015247;LLGC;0,9;16;mnist;6;1;edgebetweenness;4,226551399999153;1000,0;784,0;27,0
2877;0,11190476190476191;0,041271965796540244;LLGC;0,9;16;mnist;6;1;edgebetweenness;4,300905500000226;1000,0;784,0;28,0
2878;0,10476190476190476;0,02751036246582591;LLGC;0,9;16;mnist;6;1;edgebetweenness;4,5593353000003844;1000,0;784,0;29,0
2879;0,12857142857142856;0,06932603739170087;LLGC;0,9;16;mnist;6;1;edgebetweenness;4,213624100000743;1000,0;784,0;30,0
2880;0,1;0,01818181818181818;PhyDL;0,9;18;mnist;6;1;edgebetweenness;564,0140997000017;1000,0;784,0;1,0
2881;0,1;0,01818181818181818;PhyDL;0,9;18;mnist;6;1;edgebetweenness;564,0137335;1000,0;784,0;2,0
2882;0,1;0,01818181818181818;PhyDL;0,9;18;mnist;6;1;edgebetweenness;564,0140782000017;1000,0;784,0;3,0
2883;0,1;0,01818181818181818;PhyDL;0,9;18;mnist;6;1;edgebetweenness;564,013900599999;1000,0;784,0;4,0
2884;0,1;0,01818181818181818;PhyDL;0,9;18;mnist;6;1;edgebetweenness;564,0137624999988;1000,0;784,0;5,0
2885;0,1;0,01818181818181818;PhyDL;0,9;18;mnist;6;1;edgebetweenness;564,0140901000013;1000,0;784,0;6,0
2886;0,1;0,01818181818181818;PhyDL;0,9;18;mnist;6;1;edgebetweenness;564,0137781000012;1000,0;784,0;7,0
2887;0,1;0,01818181818181818;PhyDL;0,9;18;mnist;6;1;edgebetweenness;564,0139167999987;1000,0;784,0;8,0
2888;0,1;0,01818181818181818;PhyDL;0,9;18;mnist;6;1;edgebetweenness;564,0137251000015;1000,0;784,0;9,0
2889;0,1;0,01818181818181818;PhyDL;0,9;18;mnist;6;1;edgebetweenness;564,0142479000024;1000,0;784,0;10,0
2890;0,1;0,01818181818181818;PhyDL;0,9;18;mnist;6;1;edgebetweenness;564,0137992999989;1000,0;784,0;11,0
2891;0,1;0,01818181818181818;PhyDL;0,9;18;mnist;6;1;edgebetweenness;564,0137469000001;1000,0;784,0;12,0
2892;0,1;0,01818181818181818;PhyDL;0,9;18;mnist;6;1;edgebetweenness;564,0142547000032;1000,0;784,0;13,0
2893;0,1;0,01818181818181818;PhyDL;0,9;18;mnist;6;1;edgebetweenness;564,0139294;1000,0;784,0;14,0
2894;0,1;0,01818181818181818;PhyDL;0,9;18;mnist;6;1;edgebetweenness;564,0137701999993;1000,0;784,0;15,0
2895;0,1;0,01818181818181818;PhyDL;0,9;18;mnist;6;1;edgebetweenness;564,0137743000014;1000,0;784,0;16,0
2896;0,1;0,01818181818181818;PhyDL;0,9;18;mnist;6;1;edgebetweenness;564,0138181000002;1000,0;784,0;17,0
2897;0,1;0,01818181818181818;PhyDL;0,9;18;mnist;6;1;edgebetweenness;564,0141464000008;1000,0;784,0;18,0
2898;0,1;0,01818181818181818;PhyDL;0,9;18;mnist;6;1;edgebetweenness;564,0139338999979;1000,0;784,0;19,0
2899;0,1;0,01818181818181818;PhyDL;0,9;18;mnist;6;1;edgebetweenness;564,0140507000033;1000,0;784,0;20,0
2900;0,1;0,01818181818181818;PhyDL;0,9;18;mnist;6;1;edgebetweenness;564,0137452000017;1000,0;784,0;21,0
2901;0,1;0,01818181818181818;PhyDL;0,9;18;mnist;6;1;edgebetweenness;564,0138692;1000,0;784,0;22,0
2902;0,1;0,01818181818181818;PhyDL;0,9;18;mnist;6;1;edgebetweenness;564,0138471000027;1000,0;784,0;23,0
2903;0,1;0,01818181818181818;PhyDL;0,9;18;mnist;6;1;edgebetweenness;564,0141539000033;1000,0;784,0;24,0
2904;0,1;0,01818181818181818;PhyDL;0,9;18;mnist;6;1;edgebetweenness;564,0138804000017;1000,0;784,0;25,0
2905;0,1;0,01818181818181818;PhyDL;0,9;18;mnist;6;1;edgebetweenness;564,0137572000021;1000,0;784,0;26,0
2906;0,1;0,01818181818181818;PhyDL;0,9;18;mnist;6;1;edgebetweenness;564,0137391999997;1000,0;784,0;27,0
2907;0,1;0,01818181818181818;PhyDL;0,9;18;mnist;6;1;edgebetweenness;564,0139638;1000,0;784,0;28,0
2908;0,1;0,01818181818181818;PhyDL;0,9;18;mnist;6;1;edgebetweenness;564,0140276999991;1000,0;784,0;29,0
2909;0,1;0,01818181818181818;PhyDL;0,9;18;mnist;6;1;edgebetweenness;564,0137724000015;1000,0;784,0;30,0
2910;0,1378048780487805;0,07957071186404656;LLGC;0,9;18;mnist;6;1;edgebetweenness;4,37633199999982;1000,0;784,0;1,0
2911;0,11463414634146342;0,04656405558834171;LLGC;0,9;18;mnist;6;1;edgebetweenness;4,443522099998518;1000,0;784,0;2,0
2912;0,11951219512195121;0,054781816167658634;LLGC;0,9;18;mnist;6;1;edgebetweenness;4,290801400002238;1000,0;784,0;3,0
2913;0,11585365853658537;0,0483975876566058;LLGC;0,9;18;mnist;6;1;edgebetweenness;4,713161800002126;1000,0;784,0;4,0
2914;0,11097560975609756;0,037045990771626826;LLGC;0,9;18;mnist;6;1;edgebetweenness;4,339380499997787;1000,0;784,0;5,0
2915;0,13658536585365855;0,06322119937871729;LLGC;0,9;18;mnist;6;1;edgebetweenness;4,612104299998464;1000,0;784,0;6,0
2916;0,14268292682926828;0,08871488816661957;LLGC;0,9;18;mnist;6;1;edgebetweenness;4,361210499999288;1000,0;784,0;7,0
2917;0,11585365853658537;0,047972080464973386;LLGC;0,9;18;mnist;6;1;edgebetweenness;4,588416200000211;1000,0;784,0;8,0
2918;0,1402439024390244;0,07474644813320488;LLGC;0,9;18;mnist;6;1;edgebetweenness;4,2089412000023;1000,0;784,0;9,0
2919;0,13170731707317074;0,06103958017941098;LLGC;0,9;18;mnist;6;1;edgebetweenness;4,701326099999278;1000,0;784,0;10,0
2920;0,17804878048780487;0,12875868398798138;LLGC;0,9;18;mnist;6;1;edgebetweenness;4,22542340000291;1000,0;784,0;11,0
2921;0,12195121951219512;0,05518690562589834;LLGC;0,9;18;mnist;6;1;edgebetweenness;4,257861300000513;1000,0;784,0;12,0
2922;0,14390243902439023;0,08306638624553968;LLGC;0,9;18;mnist;6;1;edgebetweenness;4,530930799999624;1000,0;784,0;13,0
2923;0,15609756097560976;0,10771585718328151;LLGC;0,9;18;mnist;6;1;edgebetweenness;4,195223000002443;1000,0;784,0;14,0
2924;0,12073170731707317;0,05287450778976203;LLGC;0,9;18;mnist;6;1;edgebetweenness;4,39919910000026;1000,0;784,0;15,0
2925;0,1024390243902439;0,022948374010338286;LLGC;0,9;18;mnist;6;1;edgebetweenness;4,447712299999694;1000,0;784,0;16,0
2926;0,12804878048780488;0,0671118402292896;LLGC;0,9;18;mnist;6;1;edgebetweenness;4,293280699999741;1000,0;784,0;17,0
2927;0,12317073170731707;0,05839765097322751;LLGC;0,9;18;mnist;6;1;edgebetweenness;4,29066000000239;1000,0;784,0;18,0
2928;0,12073170731707317;0,05287450778976203;LLGC;0,9;18;mnist;6;1;edgebetweenness;4,35208430000057;1000,0;784,0;19,0
2929;0,1548780487804878;0,08974574153473491;LLGC;0,9;18;mnist;6;1;edgebetweenness;4,261701200000971;1000,0;784,0;20,0
2930;0,10853658536585366;0,03472818851645546;LLGC;0,9;18;mnist;6;1;edgebetweenness;4,297385399997438;1000,0;784,0;21,0
2931;0,1073170731707317;0,03158929301839471;LLGC;0,9;18;mnist;6;1;edgebetweenness;4,4505161000015505;1000,0;784,0;22,0
2932;0,11707317073170732;0,04823152024264619;LLGC;0,9;18;mnist;6;1;edgebetweenness;4,147417700001824;1000,0;784,0;23,0
2933;0,1719512195121951;0,1169513946578189;LLGC;0,9;18;mnist;6;1;edgebetweenness;4,257955900000525;1000,0;784,0;24,0
2934;0,12439024390243902;0,060109081967945996;LLGC;0,9;18;mnist;6;1;edgebetweenness;4,445894000000408;1000,0;784,0;25,0
2935;0,174390243902439;0,12426907299763854;LLGC;0,9;18;mnist;6;1;edgebetweenness;4,233420399999886;1000,0;784,0;26,0
2936;0,1378048780487805;0,07645167329781913;LLGC;0,9;18;mnist;6;1;edgebetweenness;4,305179499999213;1000,0;784,0;27,0
2937;0,10853658536585366;0,03437002453694922;LLGC;0,9;18;mnist;6;1;edgebetweenness;4,597989199999574;1000,0;784,0;28,0
2938;0,1402439024390244;0,08205273467406238;LLGC;0,9;18;mnist;6;1;edgebetweenness;4,221231699997588;1000,0;784,0;29,0
2939;0,13658536585365855;0,08112785144404336;LLGC;0,9;18;mnist;6;1;edgebetweenness;4,286763399999472;1000,0;784,0;30,0
2940;0,1;0,01818181818181818;PhyDL;0,9;20;mnist;6;1;edgebetweenness;564,0138004;1000,0;784,0;1,0
2941;0,1;0,01818181818181818;PhyDL;0,9;20;mnist;6;1;edgebetweenness;564,0138971000015;1000,0;784,0;2,0
2942;0,1;0,01818181818181818;PhyDL;0,9;20;mnist;6;1;edgebetweenness;564,0138791999998;1000,0;784,0;3,0
2943;0,1;0,01818181818181818;PhyDL;0,9;20;mnist;6;1;edgebetweenness;564,0139615000007;1000,0;784,0;4,0
2944;0,1;0,01818181818181818;PhyDL;0,9;20;mnist;6;1;edgebetweenness;564,0137482999999;1000,0;784,0;5,0
2945;0,1;0,01818181818181818;PhyDL;0,9;20;mnist;6;1;edgebetweenness;564,0139137000006;1000,0;784,0;6,0
2946;0,1;0,01818181818181818;PhyDL;0,9;20;mnist;6;1;edgebetweenness;564,0137788000029;1000,0;784,0;7,0
2947;0,1;0,01818181818181818;PhyDL;0,9;20;mnist;6;1;edgebetweenness;564,0137676999984;1000,0;784,0;8,0
2948;0,1;0,01818181818181818;PhyDL;0,9;20;mnist;6;1;edgebetweenness;564,0139120000022;1000,0;784,0;9,0
2949;0,1;0,01818181818181818;PhyDL;0,9;20;mnist;6;1;edgebetweenness;564,0138592000003;1000,0;784,0;10,0
2950;0,1;0,01818181818181818;PhyDL;0,9;20;mnist;6;1;edgebetweenness;564,0139483999992;1000,0;784,0;11,0
2951;0,1;0,01818181818181818;PhyDL;0,9;20;mnist;6;1;edgebetweenness;564,0141747000016;1000,0;784,0;12,0
2952;0,1;0,01818181818181818;PhyDL;0,9;20;mnist;6;1;edgebetweenness;564,0137825999991;1000,0;784,0;13,0
2953;0,1;0,01818181818181818;PhyDL;0,9;20;mnist;6;1;edgebetweenness;564,0139298000031;1000,0;784,0;14,0
2954;0,1;0,01818181818181818;PhyDL;0,9;20;mnist;6;1;edgebetweenness;564,0137904000003;1000,0;784,0;15,0
2955;0,1;0,01818181818181818;PhyDL;0,9;20;mnist;6;1;edgebetweenness;564,0138244000009;1000,0;784,0;16,0
2956;0,1;0,01818181818181818;PhyDL;0,9;20;mnist;6;1;edgebetweenness;564,0139253000016;1000,0;784,0;17,0
2957;0,1;0,01818181818181818;PhyDL;0,9;20;mnist;6;1;edgebetweenness;564,0138966000013;1000,0;784,0;18,0
2958;0,1;0,01818181818181818;PhyDL;0,9;20;mnist;6;1;edgebetweenness;564,0140324000022;1000,0;784,0;19,0
2959;0,1;0,01818181818181818;PhyDL;0,9;20;mnist;6;1;edgebetweenness;564,0137568000027;1000,0;784,0;20,0
2960;0,1;0,01818181818181818;PhyDL;0,9;20;mnist;6;1;edgebetweenness;564,0142644000007;1000,0;784,0;21,0
2961;0,1;0,01818181818181818;PhyDL;0,9;20;mnist;6;1;edgebetweenness;564,0141590000021;1000,0;784,0;22,0
2962;0,1;0,01818181818181818;PhyDL;0,9;20;mnist;6;1;edgebetweenness;564,0139960000015;1000,0;784,0;23,0
2963;0,1;0,01818181818181818;PhyDL;0,9;20;mnist;6;1;edgebetweenness;564,0141567999999;1000,0;784,0;24,0
2964;0,1;0,01818181818181818;PhyDL;0,9;20;mnist;6;1;edgebetweenness;564,0137542000011;1000,0;784,0;25,0
2965;0,1;0,01818181818181818;PhyDL;0,9;20;mnist;6;1;edgebetweenness;564,0137816000024;1000,0;784,0;26,0
2966;0,1;0,01818181818181818;PhyDL;0,9;20;mnist;6;1;edgebetweenness;564,0141322999989;1000,0;784,0;27,0
2967;0,1;0,01818181818181818;PhyDL;0,9;20;mnist;6;1;edgebetweenness;564,0143317000002;1000,0;784,0;28,0
2968;0,1;0,01818181818181818;PhyDL;0,9;20;mnist;6;1;edgebetweenness;564,0137489000008;1000,0;784,0;29,0
2969;0,1;0,01818181818181818;PhyDL;0,9;20;mnist;6;1;edgebetweenness;564,0137830000021;1000,0;784,0;30,0
2970;0,1075;0,032882736401213954;LLGC;0,9;20;mnist;6;1;edgebetweenness;4,516094599999633;1000,0;784,0;1,0
2971;0,1275;0,06823053796950196;LLGC;0,9;20;mnist;6;1;edgebetweenness;4,170043899997836;1000,0;784,0;2,0
2972;0,16;0,10439168152109328;LLGC;0,9;20;mnist;6;1;edgebetweenness;4,270333500000561;1000,0;784,0;3,0
2973;0,16875;0,07881721371466191;LLGC;0,9;20;mnist;6;1;edgebetweenness;4,431817799999408;1000,0;784,0;4,0
2974;0,1125;0,041829943203646594;LLGC;0,9;20;mnist;6;1;edgebetweenness;4,369074599999294;1000,0;784,0;5,0
2975;0,13375;0,07582241628786676;LLGC;0,9;20;mnist;6;1;edgebetweenness;4,417591299999913;1000,0;784,0;6,0
2976;0,1375;0,07363380943082017;LLGC;0,9;20;mnist;6;1;edgebetweenness;4,257291599999007;1000,0;784,0;7,0
2977;0,1;0,01818181818181818;LLGC;0,9;20;mnist;6;1;edgebetweenness;4,29963140000109;1000,0;784,0;8,0
2978;0,10375;0,025591198265967202;LLGC;0,9;20;mnist;6;1;edgebetweenness;4,4867816000005405;1000,0;784,0;9,0
2979;0,16125;0,10603231063042469;LLGC;0,9;20;mnist;6;1;edgebetweenness;4,265067199998157;1000,0;784,0;10,0
2980;0,11375;0,04497211388316328;LLGC;0,9;20;mnist;6;1;edgebetweenness;4,313988199999585;1000,0;784,0;11,0
2981;0,12125;0,05594576395946517;LLGC;0,9;20;mnist;6;1;edgebetweenness;4,385121499999514;1000,0;784,0;12,0
2982;0,17375;0,12423734335118423;LLGC;0,9;20;mnist;6;1;edgebetweenness;4,3372115999991365;1000,0;784,0;13,0
2983;0,14625;0,09890425258796222;LLGC;0,9;20;mnist;6;1;edgebetweenness;4,414757200000167;1000,0;784,0;14,0
2984;0,14;0,08328845216440654;LLGC;0,9;20;mnist;6;1;edgebetweenness;4,4155940000018745;1000,0;784,0;15,0
2985;0,13;0,06558733023119649;LLGC;0,9;20;mnist;6;1;edgebetweenness;4,34711089999837;1000,0;784,0;16,0
2986;0,17;0,10216814099603408;LLGC;0,9;20;mnist;6;1;edgebetweenness;4,4745517000010295;1000,0;784,0;17,0
2987;0,185;0,09002601263470829;LLGC;0,9;20;mnist;6;1;edgebetweenness;4,148011600002064;1000,0;784,0;18,0
2988;0,1575;0,11178335550354557;LLGC;0,9;20;mnist;6;1;edgebetweenness;4,699756400001206;1000,0;784,0;19,0
2989;0,13625;0,06933475896262911;LLGC;0,9;20;mnist;6;1;edgebetweenness;4,4099059000000125;1000,0;784,0;20,0
2990;0,1175;0,050455908077584474;LLGC;0,9;20;mnist;6;1;edgebetweenness;5,752588100000139;1000,0;784,0;21,0
2991;0,10625;0,030050420168067228;LLGC;0,9;20;mnist;6;1;edgebetweenness;5,116253200001665;1000,0;784,0;22,0
2992;0,12375;0,05707089014230624;LLGC;0,9;20;mnist;6;1;edgebetweenness;4,898164399997768;1000,0;784,0;23,0
2993;0,1275;0,06669537418539492;LLGC;0,9;20;mnist;6;1;edgebetweenness;4,80706790000113;1000,0;784,0;24,0
2994;0,1175;0,048203359795011794;LLGC;0,9;20;mnist;6;1;edgebetweenness;4,802834400001302;1000,0;784,0;25,0
2995;0,13625;0,07816183462222966;LLGC;0,9;20;mnist;6;1;edgebetweenness;4,7009953999986465;1000,0;784,0;26,0
2996;0,13375;0,07615801604070134;LLGC;0,9;20;mnist;6;1;edgebetweenness;4,7485095000010915;1000,0;784,0;27,0
2997;0,12625;0,06637753464939547;LLGC;0,9;20;mnist;6;1;edgebetweenness;4,625862799999595;1000,0;784,0;28,0
2998;0,12;0,0524360120626165;LLGC;0,9;20;mnist;6;1;edgebetweenness;4,836008700000093;1000,0;784,0;29,0
2999;0,1475;0,09377296865950369;LLGC;0,9;20;mnist;6;1;edgebetweenness;4,756313999998383;1000,0;784,0;30,0
