;Accuracy;f1_score_macro;Method;Alpha;Samples_labeled;Dataset;Neighbors;Resolution;ADC;Time;Qnt_Amostras;Qnt_parametros;Execucao
0;0,7235494880546075;0,7206206076587129;PhyDL;0,9;2;heart_2classes;6;1;fastgreedy;10,667727100000775;297,0;13,0;1,0
1;0,726962457337884;0,7255526414387411;PhyDL;0,9;2;heart_2classes;6;1;fastgreedy;10,667764199992234;297,0;13,0;2,0
2;0,45733788395904434;0,4203650479638685;PhyDL;0,9;2;heart_2classes;6;1;fastgreedy;10,667721699996036;297,0;13,0;3,0
3;0,6143344709897611;0,5301888666581528;PhyDL;0,9;2;heart_2classes;6;1;fastgreedy;10,667741799996293;297,0;13,0;4,0
4;0,4641638225255973;0,3724711820476093;PhyDL;0,9;2;heart_2classes;6;1;fastgreedy;10,66777529999672;297,0;13,0;5,0
5;0,7508532423208191;0,7433802445140314;PhyDL;0,9;2;heart_2classes;6;1;fastgreedy;10,667725899991638;297,0;13,0;6,0
6;0,7713310580204779;0,768570586501621;PhyDL;0,9;2;heart_2classes;6;1;fastgreedy;10,66775570000027;297,0;13,0;7,0
7;0,6313993174061433;0,5696333369600697;PhyDL;0,9;2;heart_2classes;6;1;fastgreedy;10,667767299994011;297,0;13,0;8,0
8;0,7303754266211604;0,7120052754034315;PhyDL;0,9;2;heart_2classes;6;1;fastgreedy;10,667803199998161;297,0;13,0;9,0
9;0,47440273037542663;0,3619626696832579;PhyDL;0,9;2;heart_2classes;6;1;fastgreedy;10,668139399997017;297,0;13,0;10,0
10;0,7167235494880546;0,6886370910953203;PhyDL;0,9;2;heart_2classes;6;1;fastgreedy;10,66773639999883;297,0;13,0;11,0
11;0,7747440273037542;0,7706811497960345;PhyDL;0,9;2;heart_2classes;6;1;fastgreedy;10,667725100000098;297,0;13,0;12,0
12;0,4948805460750853;0,40289711390174043;PhyDL;0,9;2;heart_2classes;6;1;fastgreedy;10,667733299997053;297,0;13,0;13,0
13;0,6382252559726962;0,6239951573849879;PhyDL;0,9;2;heart_2classes;6;1;fastgreedy;10,667892399993434;297,0;13,0;14,0
14;0,7508532423208191;0,7391744405828913;PhyDL;0,9;2;heart_2classes;6;1;fastgreedy;10,66772979999223;297,0;13,0;15,0
15;0,5972696245733788;0,5076611984506721;PhyDL;0,9;2;heart_2classes;6;1;fastgreedy;10,667827499994019;297,0;13,0;16,0
16;0,7542662116040956;0,753919372900336;PhyDL;0,9;2;heart_2classes;6;1;fastgreedy;10,667729300002975;297,0;13,0;17,0
17;0,726962457337884;0,7177263969171483;PhyDL;0,9;2;heart_2classes;6;1;fastgreedy;10,667727499996545;297,0;13,0;18,0
18;0,6006825938566553;0,5806759384976699;PhyDL;0,9;2;heart_2classes;6;1;fastgreedy;10,66772079999646;297,0;13,0;19,0
19;0,5836177474402731;0,4795888655951549;PhyDL;0,9;2;heart_2classes;6;1;fastgreedy;10,667775599999004;297,0;13,0;20,0
20;0,6928327645051194;0,6779433317049341;PhyDL;0,9;2;heart_2classes;6;1;fastgreedy;10,66772679999849;297,0;13,0;21,0
21;0,6040955631399317;0,5089007051207953;PhyDL;0,9;2;heart_2classes;6;1;fastgreedy;10,667727100000775;297,0;13,0;22,0
22;0,7064846416382252;0,67360103626943;PhyDL;0,9;2;heart_2classes;6;1;fastgreedy;10,667725799998152;297,0;13,0;23,0
23;0,658703071672355;0,6289260385005067;PhyDL;0,9;2;heart_2classes;6;1;fastgreedy;10,667742999990878;297,0;13,0;24,0
24;0,6689419795221843;0,6309584096191552;PhyDL;0,9;2;heart_2classes;6;1;fastgreedy;10,667731399997137;297,0;13,0;25,0
25;0,7235494880546075;0,7171713560473347;PhyDL;0,9;2;heart_2classes;6;1;fastgreedy;10,667727299995022;297,0;13,0;26,0
26;0,7781569965870307;0,7781569965870307;PhyDL;0,9;2;heart_2classes;6;1;fastgreedy;10,667740299999423;297,0;13,0;27,0
27;0,590443686006826;0,515862524785195;PhyDL;0,9;2;heart_2classes;6;1;fastgreedy;10,667861499998253;297,0;13,0;28,0
28;0,46075085324232085;0,3741347609777201;PhyDL;0,9;2;heart_2classes;6;1;fastgreedy;10,667724899991299;297,0;13,0;29,0
29;0,7815699658703071;0,7762931857224662;PhyDL;0,9;2;heart_2classes;6;1;fastgreedy;10,667755499998748;297,0;13,0;30,0
30;0,7064846416382252;0,7031618132127038;LLGC;0,9;2;heart_2classes;6;1;fastgreedy;0,03440700000646757;297,0;13,0;1,0
31;0,7337883959044369;0,7321378340365683;LLGC;0,9;2;heart_2classes;6;1;fastgreedy;0,04653160000452772;297,0;13,0;2,0
32;0,5324232081911263;0,518398541074278;LLGC;0,9;2;heart_2classes;6;1;fastgreedy;0,03009100000053877;297,0;13,0;3,0
33;0,6416382252559727;0,5634498318504959;LLGC;0,9;2;heart_2classes;6;1;fastgreedy;0,03376440000283765;297,0;13,0;4,0
34;0,47440273037542663;0,34802334990174544;LLGC;0,9;2;heart_2classes;6;1;fastgreedy;0,04337050000322051;297,0;13,0;5,0
35;0,7610921501706485;0,7547824007651841;LLGC;0,9;2;heart_2classes;6;1;fastgreedy;0,032243100002233405;297,0;13,0;6,0
36;0,7952218430034129;0,7882947976878613;LLGC;0,9;2;heart_2classes;6;1;fastgreedy;0,029801500000758097;297,0;13,0;7,0
37;0,6689419795221843;0,6048522766770942;LLGC;0,9;2;heart_2classes;6;1;fastgreedy;0,02329720000125235;297,0;13,0;8,0
38;0,7542662116040956;0,7328267477203647;LLGC;0,9;2;heart_2classes;6;1;fastgreedy;0,024596099996415433;297,0;13,0;9,0
39;0,4709897610921502;0,3462175196141942;LLGC;0,9;2;heart_2classes;6;1;fastgreedy;0,03032530000200495;297,0;13,0;10,0
40;0,7303754266211604;0,703642532488317;LLGC;0,9;2;heart_2classes;6;1;fastgreedy;0,22255659999791533;297,0;13,0;11,0
41;0,7952218430034129;0,791528317996395;LLGC;0,9;2;heart_2classes;6;1;fastgreedy;0,059302599998773076;297,0;13,0;12,0
42;0,4709897610921502;0,3413247472769729;LLGC;0,9;2;heart_2classes;6;1;fastgreedy;0,05205839999689488;297,0;13,0;13,0
43;0,658703071672355;0,6452784503631961;LLGC;0,9;2;heart_2classes;6;1;fastgreedy;0,0251672000013059;297,0;13,0;14,0
44;0,7713310580204779;0,7620052130690429;LLGC;0,9;2;heart_2classes;6;1;fastgreedy;0,04359949999343371;297,0;13,0;15,0
45;0,6518771331058021;0,5774038461538462;LLGC;0,9;2;heart_2classes;6;1;fastgreedy;0,026032000001578126;297,0;13,0;16,0
46;0,757679180887372;0,7569544238430712;LLGC;0,9;2;heart_2classes;6;1;fastgreedy;0,048083100002259016;297,0;13,0;17,0
47;0,7474402730375427;0,7335054080629302;LLGC;0,9;2;heart_2classes;6;1;fastgreedy;0,028500300002633594;297,0;13,0;18,0
48;0,6040955631399317;0,5873640248640248;LLGC;0,9;2;heart_2classes;6;1;fastgreedy;0,028584800005774014;297,0;13,0;19,0
49;0,5494880546075085;0,37441770186335405;LLGC;0,9;2;heart_2classes;6;1;fastgreedy;0,05086210000445135;297,0;13,0;20,0
50;0,726962457337884;0,7055572304291026;LLGC;0,9;2;heart_2classes;6;1;fastgreedy;0,035034700005780905;297,0;13,0;21,0
51;0,5426621160409556;0,35846405228758166;LLGC;0,9;2;heart_2classes;6;1;fastgreedy;0,03991230000247015;297,0;13,0;22,0
52;0,7030716723549488;0,6639243760629672;LLGC;0,9;2;heart_2classes;6;1;fastgreedy;0,07792770000378368;297,0;13,0;23,0
53;0,7303754266211604;0,7120052754034315;LLGC;0,9;2;heart_2classes;6;1;fastgreedy;0,044839000001957174;297,0;13,0;24,0
54;0,658703071672355;0,6061827956989247;LLGC;0,9;2;heart_2classes;6;1;fastgreedy;0,04455919999600155;297,0;13,0;25,0
55;0,7201365187713311;0,7139761904761905;LLGC;0,9;2;heart_2classes;6;1;fastgreedy;0,05017089999455493;297,0;13,0;26,0
56;0,7542662116040956;0,7541946308724832;LLGC;0,9;2;heart_2classes;6;1;fastgreedy;0,030832500000542495;297,0;13,0;27,0
57;0,5631399317406144;0,4659375712007291;LLGC;0,9;2;heart_2classes;6;1;fastgreedy;0,052460500002780464;297,0;13,0;28,0
58;0,515358361774744;0,43067870826491517;LLGC;0,9;2;heart_2classes;6;1;fastgreedy;0,04853739999816753;297,0;13,0;29,0
59;0,7986348122866894;0,7930815728050751;LLGC;0,9;2;heart_2classes;6;1;fastgreedy;0,09106729999621166;297,0;13,0;30,0
60;0,710801393728223;0,6877367765615783;PhyDL;0,9;4;heart_2classes;6;1;fastgreedy;10,667730599998322;297,0;13,0;1,0
61;0,6445993031358885;0,6067859445519019;PhyDL;0,9;4;heart_2classes;6;1;fastgreedy;10,667827999997826;297,0;13,0;2,0
62;0,7804878048780488;0,7752042072283765;PhyDL;0,9;4;heart_2classes;6;1;fastgreedy;10,667727699998068;297,0;13,0;3,0
63;0,7770034843205574;0,7713830528726476;PhyDL;0,9;4;heart_2classes;6;1;fastgreedy;10,667725999992399;297,0;13,0;4,0
64;0,7770034843205574;0,7762183235867446;PhyDL;0,9;4;heart_2classes;6;1;fastgreedy;10,667732799993246;297,0;13,0;5,0
65;0,6933797909407665;0,6623529411764706;PhyDL;0,9;4;heart_2classes;6;1;fastgreedy;10,667728200001875;297,0;13,0;6,0
66;0,6202090592334495;0,5330407654531071;PhyDL;0,9;4;heart_2classes;6;1;fastgreedy;10,6677423000001;297,0;13,0;7,0
67;0,710801393728223;0,680790619765494;PhyDL;0,9;4;heart_2classes;6;1;fastgreedy;10,667804400000023;297,0;13,0;8,0
68;0,7177700348432056;0,7168901391984217;PhyDL;0,9;4;heart_2classes;6;1;fastgreedy;10,668057800001407;297,0;13,0;9,0
69;0,7560975609756098;0,746798749747933;PhyDL;0,9;4;heart_2classes;6;1;fastgreedy;10,667736699993839;297,0;13,0;10,0
70;0,6202090592334495;0,586449864498645;PhyDL;0,9;4;heart_2classes;6;1;fastgreedy;10,667743499994685;297,0;13,0;11,0
71;0,7804878048780488;0,7803171131765992;PhyDL;0,9;4;heart_2classes;6;1;fastgreedy;10,66772459999629;297,0;13,0;12,0
72;0,7177700348432056;0,6999186771482786;PhyDL;0,9;4;heart_2classes;6;1;fastgreedy;10,667744300000777;297,0;13,0;13,0
73;0,6655052264808362;0,6243455497382199;PhyDL;0,9;4;heart_2classes;6;1;fastgreedy;10,667766099999426;297,0;13,0;14,0
74;0,5923344947735192;0,5695717380436593;PhyDL;0,9;4;heart_2classes;6;1;fastgreedy;10,667882899993856;297,0;13,0;15,0
75;0,7317073170731707;0,7263925515977665;PhyDL;0,9;4;heart_2classes;6;1;fastgreedy;10,667733899994346;297,0;13,0;16,0
76;0,6794425087108014;0,6662790697674419;PhyDL;0,9;4;heart_2classes;6;1;fastgreedy;10,667743699996208;297,0;13,0;17,0
77;0,7735191637630662;0,7729789590254706;PhyDL;0,9;4;heart_2classes;6;1;fastgreedy;10,667824700001802;297,0;13,0;18,0
78;0,5749128919860628;0,493607543676964;PhyDL;0,9;4;heart_2classes;6;1;fastgreedy;10,667722199999844;297,0;13,0;19,0
79;0,7247386759581882;0,7002710027100271;PhyDL;0,9;4;heart_2classes;6;1;fastgreedy;10,667724300001282;297,0;13,0;20,0
80;0,6027874564459931;0,5268136063866713;PhyDL;0,9;4;heart_2classes;6;1;fastgreedy;10,66774909999367;297,0;13,0;21,0
81;0,7247386759581882;0,7130181634073793;PhyDL;0,9;4;heart_2classes;6;1;fastgreedy;10,667904800000542;297,0;13,0;22,0
82;0,6585365853658537;0,6289837484170536;PhyDL;0,9;4;heart_2classes;6;1;fastgreedy;10,66777049999655;297,0;13,0;23,0
83;0,6689895470383276;0,6440275220973196;PhyDL;0,9;4;heart_2classes;6;1;fastgreedy;10,667728599997645;297,0;13,0;24,0
84;0,7839721254355401;0,7836543137827059;PhyDL;0,9;4;heart_2classes;6;1;fastgreedy;10,66772459999629;297,0;13,0;25,0
85;0,7038327526132404;0,6760851380239798;PhyDL;0,9;4;heart_2classes;6;1;fastgreedy;10,667767999999342;297,0;13,0;26,0
86;0,6585365853658537;0,6539616141732283;PhyDL;0,9;4;heart_2classes;6;1;fastgreedy;10,667775599999004;297,0;13,0;27,0
87;0,6933797909407665;0,6721703011422637;PhyDL;0,9;4;heart_2classes;6;1;fastgreedy;10,667722300000605;297,0;13,0;28,0
88;0,7247386759581882;0,7231116810160592;PhyDL;0,9;4;heart_2classes;6;1;fastgreedy;10,66772679999849;297,0;13,0;29,0
89;0,6794425087108014;0,641833966359197;PhyDL;0,9;4;heart_2classes;6;1;fastgreedy;10,667761899996549;297,0;13,0;30,0
90;0,6968641114982579;0,6549765783691912;LLGC;0,9;4;heart_2classes;6;1;fastgreedy;0,1020213000010699;297,0;13,0;1,0
91;0,6550522648083623;0,5789731051344744;LLGC;0,9;4;heart_2classes;6;1;fastgreedy;0,027373000004445203;297,0;13,0;2,0
92;0,818815331010453;0,8124183006535948;LLGC;0,9;4;heart_2classes;6;1;fastgreedy;0,03810090000479249;297,0;13,0;3,0
93;0,7874564459930313;0,7828050369083803;LLGC;0,9;4;heart_2classes;6;1;fastgreedy;0,023920200001157355;297,0;13,0;4,0
94;0,794425087108014;0,7936132610152964;LLGC;0,9;4;heart_2classes;6;1;fastgreedy;0,08034040000347886;297,0;13,0;5,0
95;0,7142857142857143;0,6738997893803347;LLGC;0,9;4;heart_2classes;6;1;fastgreedy;0,10297159999754513;297,0;13,0;6,0
96;0,6027874564459931;0,48556603773584905;LLGC;0,9;4;heart_2classes;6;1;fastgreedy;0,044144999999844;297,0;13,0;7,0
97;0,7491289198606271;0,7285624211853721;LLGC;0,9;4;heart_2classes;6;1;fastgreedy;0,04129970000212779;297,0;13,0;8,0
98;0,7491289198606271;0,7487598482637876;LLGC;0,9;4;heart_2classes;6;1;fastgreedy;0,030281400002422743;297,0;13,0;9,0
99;0,7770034843205574;0,7678463094034378;LLGC;0,9;4;heart_2classes;6;1;fastgreedy;0,07080459999997402;297,0;13,0;10,0
100;0,6341463414634146;0,5534563236274728;LLGC;0,9;4;heart_2classes;6;1;fastgreedy;0,026213299999653827;297,0;13,0;11,0
101;0,7804878048780488;0,780445156824888;LLGC;0,9;4;heart_2classes;6;1;fastgreedy;0,0998600000020815;297,0;13,0;12,0
102;0,7421602787456446;0,7147270578121643;LLGC;0,9;4;heart_2classes;6;1;fastgreedy;0,02932419999706326;297,0;13,0;13,0
103;0,7282229965156795;0,6963374932175801;LLGC;0,9;4;heart_2classes;6;1;fastgreedy;0,031935400002112146;297,0;13,0;14,0
104;0,6236933797909407;0,5961117481496925;LLGC;0,9;4;heart_2classes;6;1;fastgreedy;0,32234360000438755;297,0;13,0;15,0
105;0,7665505226480837;0,7643071643071643;LLGC;0,9;4;heart_2classes;6;1;fastgreedy;0,09041879999858793;297,0;13,0;16,0
106;0,6933797909407665;0,6538377192982456;LLGC;0,9;4;heart_2classes;6;1;fastgreedy;0,04363369999919087;297,0;13,0;17,0
107;0,7909407665505227;0,7900204858062628;LLGC;0,9;4;heart_2classes;6;1;fastgreedy;0,028545799999847077;297,0;13,0;18,0
108;0,5888501742160279;0,4580399436691845;LLGC;0,9;4;heart_2classes;6;1;fastgreedy;0,0676510999983293;297,0;13,0;19,0
109;0,7630662020905923;0,7446886446886447;LLGC;0,9;4;heart_2classes;6;1;fastgreedy;0,02832219999982044;297,0;13,0;20,0
110;0,578397212543554;0,4365518472247011;LLGC;0,9;4;heart_2classes;6;1;fastgreedy;0,04703010000230279;297,0;13,0;21,0
111;0,7421602787456446;0,7210224884405212;LLGC;0,9;4;heart_2classes;6;1;fastgreedy;0,05140599999867845;297,0;13,0;22,0
112;0,6829268292682927;0,6283282813189316;LLGC;0,9;4;heart_2classes;6;1;fastgreedy;0,02424040000187233;297,0;13,0;23,0
113;0,7317073170731707;0,7038659966499162;LLGC;0,9;4;heart_2classes;6;1;fastgreedy;0,10465599999588449;297,0;13,0;24,0
114;0,8083623693379791;0,8074271980870817;LLGC;0,9;4;heart_2classes;6;1;fastgreedy;0,03129169999738224;297,0;13,0;25,0
115;0,6655052264808362;0,6223684210526316;LLGC;0,9;4;heart_2classes;6;1;fastgreedy;0,032187700002396014;297,0;13,0;26,0
116;0,6550522648083623;0,641399416909621;LLGC;0,9;4;heart_2classes;6;1;fastgreedy;0,04508499999792548;297,0;13,0;27,0
117;0,6829268292682927;0,6328427031054503;LLGC;0,9;4;heart_2classes;6;1;fastgreedy;0,029539800001657568;297,0;13,0;28,0
118;0,7909407665505227;0,7903681340085703;LLGC;0,9;4;heart_2classes;6;1;fastgreedy;0,10762509999767644;297,0;13,0;29,0
119;0,6689895470383276;0,6095238095238095;LLGC;0,9;4;heart_2classes;6;1;fastgreedy;0,1792042999950354;297,0;13,0;30,0
120;0,7295373665480427;0,7110930735930736;PhyDL;0,9;6;heart_2classes;6;1;fastgreedy;10,66772889999993;297,0;13,0;1,0
121;0,6298932384341637;0,6273969808241534;PhyDL;0,9;6;heart_2classes;6;1;fastgreedy;10,667729900000268;297,0;13,0;2,0
122;0,7046263345195729;0,687380202399303;PhyDL;0,9;6;heart_2classes;6;1;fastgreedy;10,667734800001199;297,0;13,0;3,0
123;0,7508896797153025;0,7464944839674194;PhyDL;0,9;6;heart_2classes;6;1;fastgreedy;10,667760699994687;297,0;13,0;4,0
124;0,5729537366548043;0,5401985382349732;PhyDL;0,9;6;heart_2classes;6;1;fastgreedy;10,667735199996969;297,0;13,0;5,0
125;0,7224199288256228;0,7137147335423197;PhyDL;0,9;6;heart_2classes;6;1;fastgreedy;10,667744099991978;297,0;13,0;6,0
126;0,7295373665480427;0,719560878243513;PhyDL;0,9;6;heart_2classes;6;1;fastgreedy;10,66772559999663;297,0;13,0;7,0
127;0,7188612099644128;0,7063507811156527;PhyDL;0,9;6;heart_2classes;6;1;fastgreedy;10,667820399998163;297,0;13,0;8,0
128;0,7046263345195729;0,7002377739219845;PhyDL;0,9;6;heart_2classes;6;1;fastgreedy;10,66772349999519;297,0;13,0;9,0
129;0,7188612099644128;0,715167378780297;PhyDL;0,9;6;heart_2classes;6;1;fastgreedy;10,667732200003229;297,0;13,0;10,0
130;0,7651245551601423;0,7605113636363636;PhyDL;0,9;6;heart_2classes;6;1;fastgreedy;10,667749599997478;297,0;13,0;11,0
131;0,604982206405694;0,5334948624758828;PhyDL;0,9;6;heart_2classes;6;1;fastgreedy;10,667725699990115;297,0;13,0;12,0
132;0,7259786476868327;0,7203112679515518;PhyDL;0,9;6;heart_2classes;6;1;fastgreedy;10,667729900000268;297,0;13,0;13,0
133;0,697508896797153;0,6940213422835987;PhyDL;0,9;6;heart_2classes;6;1;fastgreedy;10,667717999996967;297,0;13,0;14,0
134;0,7402135231316725;0,7269193391642371;PhyDL;0,9;6;heart_2classes;6;1;fastgreedy;10,667838000001211;297,0;13,0;15,0
135;0,7793594306049823;0,7787289168868117;PhyDL;0,9;6;heart_2classes;6;1;fastgreedy;10,667722899997898;297,0;13,0;16,0
136;0,7793594306049823;0,7740688868139849;PhyDL;0,9;6;heart_2classes;6;1;fastgreedy;10,667729899992992;297,0;13,0;17,0
137;0,7508896797153025;0,7489021650326797;PhyDL;0,9;6;heart_2classes;6;1;fastgreedy;10,667727899992315;297,0;13,0;18,0
138;0,7615658362989324;0,7611302130251087;PhyDL;0,9;6;heart_2classes;6;1;fastgreedy;10,667977899996913;297,0;13,0;19,0
139;0,7117437722419929;0,7044985394352483;PhyDL;0,9;6;heart_2classes;6;1;fastgreedy;10,667730799999845;297,0;13,0;20,0
140;0,6903914590747331;0,6857914015808753;PhyDL;0,9;6;heart_2classes;6;1;fastgreedy;10,667733100002806;297,0;13,0;21,0
141;0,5587188612099644;0,5460183447988326;PhyDL;0,9;6;heart_2classes;6;1;fastgreedy;10,667727299995022;297,0;13,0;22,0
142;0,7686832740213523;0,7604810050224897;PhyDL;0,9;6;heart_2classes;6;1;fastgreedy;10,667796499998076;297,0;13,0;23,0
143;0,6441281138790036;0,5837776987794763;PhyDL;0,9;6;heart_2classes;6;1;fastgreedy;10,667739899996377;297,0;13,0;24,0
144;0,708185053380783;0,6772467503361721;PhyDL;0,9;6;heart_2classes;6;1;fastgreedy;10,667725100000098;297,0;13,0;25,0
145;0,6120996441281139;0,5831938490848472;PhyDL;0,9;6;heart_2classes;6;1;fastgreedy;10,667725199993583;297,0;13,0;26,0
146;0,6192170818505338;0,6057148851908678;PhyDL;0,9;6;heart_2classes;6;1;fastgreedy;10,667726200001198;297,0;13,0;27,0
147;0,7793594306049823;0,7735520432567329;PhyDL;0,9;6;heart_2classes;6;1;fastgreedy;10,667733700000099;297,0;13,0;28,0
148;0,7935943060498221;0,7913722478238607;PhyDL;0,9;6;heart_2classes;6;1;fastgreedy;10,66782539999258;297,0;13,0;29,0
149;0,6476868327402135;0,6166122297101748;PhyDL;0,9;6;heart_2classes;6;1;fastgreedy;10,667726599996968;297,0;13,0;30,0
150;0,7153024911032029;0,6785632578357356;LLGC;0,9;6;heart_2classes;6;1;fastgreedy;0,053413200002978556;297,0;13,0;1,0
151;0,7330960854092526;0,7132067768932435;LLGC;0,9;6;heart_2classes;6;1;fastgreedy;0,023338899998634588;297,0;13,0;2,0
152;0,697508896797153;0,6536448137352997;LLGC;0,9;6;heart_2classes;6;1;fastgreedy;0,02719230000366224;297,0;13,0;3,0
153;0,7900355871886121;0,7861243340170543;LLGC;0,9;6;heart_2classes;6;1;fastgreedy;0,024407299999438692;297,0;13,0;4,0
154;0,5516014234875445;0,37621564482029596;LLGC;0,9;6;heart_2classes;6;1;fastgreedy;0,029807400002027862;297,0;13,0;5,0
155;0,7580071174377224;0,746039340776183;LLGC;0,9;6;heart_2classes;6;1;fastgreedy;0,031565600002068095;297,0;13,0;6,0
156;0,7402135231316725;0,7119648398556524;LLGC;0,9;6;heart_2classes;6;1;fastgreedy;0,052196899996488355;297,0;13,0;7,0
157;0,8291814946619217;0,8223767383059418;LLGC;0,9;6;heart_2classes;6;1;fastgreedy;0,0278556999983266;297,0;13,0;8,0
158;0,7473309608540926;0,7444178270839472;LLGC;0,9;6;heart_2classes;6;1;fastgreedy;0,02975719999813009;297,0;13,0;9,0
159;0,7402135231316725;0,7376082479501644;LLGC;0,9;6;heart_2classes;6;1;fastgreedy;0,02446300000156043;297,0;13,0;10,0
160;0,8220640569395018;0,8198717948717948;LLGC;0,9;6;heart_2classes;6;1;fastgreedy;0,037394400002085604;297,0;13,0;11,0
161;0,5516014234875445;0,37621564482029596;LLGC;0,9;6;heart_2classes;6;1;fastgreedy;0,029121800005668774;297,0;13,0;12,0
162;0,7615658362989324;0,743798054024631;LLGC;0,9;6;heart_2classes;6;1;fastgreedy;0,05708629999571713;297,0;13,0;13,0
163;0,7722419928825622;0,7717534775104071;LLGC;0,9;6;heart_2classes;6;1;fastgreedy;0,02624140000261832;297,0;13,0;14,0
164;0,8149466192170819;0,8070054945054945;LLGC;0,9;6;heart_2classes;6;1;fastgreedy;0,03837770000245655;297,0;13,0;15,0
165;0,8291814946619217;0,827589733101544;LLGC;0,9;6;heart_2classes;6;1;fastgreedy;0,02919590000237804;297,0;13,0;16,0
166;0,8185053380782918;0,8120697116330304;LLGC;0,9;6;heart_2classes;6;1;fastgreedy;0,025095500001043547;297,0;13,0;17,0
167;0,8291814946619217;0,827076923076923;LLGC;0,9;6;heart_2classes;6;1;fastgreedy;0,03101060000335565;297,0;13,0;18,0
168;0,8042704626334519;0,803063317914803;LLGC;0,9;6;heart_2classes;6;1;fastgreedy;0,025424699997529387;297,0;13,0;19,0
169;0,7580071174377224;0,7568956743002544;LLGC;0,9;6;heart_2classes;6;1;fastgreedy;0,025597100000595674;297,0;13,0;20,0
170;0,701067615658363;0,6951962809917356;LLGC;0,9;6;heart_2classes;6;1;fastgreedy;0,07970299999578856;297,0;13,0;21,0
171;0,5480427046263345;0,49109447415329766;LLGC;0,9;6;heart_2classes;6;1;fastgreedy;0,02491089999966789;297,0;13,0;22,0
172;0,797153024911032;0,788763600395648;LLGC;0,9;6;heart_2classes;6;1;fastgreedy;0,2250311000025249;297,0;13,0;23,0
173;0,5658362989323843;0,4082780999723833;LLGC;0,9;6;heart_2classes;6;1;fastgreedy;0,04277790000196546;297,0;13,0;24,0
174;0,7153024911032029;0,6835585585585586;LLGC;0,9;6;heart_2classes;6;1;fastgreedy;0,03056599999399623;297,0;13,0;25,0
175;0,6583629893238434;0,5951980792316927;LLGC;0,9;6;heart_2classes;6;1;fastgreedy;0,0309689999994589;297,0;13,0;26,0
176;0,6192170818505338;0,5983837574300408;LLGC;0,9;6;heart_2classes;6;1;fastgreedy;0,030525599999236874;297,0;13,0;27,0
177;0,8078291814946619;0,8051417711115677;LLGC;0,9;6;heart_2classes;6;1;fastgreedy;0,05869689999963157;297,0;13,0;28,0
178;0,8185053380782918;0,8154767269683898;LLGC;0,9;6;heart_2classes;6;1;fastgreedy;0,02610409999761032;297,0;13,0;29,0
179;0,701067615658363;0,6546699438202247;LLGC;0,9;6;heart_2classes;6;1;fastgreedy;0,03457299999718089;297,0;13,0;30,0
180;0,7636363636363637;0,7636238610967853;PhyDL;0,9;8;heart_2classes;6;1;fastgreedy;10,667721199999505;297,0;13,0;1,0
181;0,7418181818181818;0,7343862656273381;PhyDL;0,9;8;heart_2classes;6;1;fastgreedy;10,667750699998578;297,0;13,0;2,0
182;0,7527272727272727;0,7371232568600989;PhyDL;0,9;8;heart_2classes;6;1;fastgreedy;10,667789099999936;297,0;13,0;3,0
183;0,7454545454545455;0,7340278545374157;PhyDL;0,9;8;heart_2classes;6;1;fastgreedy;10,66778820000036;297,0;13,0;4,0
184;0,7454545454545455;0,74504662004662;PhyDL;0,9;8;heart_2classes;6;1;fastgreedy;10,667864800001553;297,0;13,0;5,0
185;0,7454545454545455;0,7442336309523809;PhyDL;0,9;8;heart_2classes;6;1;fastgreedy;10,667823599993426;297,0;13,0;6,0
186;0,7090909090909091;0,6978686003076247;PhyDL;0,9;8;heart_2classes;6;1;fastgreedy;10,667794399996637;297,0;13,0;7,0
187;0,6727272727272727;0,66669360051713;PhyDL;0,9;8;heart_2classes;6;1;fastgreedy;10,667720899989945;297,0;13,0;8,0
188;0,7454545454545455;0,7363880368098159;PhyDL;0,9;8;heart_2classes;6;1;fastgreedy;10,66775239999697;297,0;13,0;9,0
189;0,7018181818181818;0,6920408609199169;PhyDL;0,9;8;heart_2classes;6;1;fastgreedy;10,667731399997137;297,0;13,0;10,0
190;0,7672727272727272;0,7634408602150538;PhyDL;0,9;8;heart_2classes;6;1;fastgreedy;10,667733799993584;297,0;13,0;11,0
191;0,7381818181818182;0,7374005305039788;PhyDL;0,9;8;heart_2classes;6;1;fastgreedy;10,667960899998434;297,0;13,0;12,0
192;0,6763636363636364;0,644780191869494;PhyDL;0,9;8;heart_2classes;6;1;fastgreedy;10,66783499999292;297,0;13,0;13,0
193;0,7527272727272727;0,7517786980991823;PhyDL;0,9;8;heart_2classes;6;1;fastgreedy;10,667719899996882;297,0;13,0;14,0
194;0,7709090909090909;0,7654377817792881;PhyDL;0,9;8;heart_2classes;6;1;fastgreedy;10,667734699993161;297,0;13,0;15,0
195;0,6436363636363637;0,6040025861055601;PhyDL;0,9;8;heart_2classes;6;1;fastgreedy;10,667718799995782;297,0;13,0;16,0
196;0,730909090909091;0,7196969696969697;PhyDL;0,9;8;heart_2classes;6;1;fastgreedy;10,66778609999892;297,0;13,0;17,0
197;0,72;0,7087705786078753;PhyDL;0,9;8;heart_2classes;6;1;fastgreedy;10,667725100000098;297,0;13,0;18,0
198;0,6618181818181819;0,6471878491909118;PhyDL;0,9;8;heart_2classes;6;1;fastgreedy;10,667725899998914;297,0;13,0;19,0
199;0,76;0,7569109611057538;PhyDL;0,9;8;heart_2classes;6;1;fastgreedy;10,667739199998323;297,0;13,0;20,0
200;0,6836363636363636;0,6815985946420728;PhyDL;0,9;8;heart_2classes;6;1;fastgreedy;10,667991800000891;297,0;13,0;21,0
201;0,6945454545454546;0,6787383177570093;PhyDL;0,9;8;heart_2classes;6;1;fastgreedy;10,667725999999675;297,0;13,0;22,0
202;0,72;0,7198666472634907;PhyDL;0,9;8;heart_2classes;6;1;fastgreedy;10,667765999998664;297,0;13,0;23,0
203;0,7236363636363636;0,7235449735449735;PhyDL;0,9;8;heart_2classes;6;1;fastgreedy;10,667731699992146;297,0;13,0;24,0
204;0,7563636363636363;0,7555360957422813;PhyDL;0,9;8;heart_2classes;6;1;fastgreedy;10,667908399991575;297,0;13,0;25,0
205;0,7418181818181818;0,7398366400618264;PhyDL;0,9;8;heart_2classes;6;1;fastgreedy;10,66772409999976;297,0;13,0;26,0
206;0,7418181818181818;0,7204684390614039;PhyDL;0,9;8;heart_2classes;6;1;fastgreedy;10,667723999998998;297,0;13,0;27,0
207;0,7381818181818182;0,735237483953787;PhyDL;0,9;8;heart_2classes;6;1;fastgreedy;10,66772520000086;297,0;13,0;28,0
208;0,7527272727272727;0,7452871308706549;PhyDL;0,9;8;heart_2classes;6;1;fastgreedy;10,667915299993183;297,0;13,0;29,0
209;0,7781818181818182;0,7751370625058646;PhyDL;0,9;8;heart_2classes;6;1;fastgreedy;10,667719899996882;297,0;13,0;30,0
210;0,7963636363636364;0,796037296037296;LLGC;0,9;8;heart_2classes;6;1;fastgreedy;0,02987569999822881;297,0;13,0;1,0
211;0,7418181818181818;0,717948717948718;LLGC;0,9;8;heart_2classes;6;1;fastgreedy;0,04774339999858057;297,0;13,0;2,0
212;0,7054545454545454;0,6626073522061162;LLGC;0,9;8;heart_2classes;6;1;fastgreedy;0,03523210000275867;297,0;13,0;3,0
213;0,7490909090909091;0,718992965568308;LLGC;0,9;8;heart_2classes;6;1;fastgreedy;0,042646699999750126;297,0;13,0;4,0
214;0,8109090909090909;0,8070279607038757;LLGC;0,9;8;heart_2classes;6;1;fastgreedy;0,07204929999716114;297,0;13,0;5,0
215;0,7781818181818182;0,7778881165177094;LLGC;0,9;8;heart_2classes;6;1;fastgreedy;0,04455380000581499;297,0;13,0;6,0
216;0,7490909090909091;0,7327502429543246;LLGC;0,9;8;heart_2classes;6;1;fastgreedy;0,026154099999985192;297,0;13,0;7,0
217;0,6581818181818182;0,6469736698350268;LLGC;0,9;8;heart_2classes;6;1;fastgreedy;0,02280639999662526;297,0;13,0;8,0
218;0,8181818181818182;0,8106060606060606;LLGC;0,9;8;heart_2classes;6;1;fastgreedy;0,029635799997777212;297,0;13,0;9,0
219;0,8290909090909091;0,8241711899223224;LLGC;0,9;8;heart_2classes;6;1;fastgreedy;0,07543560000340221;297,0;13,0;10,0
220;0,8145454545454546;0,8128727534723612;LLGC;0,9;8;heart_2classes;6;1;fastgreedy;0,02373329999682028;297,0;13,0;11,0
221;0,8072727272727273;0,8012165682410224;LLGC;0,9;8;heart_2classes;6;1;fastgreedy;0,05005910000181757;297,0;13,0;12,0
222;0,610909090909091;0,498935717326522;LLGC;0,9;8;heart_2classes;6;1;fastgreedy;0,030924499995307997;297,0;13,0;13,0
223;0,8181818181818182;0,8148297780650722;LLGC;0,9;8;heart_2classes;6;1;fastgreedy;0,028290099995501805;297,0;13,0;14,0
224;0,7381818181818182;0,7119413407821229;LLGC;0,9;8;heart_2classes;6;1;fastgreedy;0,03152099999715574;297,0;13,0;15,0
225;0,6218181818181818;0,5272414705104469;LLGC;0,9;8;heart_2classes;6;1;fastgreedy;0,038303900000755675;297,0;13,0;16,0
226;0,7563636363636363;0,7312925666117343;LLGC;0,9;8;heart_2classes;6;1;fastgreedy;0,03516010000021197;297,0;13,0;17,0
227;0,7709090909090909;0,7530257024333917;LLGC;0,9;8;heart_2classes;6;1;fastgreedy;0,028357400005916134;297,0;13,0;18,0
228;0,5709090909090909;0,41787456946039037;LLGC;0,9;8;heart_2classes;6;1;fastgreedy;0,026707299999543466;297,0;13,0;19,0
229;0,8072727272727273;0,7976397084345713;LLGC;0,9;8;heart_2classes;6;1;fastgreedy;0,030780599998252;297,0;13,0;20,0
230;0,7272727272727273;0,7239879558380728;LLGC;0,9;8;heart_2classes;6;1;fastgreedy;0,02320250000047963;297,0;13,0;21,0
231;0,6036363636363636;0,4849744849744849;LLGC;0,9;8;heart_2classes;6;1;fastgreedy;0,030042099999263883;297,0;13,0;22,0
232;0,7963636363636364;0,7961452928094885;LLGC;0,9;8;heart_2classes;6;1;fastgreedy;0,02694300000439398;297,0;13,0;23,0
233;0,7890909090909091;0,7873333333333333;LLGC;0,9;8;heart_2classes;6;1;fastgreedy;0,19341239999630488;297,0;13,0;24,0
234;0,8072727272727273;0,7995433852755505;LLGC;0,9;8;heart_2classes;6;1;fastgreedy;0,06819069999619387;297,0;13,0;25,0
235;0,8109090909090909;0,8011237205162438;LLGC;0,9;8;heart_2classes;6;1;fastgreedy;0,03663110000343295;297,0;13,0;26,0
236;0,6872727272727273;0,631482174021441;LLGC;0,9;8;heart_2classes;6;1;fastgreedy;0,029353900004934985;297,0;13,0;27,0
237;0,8290909090909091;0,8261109392027337;LLGC;0,9;8;heart_2classes;6;1;fastgreedy;0,03640099999756785;297,0;13,0;28,0
238;0,7890909090909091;0,773102310231023;LLGC;0,9;8;heart_2classes;6;1;fastgreedy;0,02926850000221748;297,0;13,0;29,0
239;0,8327272727272728;0,8305743062252223;LLGC;0,9;8;heart_2classes;6;1;fastgreedy;0,028127199999289587;297,0;13,0;30,0
240;0,7434944237918215;0,7434376943810905;PhyDL;0,9;10;heart_2classes;6;1;fastgreedy;10,66774419999274;297,0;13,0;1,0
241;0,7397769516728625;0,7329532561833447;PhyDL;0,9;10;heart_2classes;6;1;fastgreedy;10,667746300001454;297,0;13,0;2,0
242;0,7509293680297398;0,7452975509108124;PhyDL;0,9;10;heart_2classes;6;1;fastgreedy;10,667737099996884;297,0;13,0;3,0
243;0,7472118959107806;0,7344367015098723;PhyDL;0,9;10;heart_2classes;6;1;fastgreedy;10,667824399999517;297,0;13,0;4,0
244;0,7546468401486989;0,7447377501725327;PhyDL;0,9;10;heart_2classes;6;1;fastgreedy;10,667728599997645;297,0;13,0;5,0
245;0,7137546468401487;0,7066022635522756;PhyDL;0,9;10;heart_2classes;6;1;fastgreedy;10,667728799991892;297,0;13,0;6,0
246;0,7360594795539034;0,7231908633708712;PhyDL;0,9;10;heart_2classes;6;1;fastgreedy;10,667742199999338;297,0;13,0;7,0
247;0,7397769516728625;0,7190893901420217;PhyDL;0,9;10;heart_2classes;6;1;fastgreedy;10,667728400003398;297,0;13,0;8,0
248;0,7769516728624535;0,7686353211009174;PhyDL;0,9;10;heart_2classes;6;1;fastgreedy;10,667727299995022;297,0;13,0;9,0
249;0,6617100371747212;0,6475052199582403;PhyDL;0,9;10;heart_2classes;6;1;fastgreedy;10,667725499995868;297,0;13,0;10,0
250;0,7397769516728625;0,7389652877897306;PhyDL;0,9;10;heart_2classes;6;1;fastgreedy;10,667723999991722;297,0;13,0;11,0
251;0,7881040892193308;0,7861058798911906;PhyDL;0,9;10;heart_2classes;6;1;fastgreedy;10,667725199993583;297,0;13,0;12,0
252;0,7434944237918215;0,7425837320574162;PhyDL;0,9;10;heart_2classes;6;1;fastgreedy;10,667742099998577;297,0;13,0;13,0
253;0,7657992565055762;0,760503667274346;PhyDL;0,9;10;heart_2classes;6;1;fastgreedy;10,667718999997305;297,0;13,0;14,0
254;0,7360594795539034;0,7258136296423905;PhyDL;0,9;10;heart_2classes;6;1;fastgreedy;10,66772569999739;297,0;13,0;15,0
255;0,6840148698884758;0,6775808339326255;PhyDL;0,9;10;heart_2classes;6;1;fastgreedy;10,667727000000014;297,0;13,0;16,0
256;0,7323420074349443;0,7312687312687313;PhyDL;0,9;10;heart_2classes;6;1;fastgreedy;10,667728599997645;297,0;13,0;17,0
257;0,7695167286245354;0,7616066323613493;PhyDL;0,9;10;heart_2classes;6;1;fastgreedy;10,667728000000352;297,0;13,0;18,0
258;0,6505576208178439;0,6211040517861424;PhyDL;0,9;10;heart_2classes;6;1;fastgreedy;10,667723599995952;297,0;13,0;19,0
259;0,7360594795539034;0,7258136296423905;PhyDL;0,9;10;heart_2classes;6;1;fastgreedy;10,667732900001283;297,0;13,0;20,0
260;0,7472118959107806;0,7405831631495348;PhyDL;0,9;10;heart_2classes;6;1;fastgreedy;10,667731799992907;297,0;13,0;21,0
261;0,7732342007434945;0,7727820319315397;PhyDL;0,9;10;heart_2classes;6;1;fastgreedy;10,66772449999553;297,0;13,0;22,0
262;0,7323420074349443;0,7259762308998302;PhyDL;0,9;10;heart_2classes;6;1;fastgreedy;10,667742999998154;297,0;13,0;23,0
263;0,7323420074349443;0,7312687312687313;PhyDL;0,9;10;heart_2classes;6;1;fastgreedy;10,668261299993901;297,0;13,0;24,0
264;0,6914498141263941;0,6821553135454481;PhyDL;0,9;10;heart_2classes;6;1;fastgreedy;10,6677400999979;297,0;13,0;25,0
265;0,6988847583643123;0,6783294211435404;PhyDL;0,9;10;heart_2classes;6;1;fastgreedy;10,667726399995445;297,0;13,0;26,0
266;0,7657992565055762;0,7610305004441813;PhyDL;0,9;10;heart_2classes;6;1;fastgreedy;10,667724999999336;297,0;13,0;27,0
267;0,758364312267658;0,7581504073474694;PhyDL;0,9;10;heart_2classes;6;1;fastgreedy;10,667725399995106;297,0;13,0;28,0
268;0,7323420074349443;0,7253233492171545;PhyDL;0,9;10;heart_2classes;6;1;fastgreedy;10,667726299994683;297,0;13,0;29,0
269;0,7806691449814126;0,7762031670826459;PhyDL;0,9;10;heart_2classes;6;1;fastgreedy;10,66781489999994;297,0;13,0;30,0
270;0,7806691449814126;0,7800734428046837;LLGC;0,9;10;heart_2classes;6;1;fastgreedy;0,026999699999578297;297,0;13,0;1,0
271;0,7472118959107806;0,7206133919843597;LLGC;0,9;10;heart_2classes;6;1;fastgreedy;0,06910380000044825;297,0;13,0;2,0
272;0,7026022304832714;0,6660459342023588;LLGC;0,9;10;heart_2classes;6;1;fastgreedy;0,024048999999649823;297,0;13,0;3,0
273;0,7323420074349443;0,7084537572254335;LLGC;0,9;10;heart_2classes;6;1;fastgreedy;0,0465602000040235;297,0;13,0;4,0
274;0,8252788104089219;0,8190263523281945;LLGC;0,9;10;heart_2classes;6;1;fastgreedy;0,03151139999681618;297,0;13,0;5,0
275;0,6728624535315985;0,6085978835978836;LLGC;0,9;10;heart_2classes;6;1;fastgreedy;0,035407900002610404;297,0;13,0;6,0
276;0,6988847583643123;0,6528036713035996;LLGC;0,9;10;heart_2classes;6;1;fastgreedy;0,02769099999568425;297,0;13,0;7,0
277;0,7472118959107806;0,7259050587389115;LLGC;0,9;10;heart_2classes;6;1;fastgreedy;0,04142080000019632;297,0;13,0;8,0
278;0,7695167286245354;0,7522578728461081;LLGC;0,9;10;heart_2classes;6;1;fastgreedy;0,023651800001971424;297,0;13,0;9,0
279;0,7769516728624535;0,7570447976878613;LLGC;0,9;10;heart_2classes;6;1;fastgreedy;0,03300959999614861;297,0;13,0;10,0
280;0,79182156133829;0,7907777777777778;LLGC;0,9;10;heart_2classes;6;1;fastgreedy;0,027888000004168134;297,0;13,0;11,0
281;0,7992565055762082;0,7987865691489362;LLGC;0,9;10;heart_2classes;6;1;fastgreedy;0,0365760999993654;297,0;13,0;12,0
282;0,8066914498141264;0,8050072488011598;LLGC;0,9;10;heart_2classes;6;1;fastgreedy;0,02346650000254158;297,0;13,0;13,0
283;0,8104089219330854;0,800482831837815;LLGC;0,9;10;heart_2classes;6;1;fastgreedy;0,04142689999571303;297,0;13,0;14,0
284;0,7620817843866171;0,7396249243799153;LLGC;0,9;10;heart_2classes;6;1;fastgreedy;0,0289827000015066;297,0;13,0;15,0
285;0,8104089219330854;0,8073309458605435;LLGC;0,9;10;heart_2classes;6;1;fastgreedy;0,028530199997476302;297,0;13,0;16,0
286;0,8215613382899628;0,821004768770101;LLGC;0,9;10;heart_2classes;6;1;fastgreedy;0,05678279999847291;297,0;13,0;17,0
287;0,7434944237918215;0,7157798024653549;LLGC;0,9;10;heart_2classes;6;1;fastgreedy;0,03137040000001434;297,0;13,0;18,0
288;0,5985130111524164;0,473695652173913;LLGC;0,9;10;heart_2classes;6;1;fastgreedy;0,02385370000411058;297,0;13,0;19,0
289;0,7137546468401487;0,679449680424656;LLGC;0,9;10;heart_2classes;6;1;fastgreedy;0,08378739999898244;297,0;13,0;20,0
290;0,7843866171003717;0,7701261197548326;LLGC;0,9;10;heart_2classes;6;1;fastgreedy;0,04091160000098171;297,0;13,0;21,0
291;0,8252788104089219;0,818496346382991;LLGC;0,9;10;heart_2classes;6;1;fastgreedy;0,025249499994970392;297,0;13,0;22,0
292;0,8066914498141264;0,7954731547549421;LLGC;0,9;10;heart_2classes;6;1;fastgreedy;0,02453399999649264;297,0;13,0;23,0
293;0,8066914498141264;0,8057222222222222;LLGC;0,9;10;heart_2classes;6;1;fastgreedy;0,30958839999948395;297,0;13,0;24,0
294;0,5799256505576208;0,43568179708530586;LLGC;0,9;10;heart_2classes;6;1;fastgreedy;0,17342210000060732;297,0;13,0;25,0
295;0,7881040892193308;0,7745312844643777;LLGC;0,9;10;heart_2classes;6;1;fastgreedy;0,029336899999179877;297,0;13,0;26,0
296;0,7806691449814126;0,7637435431769802;LLGC;0,9;10;heart_2classes;6;1;fastgreedy;0,024835500000335742;297,0;13,0;27,0
297;0,79182156133829;0,7914728682170542;LLGC;0,9;10;heart_2classes;6;1;fastgreedy;0,0244684999997844;297,0;13,0;28,0
298;0,758364312267658;0,7397174628220968;LLGC;0,9;10;heart_2classes;6;1;fastgreedy;0,03013949999876786;297,0;13,0;29,0
299;0,6728624535315985;0,6085978835978836;LLGC;0,9;10;heart_2classes;6;1;fastgreedy;0,02556449999974575;297,0;13,0;30,0
300;0,7300380228136882;0,7236454587162753;PhyDL;0,9;12;heart_2classes;6;1;fastgreedy;10,66773010000179;297,0;13,0;1,0
301;0,7490494296577946;0,747439180537772;PhyDL;0,9;12;heart_2classes;6;1;fastgreedy;10,6677434000012;297,0;13,0;2,0
302;0,6768060836501901;0,6564627418437754;PhyDL;0,9;12;heart_2classes;6;1;fastgreedy;10,667729899992992;297,0;13,0;3,0
303;0,7414448669201521;0,7390873015873016;PhyDL;0,9;12;heart_2classes;6;1;fastgreedy;10,66774489999807;297,0;13,0;4,0
304;0,7034220532319392;0,6960348506401138;PhyDL;0,9;12;heart_2classes;6;1;fastgreedy;10,66772569999739;297,0;13,0;5,0
305;0,7072243346007605;0,6995623470068986;PhyDL;0,9;12;heart_2classes;6;1;fastgreedy;10,667725899998914;297,0;13,0;6,0
306;0,7224334600760456;0,7222889213544906;PhyDL;0,9;12;heart_2classes;6;1;fastgreedy;10,66772829999536;297,0;13,0;7,0
307;0,7300380228136882;0,7130453490695066;PhyDL;0,9;12;heart_2classes;6;1;fastgreedy;10,667728899992653;297,0;13,0;8,0
308;0,6806083650190115;0,6700716845878136;PhyDL;0,9;12;heart_2classes;6;1;fastgreedy;10,667742600002384;297,0;13,0;9,0
309;0,6539923954372624;0,6399157451290153;PhyDL;0,9;12;heart_2classes;6;1;fastgreedy;10,667830200000026;297,0;13,0;10,0
310;0,7072243346007605;0,7043347495364489;PhyDL;0,9;12;heart_2classes;6;1;fastgreedy;10,667728399996122;297,0;13,0;11,0
311;0,7832699619771863;0,7811309184880206;PhyDL;0,9;12;heart_2classes;6;1;fastgreedy;10,667728799999168;297,0;13,0;12,0
312;0,7414448669201521;0,7321471363527439;PhyDL;0,9;12;heart_2classes;6;1;fastgreedy;10,667730799992569;297,0;13,0;13,0
313;0,6768060836501901;0,6625813170724344;PhyDL;0,9;12;heart_2classes;6;1;fastgreedy;10,667729699991469;297,0;13,0;14,0
314;0,779467680608365;0,7767533075752253;PhyDL;0,9;12;heart_2classes;6;1;fastgreedy;10,667732999994769;297,0;13,0;15,0
315;0,7414448669201521;0,7409917738384891;PhyDL;0,9;12;heart_2classes;6;1;fastgreedy;10,667754699999932;297,0;13,0;16,0
316;0,6768060836501901;0,6699150978220746;PhyDL;0,9;12;heart_2classes;6;1;fastgreedy;10,66774379999697;297,0;13,0;17,0
317;0,7376425855513308;0,7260954220940938;PhyDL;0,9;12;heart_2classes;6;1;fastgreedy;10,667835799999011;297,0;13,0;18,0
318;0,7300380228136882;0,7141523153463452;PhyDL;0,9;12;heart_2classes;6;1;fastgreedy;10,667731000001368;297,0;13,0;19,0
319;0,6996197718631179;0,6819441255262151;PhyDL;0,9;12;heart_2classes;6;1;fastgreedy;10,66772609999316;297,0;13,0;20,0
320;0,7566539923954373;0,7486260454002389;PhyDL;0,9;12;heart_2classes;6;1;fastgreedy;10,667729199994938;297,0;13,0;21,0
321;0,688212927756654;0,6848918760958504;PhyDL;0,9;12;heart_2classes;6;1;fastgreedy;10,667730199995276;297,0;13,0;22,0
322;0,7604562737642585;0,7593289273004575;PhyDL;0,9;12;heart_2classes;6;1;fastgreedy;10,667734399990877;297,0;13,0;23,0
323;0,7756653992395437;0,775197392249185;PhyDL;0,9;12;heart_2classes;6;1;fastgreedy;10,66772679999849;297,0;13,0;24,0
324;0,7490494296577946;0,7392440812402356;PhyDL;0,9;12;heart_2classes;6;1;fastgreedy;10,667888299998594;297,0;13,0;25,0
325;0,7604562737642585;0,7602344258736705;PhyDL;0,9;12;heart_2classes;6;1;fastgreedy;10,66772449999553;297,0;13,0;26,0
326;0,7376425855513308;0,7372627372627373;PhyDL;0,9;12;heart_2classes;6;1;fastgreedy;10,6677423000001;297,0;13,0;27,0
327;0,7072243346007605;0,6953133228014745;PhyDL;0,9;12;heart_2classes;6;1;fastgreedy;10,667730699999083;297,0;13,0;28,0
328;0,6692015209125475;0,6390610950735887;PhyDL;0,9;12;heart_2classes;6;1;fastgreedy;10,66774419999274;297,0;13,0;29,0
329;0,7300380228136882;0,7130453490695066;PhyDL;0,9;12;heart_2classes;6;1;fastgreedy;10,66772979999223;297,0;13,0;30,0
330;0,752851711026616;0,7303330020664742;LLGC;0,9;12;heart_2classes;6;1;fastgreedy;0,03290150000248104;297,0;13,0;1,0
331;0,7072243346007605;0,6683914915914785;LLGC;0,9;12;heart_2classes;6;1;fastgreedy;0,03666220000013709;297,0;13,0;2,0
332;0,6197718631178707;0,5133234641006661;LLGC;0,9;12;heart_2classes;6;1;fastgreedy;0,04124199999932898;297,0;13,0;3,0
333;0,8022813688212928;0,7925364077669903;LLGC;0,9;12;heart_2classes;6;1;fastgreedy;0,025741900004504714;297,0;13,0;4,0
334;0,7110266159695817;0,6697290152015862;LLGC;0,9;12;heart_2classes;6;1;fastgreedy;0,09994100000039907;297,0;13,0;5,0
335;0,7680608365019012;0,7503773203255069;LLGC;0,9;12;heart_2classes;6;1;fastgreedy;0,03725220000342233;297,0;13,0;6,0
336;0,8174904942965779;0,8145710928319624;LLGC;0,9;12;heart_2classes;6;1;fastgreedy;0,03367350000189617;297,0;13,0;7,0
337;0,7642585551330798;0,7457272954091816;LLGC;0,9;12;heart_2classes;6;1;fastgreedy;0,03346120000060182;297,0;13,0;8,0
338;0,7490494296577946;0,7281015037593985;LLGC;0,9;12;heart_2classes;6;1;fastgreedy;0,041557800002919976;297,0;13,0;9,0
339;0,6692015209125475;0,6078864839853992;LLGC;0,9;12;heart_2classes;6;1;fastgreedy;0,12886640000215266;297,0;13,0;10,0
340;0,7984790874524715;0,7896095271157533;LLGC;0,9;12;heart_2classes;6;1;fastgreedy;0,0256054999990738;297,0;13,0;11,0
341;0,8250950570342205;0,8219415989638525;LLGC;0,9;12;heart_2classes;6;1;fastgreedy;0,03377069999987725;297,0;13,0;12,0
342;0,7946768060836502;0,7845570388349514;LLGC;0,9;12;heart_2classes;6;1;fastgreedy;0,1295269999973243;297,0;13,0;13,0
343;0,6311787072243346;0,53420730705326;LLGC;0,9;12;heart_2classes;6;1;fastgreedy;0,04409299999679206;297,0;13,0;14,0
344;0,8136882129277566;0,8088124026407537;LLGC;0,9;12;heart_2classes;6;1;fastgreedy;0,05853159999969648;297,0;13,0;15,0
345;0,7870722433460076;0,7863773497331168;LLGC;0,9;12;heart_2classes;6;1;fastgreedy;0,026707999997597653;297,0;13,0;16,0
346;0,7756653992395437;0,7574900367273579;LLGC;0,9;12;heart_2classes;6;1;fastgreedy;0,03194860000076005;297,0;13,0;17,0
347;0,7680608365019012;0,752472497801367;LLGC;0,9;12;heart_2classes;6;1;fastgreedy;0,028994399996008724;297,0;13,0;18,0
348;0,7984790874524715;0,787414784425567;LLGC;0,9;12;heart_2classes;6;1;fastgreedy;0,050276099995244294;297,0;13,0;19,0
349;0,5779467680608364;0,42996895319547773;LLGC;0,9;12;heart_2classes;6;1;fastgreedy;0,04283220000070287;297,0;13,0;20,0
350;0,7414448669201521;0,7185572201938815;LLGC;0,9;12;heart_2classes;6;1;fastgreedy;0,026383199998235796;297,0;13,0;21,0
351;0,8136882129277566;0,8135156645684104;LLGC;0,9;12;heart_2classes;6;1;fastgreedy;0,04348210000171093;297,0;13,0;22,0
352;0,7224334600760456;0,6837328061938885;LLGC;0,9;12;heart_2classes;6;1;fastgreedy;0,03519640000013169;297,0;13,0;23,0
353;0,8174904942965779;0,809143686502177;LLGC;0,9;12;heart_2classes;6;1;fastgreedy;0,07822890000534244;297,0;13,0;24,0
354;0,8098859315589354;0,8011913401064344;LLGC;0,9;12;heart_2classes;6;1;fastgreedy;0,05225079999945592;297,0;13,0;25,0
355;0,7984790874524715;0,7958224084137748;LLGC;0,9;12;heart_2classes;6;1;fastgreedy;0,03491879999637604;297,0;13,0;26,0
356;0,779467680608365;0,7794644922507518;LLGC;0,9;12;heart_2classes;6;1;fastgreedy;0,036019999999552965;297,0;13,0;27,0
357;0,8136882129277566;0,8027248373517031;LLGC;0,9;12;heart_2classes;6;1;fastgreedy;0,14898350000294158;297,0;13,0;28,0
358;0,6577946768060836;0,5803191489361702;LLGC;0,9;12;heart_2classes;6;1;fastgreedy;0,030597800003306475;297,0;13,0;29,0
359;0,752851711026616;0,7262390903995517;LLGC;0,9;12;heart_2classes;6;1;fastgreedy;0,035330699996848125;297,0;13,0;30,0
360;0,6770428015564203;0,6672905650960024;PhyDL;0,9;14;heart_2classes;6;1;fastgreedy;10,667727499996545;297,0;13,0;1,0
361;0,6809338521400778;0,6803482587064676;PhyDL;0,9;14;heart_2classes;6;1;fastgreedy;10,667733599999337;297,0;13,0;2,0
362;0,7704280155642024;0,7692963103841765;PhyDL;0,9;14;heart_2classes;6;1;fastgreedy;10,66791579999699;297,0;13,0;3,0
363;0,669260700389105;0,6583141726494924;PhyDL;0,9;14;heart_2classes;6;1;fastgreedy;10,66777049999655;297,0;13,0;4,0
364;0,6731517509727627;0,6669751943724547;PhyDL;0,9;14;heart_2classes;6;1;fastgreedy;10,667738399992231;297,0;13,0;5,0
365;0,6653696498054474;0,650506008855155;PhyDL;0,9;14;heart_2classes;6;1;fastgreedy;10,667884800001048;297,0;13,0;6,0
366;0,7470817120622568;0,7371319768997152;PhyDL;0,9;14;heart_2classes;6;1;fastgreedy;10,667729599997983;297,0;13,0;7,0
367;0,7198443579766537;0,7193301783764106;PhyDL;0,9;14;heart_2classes;6;1;fastgreedy;10,667759499992826;297,0;13,0;8,0
368;0,7003891050583657;0,6956708958093041;PhyDL;0,9;14;heart_2classes;6;1;fastgreedy;10,667775800000527;297,0;13,0;9,0
369;0,7198443579766537;0,7186131386861314;PhyDL;0,9;14;heart_2classes;6;1;fastgreedy;10,667733399997815;297,0;13,0;10,0
370;0,6848249027237354;0,6761764019600218;PhyDL;0,9;14;heart_2classes;6;1;fastgreedy;10,66772789999959;297,0;13,0;11,0
371;0,7587548638132295;0,7579302382109869;PhyDL;0,9;14;heart_2classes;6;1;fastgreedy;10,667744699996547;297,0;13,0;12,0
372;0,7509727626459144;0,750938824954573;PhyDL;0,9;14;heart_2classes;6;1;fastgreedy;10,66772569999739;297,0;13,0;13,0
373;0,6575875486381323;0,656959106904502;PhyDL;0,9;14;heart_2classes;6;1;fastgreedy;10,66775239999697;297,0;13,0;14,0
374;0,754863813229572;0,7474615132656404;PhyDL;0,9;14;heart_2classes;6;1;fastgreedy;10,667748299994855;297,0;13,0;15,0
375;0,6926070038910506;0,6517794357259241;PhyDL;0,9;14;heart_2classes;6;1;fastgreedy;10,667727599997306;297,0;13,0;16,0
376;0,7821011673151751;0,7809036658141517;PhyDL;0,9;14;heart_2classes;6;1;fastgreedy;10,66772459999629;297,0;13,0;17,0
377;0,7354085603112841;0,7291718323828416;PhyDL;0,9;14;heart_2classes;6;1;fastgreedy;10,66772389999096;297,0;13,0;18,0
378;0,7782101167315175;0,7737710994085216;PhyDL;0,9;14;heart_2classes;6;1;fastgreedy;10,668020899996918;297,0;13,0;19,0
379;0,7431906614785992;0,7417793204238217;PhyDL;0,9;14;heart_2classes;6;1;fastgreedy;10,667733299997053;297,0;13,0;20,0
380;0,7120622568093385;0,6960427055363765;PhyDL;0,9;14;heart_2classes;6;1;fastgreedy;10,667729900000268;297,0;13,0;21,0
381;0,7392996108949417;0,7385236815331117;PhyDL;0,9;14;heart_2classes;6;1;fastgreedy;10,667725799990876;297,0;13,0;22,0
382;0,6926070038910506;0,6894283572728803;PhyDL;0,9;14;heart_2classes;6;1;fastgreedy;10,667895999999018;297,0;13,0;23,0
383;0,7509727626459144;0,7472959685349065;PhyDL;0,9;14;heart_2classes;6;1;fastgreedy;10,667723799997475;297,0;13,0;24,0
384;0,708171206225681;0,7051535037400762;PhyDL;0,9;14;heart_2classes;6;1;fastgreedy;10,66772719999426;297,0;13,0;25,0
385;0,7431906614785992;0,7420620437956205;PhyDL;0,9;14;heart_2classes;6;1;fastgreedy;10,667723899998236;297,0;13,0;26,0
386;0,7354085603112841;0,7315019665683382;PhyDL;0,9;14;heart_2classes;6;1;fastgreedy;10,667729899992992;297,0;13,0;27,0
387;0,7042801556420234;0,6973096950161171;PhyDL;0,9;14;heart_2classes;6;1;fastgreedy;10,667723699996714;297,0;13,0;28,0
388;0,7587548638132295;0,7556434793276898;PhyDL;0,9;14;heart_2classes;6;1;fastgreedy;10,667741999997816;297,0;13,0;29,0
389;0,7587548638132295;0,7574290585799537;PhyDL;0,9;14;heart_2classes;6;1;fastgreedy;10,667727100000775;297,0;13,0;30,0
390;0,7898832684824902;0,7781933256616801;LLGC;0,9;14;heart_2classes;6;1;fastgreedy;0,22395339999638963;297,0;13,0;1,0
391;0,7315175097276264;0,7295355753832076;LLGC;0,9;14;heart_2classes;6;1;fastgreedy;0,03797050000139279;297,0;13,0;2,0
392;0,8054474708171206;0,8041397390562126;LLGC;0,9;14;heart_2classes;6;1;fastgreedy;0,024720800000068266;297,0;13,0;3,0
393;0,642023346303502;0,5524004240496744;LLGC;0,9;14;heart_2classes;6;1;fastgreedy;0,038114800001494586;297,0;13,0;4,0
394;0,7509727626459144;0,7291172595520421;LLGC;0,9;14;heart_2classes;6;1;fastgreedy;0,03299880000122357;297,0;13,0;5,0
395;0,6459143968871596;0,5629006634893935;LLGC;0,9;14;heart_2classes;6;1;fastgreedy;0,029612400001497008;297,0;13,0;6,0
396;0,8015564202334631;0,7901167352559688;LLGC;0,9;14;heart_2classes;6;1;fastgreedy;0,030193200000212528;297,0;13,0;7,0
397;0,6809338521400778;0,6198773448773449;LLGC;0,9;14;heart_2classes;6;1;fastgreedy;0,1011510999960592;297,0;13,0;8,0
398;0,7237354085603113;0,6972607967083105;LLGC;0,9;14;heart_2classes;6;1;fastgreedy;0,028633399997488596;297,0;13,0;9,0
399;0,8287937743190662;0,8271582293959403;LLGC;0,9;14;heart_2classes;6;1;fastgreedy;0,055010700001730584;297,0;13,0;10,0
400;0,7042801556420234;0,6551553672316384;LLGC;0,9;14;heart_2classes;6;1;fastgreedy;0,03331639999669278;297,0;13,0;11,0
401;0,7898832684824902;0,7871733529628266;LLGC;0,9;14;heart_2classes;6;1;fastgreedy;0,0285061999966274;297,0;13,0;12,0
402;0,8132295719844358;0,8114453411592076;LLGC;0,9;14;heart_2classes;6;1;fastgreedy;0,06197339999926044;297,0;13,0;13,0
403;0,7976653696498055;0,7864083876742105;LLGC;0,9;14;heart_2classes;6;1;fastgreedy;0,026670999999623746;297,0;13,0;14,0
404;0,7821011673151751;0,7662118258609487;LLGC;0,9;14;heart_2classes;6;1;fastgreedy;0,026938900002278388;297,0;13,0;15,0
405;0,7042801556420234;0,6597212543554007;LLGC;0,9;14;heart_2classes;6;1;fastgreedy;0,07925029999751132;297,0;13,0;16,0
406;0,8210116731517509;0,8183689773844641;LLGC;0,9;14;heart_2classes;6;1;fastgreedy;0,027563399999053217;297,0;13,0;17,0
407;0,7237354085603113;0,685119674196276;LLGC;0,9;14;heart_2classes;6;1;fastgreedy;0,024221700005000457;297,0;13,0;18,0
408;0,8093385214007782;0,8063360246059208;LLGC;0,9;14;heart_2classes;6;1;fastgreedy;0,02559639999526553;297,0;13,0;19,0
409;0,77431906614786;0,7739048659143308;LLGC;0,9;14;heart_2classes;6;1;fastgreedy;0,1782145999968634;297,0;13,0;20,0
410;0,6770428015564203;0,6108404940433839;LLGC;0,9;14;heart_2classes;6;1;fastgreedy;0,02828140000201529;297,0;13,0;21,0
411;0,7120622568093385;0,7097374847374848;LLGC;0,9;14;heart_2classes;6;1;fastgreedy;0,02725800000189338;297,0;13,0;22,0
412;0,77431906614786;0,75678762563634;LLGC;0,9;14;heart_2classes;6;1;fastgreedy;0,029505900005460717;297,0;13,0;23,0
413;0,708171206225681;0,6631010434691416;LLGC;0,9;14;heart_2classes;6;1;fastgreedy;0,02537500000471482;297,0;13,0;24,0
414;0,7821011673151751;0,7820978682170543;LLGC;0,9;14;heart_2classes;6;1;fastgreedy;0,0271807999961311;297,0;13,0;25,0
415;0,8326848249027238;0,8261026924105808;LLGC;0,9;14;heart_2classes;6;1;fastgreedy;0,02947159999894211;297,0;13,0;26,0
416;0,7431906614785992;0,7219708890637293;LLGC;0,9;14;heart_2classes;6;1;fastgreedy;0,03287909999926342;297,0;13,0;27,0
417;0,7237354085603113;0,6870422776777292;LLGC;0,9;14;heart_2classes;6;1;fastgreedy;0,027130800001032185;297,0;13,0;28,0
418;0,8171206225680934;0,8073063731355188;LLGC;0,9;14;heart_2classes;6;1;fastgreedy;0,03250409999600379;297,0;13,0;29,0
419;0,8132295719844358;0,806184012066365;LLGC;0,9;14;heart_2classes;6;1;fastgreedy;0,02854259999730857;297,0;13,0;30,0
420;0,7410358565737052;0,7361953270272454;PhyDL;0,9;16;heart_2classes;6;1;fastgreedy;10,66773230000399;297,0;13,0;1,0
421;0,7689243027888446;0,7688912877825755;PhyDL;0,9;16;heart_2classes;6;1;fastgreedy;10,66776199999731;297,0;13,0;2,0
422;0,7290836653386454;0,7243183873885515;PhyDL;0,9;16;heart_2classes;6;1;fastgreedy;10,667730900000606;297,0;13,0;3,0
423;0,7211155378486056;0,7178507194244604;PhyDL;0,9;16;heart_2classes;6;1;fastgreedy;10,667831799997657;297,0;13,0;4,0
424;0,7808764940239044;0,7777008421764544;PhyDL;0,9;16;heart_2classes;6;1;fastgreedy;10,667739399999846;297,0;13,0;5,0
425;0,5976095617529881;0,586018256936166;PhyDL;0,9;16;heart_2classes;6;1;fastgreedy;10,667726100000436;297,0;13,0;6,0
426;0,7529880478087649;0,7447848333770664;PhyDL;0,9;16;heart_2classes;6;1;fastgreedy;10,667764399993757;297,0;13,0;7,0
427;0,749003984063745;0,7462815884476535;PhyDL;0,9;16;heart_2classes;6;1;fastgreedy;10,667858900000283;297,0;13,0;8,0
428;0,7609561752988048;0,7595785440613028;PhyDL;0,9;16;heart_2classes;6;1;fastgreedy;10,66772089999722;297,0;13,0;9,0
429;0,7370517928286853;0,7312110591900312;PhyDL;0,9;16;heart_2classes;6;1;fastgreedy;10,667746099999931;297,0;13,0;10,0
430;0,7729083665338645;0,7691562999177114;PhyDL;0,9;16;heart_2classes;6;1;fastgreedy;10,667725199993583;297,0;13,0;11,0
431;0,7569721115537849;0,7524294607486458;PhyDL;0,9;16;heart_2classes;6;1;fastgreedy;10,667742199999338;297,0;13,0;12,0
432;0,7569721115537849;0,7554192425041133;PhyDL;0,9;16;heart_2classes;6;1;fastgreedy;10,66773749999993;297,0;13,0;13,0
433;0,7131474103585658;0,6963709677419354;PhyDL;0,9;16;heart_2classes;6;1;fastgreedy;10,66772309999942;297,0;13,0;14,0
434;0,7529880478087649;0,7480898730898731;PhyDL;0,9;16;heart_2classes;6;1;fastgreedy;10,667737799994939;297,0;13,0;15,0
435;0,6852589641434262;0,666184070975236;PhyDL;0,9;16;heart_2classes;6;1;fastgreedy;10,667854499995883;297,0;13,0;16,0
436;0,7768924302788844;0,7758642684015817;PhyDL;0,9;16;heart_2classes;6;1;fastgreedy;10,667726899991976;297,0;13,0;17,0
437;0,6733067729083665;0,6373854827343199;PhyDL;0,9;16;heart_2classes;6;1;fastgreedy;10,667720499994175;297,0;13,0;18,0
438;0,7848605577689243;0,783343989769821;PhyDL;0,9;16;heart_2classes;6;1;fastgreedy;10,66773089999333;297,0;13,0;19,0
439;0,7410358565737052;0,7402276888782741;PhyDL;0,9;16;heart_2classes;6;1;fastgreedy;10,667726899999252;297,0;13,0;20,0
440;0,6972111553784861;0,6600370687197035;PhyDL;0,9;16;heart_2classes;6;1;fastgreedy;10,667810699997062;297,0;13,0;21,0
441;0,749003984063745;0,7487487487487487;PhyDL;0,9;16;heart_2classes;6;1;fastgreedy;10,667726899999252;297,0;13,0;22,0
442;0,7051792828685259;0,6999935392169532;PhyDL;0,9;16;heart_2classes;6;1;fastgreedy;10,667731399997137;297,0;13,0;23,0
443;0,7450199203187251;0,7424650506605104;PhyDL;0,9;16;heart_2classes;6;1;fastgreedy;10,668075399997178;297,0;13,0;24,0
444;0,749003984063745;0,7458411688123825;PhyDL;0,9;16;heart_2classes;6;1;fastgreedy;10,667735599992739;297,0;13,0;25,0
445;0,7609561752988048;0,756751518284016;PhyDL;0,9;16;heart_2classes;6;1;fastgreedy;10,667904499990982;297,0;13,0;26,0
446;0,7250996015936255;0,7163841807909604;PhyDL;0,9;16;heart_2classes;6;1;fastgreedy;10,66778649999469;297,0;13,0;27,0
447;0,6812749003984063;0,6552197802197802;PhyDL;0,9;16;heart_2classes;6;1;fastgreedy;10,667733599999337;297,0;13,0;28,0
448;0,749003984063745;0,7470607994625462;PhyDL;0,9;16;heart_2classes;6;1;fastgreedy;10,66775719999714;297,0;13,0;29,0
449;0,7051792828685259;0,7051746031746031;PhyDL;0,9;16;heart_2classes;6;1;fastgreedy;10,667774099994858;297,0;13,0;30,0
450;0,7928286852589641;0,7865646258503401;LLGC;0,9;16;heart_2classes;6;1;fastgreedy;0,026652000000467524;297,0;13,0;1,0
451;0,7808764940239044;0,780192659820078;LLGC;0,9;16;heart_2classes;6;1;fastgreedy;0,026721599999291357;297,0;13,0;2,0
452;0,7450199203187251;0,7137154262902766;LLGC;0,9;16;heart_2classes;6;1;fastgreedy;0,04928890000155661;297,0;13,0;3,0
453;0,7609561752988048;0,7361227922624054;LLGC;0,9;16;heart_2classes;6;1;fastgreedy;0,06781190000037896;297,0;13,0;4,0
454;0,8167330677290837;0,8067679742937475;LLGC;0,9;16;heart_2classes;6;1;fastgreedy;0,030235300000640564;297,0;13,0;5,0
455;0,5856573705179283;0,443079023724185;LLGC;0,9;16;heart_2classes;6;1;fastgreedy;0,025695399999676738;297,0;13,0;6,0
456;0,8326693227091634;0,8280821917808219;LLGC;0,9;16;heart_2classes;6;1;fastgreedy;0,033499099998152815;297,0;13,0;7,0
457;0,8167330677290837;0,8130989380989382;LLGC;0,9;16;heart_2classes;6;1;fastgreedy;0,02918380000483012;297,0;13,0;8,0
458;0,7649402390438247;0,741214504150284;LLGC;0,9;16;heart_2classes;6;1;fastgreedy;0,09154149999812944;297,0;13,0;9,0
459;0,7729083665338645;0,7560405831699207;LLGC;0,9;16;heart_2classes;6;1;fastgreedy;0,06634810000105062;297,0;13,0;10,0
460;0,8167330677290837;0,8106468118604041;LLGC;0,9;16;heart_2classes;6;1;fastgreedy;0,027477200004796032;297,0;13,0;11,0
461;0,7768924302788844;0,757487922705314;LLGC;0,9;16;heart_2classes;6;1;fastgreedy;0,02693899999576388;297,0;13,0;12,0
462;0,7450199203187251;0,744529262086514;LLGC;0,9;16;heart_2classes;6;1;fastgreedy;0,040706899999349844;297,0;13,0;13,0
463;0,749003984063745;0,7278360097072339;LLGC;0,9;16;heart_2classes;6;1;fastgreedy;0,030968099999881815;297,0;13,0;14,0
464;0,8207171314741036;0,8150331613854089;LLGC;0,9;16;heart_2classes;6;1;fastgreedy;0,0998165000055451;297,0;13,0;15,0
465;0,7211155378486056;0,6810094408133623;LLGC;0,9;16;heart_2classes;6;1;fastgreedy;0,02446129999589175;297,0;13,0;16,0
466;0,7211155378486056;0,6849899598393574;LLGC;0,9;16;heart_2classes;6;1;fastgreedy;0,026445800001965836;297,0;13,0;17,0
467;0,6892430278884463;0,6397924639387695;LLGC;0,9;16;heart_2classes;6;1;fastgreedy;0,022930999999516644;297,0;13,0;18,0
468;0,8047808764940239;0,7967141038991091;LLGC;0,9;16;heart_2classes;6;1;fastgreedy;0,024975000000267755;297,0;13,0;19,0
469;0,8007968127490039;0,7996487867177522;LLGC;0,9;16;heart_2classes;6;1;fastgreedy;0,04161949999979697;297,0;13,0;20,0
470;0,7649402390438247;0,7438642613764117;LLGC;0,9;16;heart_2classes;6;1;fastgreedy;0,032528499999898486;297,0;13,0;21,0
471;0,8007968127490039;0,8000828342041544;LLGC;0,9;16;heart_2classes;6;1;fastgreedy;0,028037500000209548;297,0;13,0;22,0
472;0,6414342629482072;0,5502866698518872;LLGC;0,9;16;heart_2classes;6;1;fastgreedy;0,08045649999985471;297,0;13,0;23,0
473;0,8366533864541833;0,831948005290919;LLGC;0,9;16;heart_2classes;6;1;fastgreedy;0,05474829999729991;297,0;13,0;24,0
474;0,8207171314741036;0,8139117254559534;LLGC;0,9;16;heart_2classes;6;1;fastgreedy;0,02540969999972731;297,0;13,0;25,0
475;0,8047808764940239;0,794554414098388;LLGC;0,9;16;heart_2classes;6;1;fastgreedy;0,044166699997731484;297,0;13,0;26,0
476;0,7689243027888446;0,7475724788458871;LLGC;0,9;16;heart_2classes;6;1;fastgreedy;0,024739400003454648;297,0;13,0;27,0
477;0,7250996015936255;0,6885352036687349;LLGC;0,9;16;heart_2classes;6;1;fastgreedy;0,024708799996005837;297,0;13,0;28,0
478;0,8127490039840638;0,8092489287735468;LLGC;0,9;16;heart_2classes;6;1;fastgreedy;0,037723299996287096;297,0;13,0;29,0
479;0,7569721115537849;0,7568331612800763;LLGC;0,9;16;heart_2classes;6;1;fastgreedy;0,027534399996511638;297,0;13,0;30,0
480;0,763265306122449;0,7588910004072213;PhyDL;0,9;18;heart_2classes;6;1;fastgreedy;10,66793279999547;297,0;13,0;1,0
481;0,7428571428571429;0,737807674667482;PhyDL;0,9;18;heart_2classes;6;1;fastgreedy;10,667921899992507;297,0;13,0;2,0
482;0,7428571428571429;0,7383942645039914;PhyDL;0,9;18;heart_2classes;6;1;fastgreedy;10,66775169999164;297,0;13,0;3,0
483;0,7428571428571429;0,7422387735675757;PhyDL;0,9;18;heart_2classes;6;1;fastgreedy;10,667743899990455;297,0;13,0;4,0
484;0,7183673469387755;0,7156386146108429;PhyDL;0,9;18;heart_2classes;6;1;fastgreedy;10,668130799997016;297,0;13,0;5,0
485;0,7387755102040816;0,7304730473047305;PhyDL;0,9;18;heart_2classes;6;1;fastgreedy;10,66775169999164;297,0;13,0;6,0
486;0,710204081632653;0,7057928118393235;PhyDL;0,9;18;heart_2classes;6;1;fastgreedy;10,667734299997392;297,0;13,0;7,0
487;0,746938775510204;0,746596823702122;PhyDL;0,9;18;heart_2classes;6;1;fastgreedy;10,66783719999512;297,0;13,0;8,0
488;0,7591836734693878;0,7525887890457852;PhyDL;0,9;18;heart_2classes;6;1;fastgreedy;10,66773049999756;297,0;13,0;9,0
489;0,7714285714285715;0,7660938352427714;PhyDL;0,9;18;heart_2classes;6;1;fastgreedy;10,667738299998746;297,0;13,0;10,0
490;0,7142857142857143;0,7107730706961684;PhyDL;0,9;18;heart_2classes;6;1;fastgreedy;10,667731099994853;297,0;13,0;11,0
491;0,7428571428571429;0,7286821705426356;PhyDL;0,9;18;heart_2classes;6;1;fastgreedy;10,667734399998153;297,0;13,0;12,0
492;0,7061224489795919;0,7043443282381335;PhyDL;0,9;18;heart_2classes;6;1;fastgreedy;10,667777900001965;297,0;13,0;13,0
493;0,6612244897959184;0,6488456025833635;PhyDL;0,9;18;heart_2classes;6;1;fastgreedy;10,667758099996718;297,0;13,0;14,0
494;0,7551020408163265;0,7487351292219335;PhyDL;0,9;18;heart_2classes;6;1;fastgreedy;10,668092199994135;297,0;13,0;15,0
495;0,7387755102040816;0,7350635306839686;PhyDL;0,9;18;heart_2classes;6;1;fastgreedy;10,667838900000788;297,0;13,0;16,0
496;0,7510204081632653;0,7401999130812691;PhyDL;0,9;18;heart_2classes;6;1;fastgreedy;10,667832300001464;297,0;13,0;17,0
497;0,7387755102040816;0,7350635306839686;PhyDL;0,9;18;heart_2classes;6;1;fastgreedy;10,66776419999951;297,0;13,0;18,0
498;0,6530612244897959;0,651924651924652;PhyDL;0,9;18;heart_2classes;6;1;fastgreedy;10,668060399999376;297,0;13,0;19,0
499;0,7183673469387755;0,7039871123640757;PhyDL;0,9;18;heart_2classes;6;1;fastgreedy;10,667797099995369;297,0;13,0;20,0
500;0,6775510204081633;0,6687205819426616;PhyDL;0,9;18;heart_2classes;6;1;fastgreedy;10,667772199994943;297,0;13,0;21,0
501;0,7387755102040816;0,7380379577653033;PhyDL;0,9;18;heart_2classes;6;1;fastgreedy;10,66781120000087;297,0;13,0;22,0
502;0,7510204081632653;0,7455260603790291;PhyDL;0,9;18;heart_2classes;6;1;fastgreedy;10,66778720000002;297,0;13,0;23,0
503;0,7591836734693878;0,7564407150920824;PhyDL;0,9;18;heart_2classes;6;1;fastgreedy;10,667727599997306;297,0;13,0;24,0
504;0,7183673469387755;0,7106546854942234;PhyDL;0,9;18;heart_2classes;6;1;fastgreedy;10,667754299996886;297,0;13,0;25,0
505;0,7591836734693878;0,754454806434626;PhyDL;0,9;18;heart_2classes;6;1;fastgreedy;10,667914999998175;297,0;13,0;26,0
506;0,746938775510204;0,7454076159828372;PhyDL;0,9;18;heart_2classes;6;1;fastgreedy;10,667735000002722;297,0;13,0;27,0
507;0,7346938775510204;0,7316719742539891;PhyDL;0,9;18;heart_2classes;6;1;fastgreedy;10,667740999997477;297,0;13,0;28,0
508;0,710204081632653;0,7069032334158958;PhyDL;0,9;18;heart_2classes;6;1;fastgreedy;10,667772000000696;297,0;13,0;29,0
509;0,7510204081632653;0,7442019683354728;PhyDL;0,9;18;heart_2classes;6;1;fastgreedy;10,667824299998756;297,0;13,0;30,0
510;0,8285714285714286;0,8220215857202158;LLGC;0,9;18;heart_2classes;6;1;fastgreedy;0,3333349000022281;297,0;13,0;1,0
511;0,7755102040816326;0,7601502287250138;LLGC;0,9;18;heart_2classes;6;1;fastgreedy;0,27137390000279993;297,0;13,0;2,0
512;0,746938775510204;0,7175739997025138;LLGC;0,9;18;heart_2classes;6;1;fastgreedy;0,2925482999999076;297,0;13,0;3,0
513;0,8204081632653061;0,8193215339233039;LLGC;0,9;18;heart_2classes;6;1;fastgreedy;0,052158200000121724;297,0;13,0;4,0
514;0,7795918367346939;0,7650255754475703;LLGC;0,9;18;heart_2classes;6;1;fastgreedy;0,28730329999962123;297,0;13,0;5,0
515;0,7428571428571429;0,7121678321678322;LLGC;0,9;18;heart_2classes;6;1;fastgreedy;0,17742639999778476;297,0;13,0;6,0
516;0,7714285714285715;0,7529530394698933;LLGC;0,9;18;heart_2classes;6;1;fastgreedy;0,03752910000184784;297,0;13,0;7,0
517;0,7877551020408163;0,7737283319124751;LLGC;0,9;18;heart_2classes;6;1;fastgreedy;0,18722840000555152;297,0;13,0;8,0
518;0,7755102040816326;0,7590695345884961;LLGC;0,9;18;heart_2classes;6;1;fastgreedy;0,07164390000252752;297,0;13,0;9,0
519;0,8163265306122449;0,8107653490328006;LLGC;0,9;18;heart_2classes;6;1;fastgreedy;0,09895849999884376;297,0;13,0;10,0
520;0,6816326530612244;0,6252941176470588;LLGC;0,9;18;heart_2classes;6;1;fastgreedy;0,06605429999763146;297,0;13,0;11,0
521;0,7428571428571429;0,7170433921795083;LLGC;0,9;18;heart_2classes;6;1;fastgreedy;0,06671790000109468;297,0;13,0;12,0
522;0,7836734693877551;0,7742720556279878;LLGC;0,9;18;heart_2classes;6;1;fastgreedy;0,24882380000053672;297,0;13,0;13,0
523;0,6571428571428571;0,5763339920948617;LLGC;0,9;18;heart_2classes;6;1;fastgreedy;0,19341719999647466;297,0;13,0;14,0
524;0,8244897959183674;0,8206167310868566;LLGC;0,9;18;heart_2classes;6;1;fastgreedy;0,22179250000044703;297,0;13,0;15,0
525;0,8326530612244898;0,827075694193393;LLGC;0,9;18;heart_2classes;6;1;fastgreedy;0,2675375000035274;297,0;13,0;16,0
526;0,8489795918367347;0,8424163407214255;LLGC;0,9;18;heart_2classes;6;1;fastgreedy;0,3544060999993235;297,0;13,0;17,0
527;0,8163265306122449;0,8117990474727301;LLGC;0,9;18;heart_2classes;6;1;fastgreedy;0,540663299994776;297,0;13,0;18,0
528;0,7346938775510204;0,7012251177276223;LLGC;0,9;18;heart_2classes;6;1;fastgreedy;0,686607700001332;297,0;13,0;19,0
529;0,726530612244898;0,6880997168861274;LLGC;0,9;18;heart_2classes;6;1;fastgreedy;0,5840374999970663;297,0;13,0;20,0
530;0,6571428571428571;0,5763339920948617;LLGC;0,9;18;heart_2classes;6;1;fastgreedy;0,3497981999971671;297,0;13,0;21,0
531;0,8040816326530612;0,7936842105263158;LLGC;0,9;18;heart_2classes;6;1;fastgreedy;0,4192841000040062;297,0;13,0;22,0
532;0,8040816326530612;0,7928702268564182;LLGC;0,9;18;heart_2classes;6;1;fastgreedy;0,3685280999998213;297,0;13,0;23,0
533;0,8081632653061225;0,8059781967682691;LLGC;0,9;18;heart_2classes;6;1;fastgreedy;0,225770700002613;297,0;13,0;24,0
534;0,689795918367347;0,6349019607843137;LLGC;0,9;18;heart_2classes;6;1;fastgreedy;0,23462149999977555;297,0;13,0;25,0
535;0,7959183673469388;0,7906126076849447;LLGC;0,9;18;heart_2classes;6;1;fastgreedy;0,16832970000541536;297,0;13,0;26,0
536;0,7387755102040816;0,7084634835638852;LLGC;0,9;18;heart_2classes;6;1;fastgreedy;0,24336829999811016;297,0;13,0;27,0
537;0,8163265306122449;0,8122733232304313;LLGC;0,9;18;heart_2classes;6;1;fastgreedy;0,1356180000002496;297,0;13,0;28,0
538;0,7510204081632653;0,7288888888888889;LLGC;0,9;18;heart_2classes;6;1;fastgreedy;0,12401469999895198;297,0;13,0;29,0
539;0,7387755102040816;0,7067185395780338;LLGC;0,9;18;heart_2classes;6;1;fastgreedy;0,28800549999868963;297,0;13,0;30,0
540;0,7824267782426778;0,7817811490377862;PhyDL;0,9;20;heart_2classes;6;1;fastgreedy;10,667763799996465;297,0;13,0;1,0
541;0,7656903765690377;0,7616809116809117;PhyDL;0,9;20;heart_2classes;6;1;fastgreedy;10,667726899999252;297,0;13,0;2,0
542;0,7071129707112971;0,6999210790644281;PhyDL;0,9;20;heart_2classes;6;1;fastgreedy;10,667740099990624;297,0;13,0;3,0
543;0,698744769874477;0,6935897435897436;PhyDL;0,9;20;heart_2classes;6;1;fastgreedy;10,667833799998334;297,0;13,0;4,0
544;0,7364016736401674;0,725322436470438;PhyDL;0,9;20;heart_2classes;6;1;fastgreedy;10,667735199996969;297,0;13,0;5,0
545;0,7698744769874477;0,7651210578039846;PhyDL;0,9;20;heart_2classes;6;1;fastgreedy;10,667811899998924;297,0;13,0;6,0
546;0,7656903765690377;0,7570785537970088;PhyDL;0,9;20;heart_2classes;6;1;fastgreedy;10,667749199994432;297,0;13,0;7,0
547;0,7489539748953975;0,7427894963409385;PhyDL;0,9;20;heart_2classes;6;1;fastgreedy;10,667726100000436;297,0;13,0;8,0
548;0,7866108786610879;0,7847873298373855;PhyDL;0,9;20;heart_2classes;6;1;fastgreedy;10,667735899995023;297,0;13,0;9,0
549;0,7238493723849372;0,7191239316239316;PhyDL;0,9;20;heart_2classes;6;1;fastgreedy;10,667810799997824;297,0;13,0;10,0
550;0,7238493723849372;0,7227573115860517;PhyDL;0,9;20;heart_2classes;6;1;fastgreedy;10,667726299994683;297,0;13,0;11,0
551;0,7615062761506276;0,7601457823476592;PhyDL;0,9;20;heart_2classes;6;1;fastgreedy;10,667730599998322;297,0;13,0;12,0
552;0,7238493723849372;0,7084072759538598;PhyDL;0,9;20;heart_2classes;6;1;fastgreedy;10,667745799997647;297,0;13,0;13,0
553;0,7447698744769874;0,743313907424688;PhyDL;0,9;20;heart_2classes;6;1;fastgreedy;10,667722700003651;297,0;13,0;14,0
554;0,7112970711297071;0,7029772518506512;PhyDL;0,9;20;heart_2classes;6;1;fastgreedy;10,667915599995467;297,0;13,0;15,0
555;0,7489539748953975;0,7476773648648649;PhyDL;0,9;20;heart_2classes;6;1;fastgreedy;10,667726899999252;297,0;13,0;16,0
556;0,7489539748953975;0,7479611923509561;PhyDL;0,9;20;heart_2classes;6;1;fastgreedy;10,667724799997814;297,0;13,0;17,0
557;0,7238493723849372;0,7197228144989338;PhyDL;0,9;20;heart_2classes;6;1;fastgreedy;10,667744200000016;297,0;13,0;18,0
558;0,7531380753138075;0,7486318341444284;PhyDL;0,9;20;heart_2classes;6;1;fastgreedy;10,667841099995712;297,0;13,0;19,0
559;0,7405857740585774;0,7349005295548876;PhyDL;0,9;20;heart_2classes;6;1;fastgreedy;10,667727299995022;297,0;13,0;20,0
560;0,7280334728033473;0,719367017721336;PhyDL;0,9;20;heart_2classes;6;1;fastgreedy;10,66772640000272;297,0;13,0;21,0
561;0,7364016736401674;0,7315899245948981;PhyDL;0,9;20;heart_2classes;6;1;fastgreedy;10,667730299996038;297,0;13,0;22,0
562;0,702928870292887;0,7015914886133825;PhyDL;0,9;20;heart_2classes;6;1;fastgreedy;10,667743899997731;297,0;13,0;23,0
563;0,7238493723849372;0,7127403846153846;PhyDL;0,9;20;heart_2classes;6;1;fastgreedy;10,667736899995361;297,0;13,0;24,0
564;0,7196652719665272;0,7078825911669737;PhyDL;0,9;20;heart_2classes;6;1;fastgreedy;10,66776789999858;297,0;13,0;25,0
565;0,7615062761506276;0,7514822044256344;PhyDL;0,9;20;heart_2classes;6;1;fastgreedy;10,667761799995787;297,0;13,0;26,0
566;0,7447698744769874;0,7349513680574493;PhyDL;0,9;20;heart_2classes;6;1;fastgreedy;10,667731899993669;297,0;13,0;27,0
567;0,7322175732217573;0,7270131353512279;PhyDL;0,9;20;heart_2classes;6;1;fastgreedy;10,667727200001536;297,0;13,0;28,0
568;0,7154811715481172;0,7140343468468469;PhyDL;0,9;20;heart_2classes;6;1;fastgreedy;10,667744499995024;297,0;13,0;29,0
569;0,7447698744769874;0,7394979004735103;PhyDL;0,9;20;heart_2classes;6;1;fastgreedy;10,667728399996122;297,0;13,0;30,0
570;0,7866108786610879;0,7712145954164086;LLGC;0,9;20;heart_2classes;6;1;fastgreedy;0,1828084000007948;297,0;13,0;1,0
571;0,8200836820083682;0,811143576455887;LLGC;0,9;20;heart_2classes;6;1;fastgreedy;0,12895100000605453;297,0;13,0;2,0
572;0,7196652719665272;0,6801557974632977;LLGC;0,9;20;heart_2classes;6;1;fastgreedy;0,13282320000143955;297,0;13,0;3,0
573;0,7531380753138075;0,7299745313188182;LLGC;0,9;20;heart_2classes;6;1;fastgreedy;0,13615199999912875;297,0;13,0;4,0
574;0,7949790794979079;0,7811886922890081;LLGC;0,9;20;heart_2classes;6;1;fastgreedy;0,17823749999661231;297,0;13,0;5,0
575;0,8117154811715481;0,8038017403360271;LLGC;0,9;20;heart_2classes;6;1;fastgreedy;0,21130420000554295;297,0;13,0;6,0
576;0,7489539748953975;0,7246543778801844;LLGC;0,9;20;heart_2classes;6;1;fastgreedy;0,22345700000005309;297,0;13,0;7,0
577;0,7907949790794979;0,7762172284644195;LLGC;0,9;20;heart_2classes;6;1;fastgreedy;0,16274169999815058;297,0;13,0;8,0
578;0,8158995815899581;0,8078216374269005;LLGC;0,9;20;heart_2classes;6;1;fastgreedy;0,08945549999771174;297,0;13,0;9,0
579;0,7238493723849372;0,6954355885078777;LLGC;0,9;20;heart_2classes;6;1;fastgreedy;0,0935922999997274;297,0;13,0;10,0
580;0,7656903765690377;0,7457060343517252;LLGC;0,9;20;heart_2classes;6;1;fastgreedy;0,1017403000005288;297,0;13,0;11,0
581;0,8284518828451883;0,8244693237796686;LLGC;0,9;20;heart_2classes;6;1;fastgreedy;0,12334740000369493;297,0;13,0;12,0
582;0,7656903765690377;0,743010752688172;LLGC;0,9;20;heart_2classes;6;1;fastgreedy;0,14674250000098255;297,0;13,0;13,0
583;0,7112970711297071;0,6635931539544278;LLGC;0,9;20;heart_2classes;6;1;fastgreedy;0,06539640000119107;297,0;13,0;14,0
584;0,6903765690376569;0,6293175720992622;LLGC;0,9;20;heart_2classes;6;1;fastgreedy;0,06412049999926239;297,0;13,0;15,0
585;0,8117154811715481;0,7990508398572522;LLGC;0,9;20;heart_2classes;6;1;fastgreedy;0,04659920000267448;297,0;13,0;16,0
586;0,799163179916318;0,7895818048422597;LLGC;0,9;20;heart_2classes;6;1;fastgreedy;0,2146971999973175;297,0;13,0;17,0
587;0,7907949790794979;0,7816154970760234;LLGC;0,9;20;heart_2classes;6;1;fastgreedy;0,0555400999946869;297,0;13,0;18,0
588;0,7196652719665272;0,6801557974632977;LLGC;0,9;20;heart_2classes;6;1;fastgreedy;0,06509460000233958;297,0;13,0;19,0
589;0,8284518828451883;0,8212415856394915;LLGC;0,9;20;heart_2classes;6;1;fastgreedy;0,10120810000080382;297,0;13,0;20,0
590;0,7740585774058577;0,7535141329258976;LLGC;0,9;20;heart_2classes;6;1;fastgreedy;0,05662019999726908;297,0;13,0;21,0
591;0,7698744769874477;0,7496047393184373;LLGC;0,9;20;heart_2classes;6;1;fastgreedy;0,050721299994620495;297,0;13,0;22,0
592;0,6903765690376569;0,6378787878787879;LLGC;0,9;20;heart_2classes;6;1;fastgreedy;0,041812299998127855;297,0;13,0;23,0
593;0,7447698744769874;0,7177074256946461;LLGC;0,9;20;heart_2classes;6;1;fastgreedy;0,21641490000183694;297,0;13,0;24,0
594;0,7656903765690377;0,7469751966122202;LLGC;0,9;20;heart_2classes;6;1;fastgreedy;0,17069939999782946;297,0;13,0;25,0
595;0,8200836820083682;0,8143504886464223;LLGC;0,9;20;heart_2classes;6;1;fastgreedy;0,19050399999832734;297,0;13,0;26,0
596;0,7154811715481172;0,674282507615841;LLGC;0,9;20;heart_2classes;6;1;fastgreedy;0,12031969999952707;297,0;13,0;27,0
597;0,799163179916318;0,787050787050787;LLGC;0,9;20;heart_2classes;6;1;fastgreedy;0,0839985999991768;297,0;13,0;28,0
598;0,7782426778242678;0,7574347484728365;LLGC;0,9;20;heart_2classes;6;1;fastgreedy;0,08292110000184039;297,0;13,0;29,0
599;0,7698744769874477;0,7469049040183299;LLGC;0,9;20;heart_2classes;6;1;fastgreedy;0,07453160000295611;297,0;13,0;30,0
600;0,4807692307692308;0,4621834432858055;PhyDL;0,9;2;musk;6;1;fastgreedy;43,7395414999919;476,0;166,0;1,0
601;0,5042735042735043;0,4861037485800833;PhyDL;0,9;2;musk;6;1;fastgreedy;43,7395447999952;476,0;166,0;2,0
602;0,48717948717948717;0,42490834988838144;PhyDL;0,9;2;musk;6;1;fastgreedy;43,7395469999974;476,0;166,0;3,0
603;0,5;0,44443993506493507;PhyDL;0,9;2;musk;6;1;fastgreedy;43,73955439999554;476,0;166,0;4,0
604;0,4636752136752137;0,4517578863359516;PhyDL;0,9;2;musk;6;1;fastgreedy;43,73957109999901;476,0;166,0;5,0
605;0,4700854700854701;0,4257782351427837;PhyDL;0,9;2;musk;6;1;fastgreedy;43,73953969999275;476,0;166,0;6,0
606;0,5106837606837606;0,5082386950237456;PhyDL;0,9;2;musk;6;1;fastgreedy;43,73954419999791;476,0;166,0;7,0
607;0,5042735042735043;0,4458146182115149;PhyDL;0,9;2;musk;6;1;fastgreedy;43,73954309999681;476,0;166,0;8,0
608;0,4636752136752137;0,38963394040165233;PhyDL;0,9;2;musk;6;1;fastgreedy;43,73953709999478;476,0;166,0;9,0
609;0,5042735042735043;0,4458146182115149;PhyDL;0,9;2;musk;6;1;fastgreedy;43,73954149999918;476,0;166,0;10,0
610;0,4594017094017094;0,3947089947089947;PhyDL;0,9;2;musk;6;1;fastgreedy;43,73954339999909;476,0;166,0;11,0
611;0,5064102564102564;0,49730069052102954;PhyDL;0,9;2;musk;6;1;fastgreedy;43,73955419999402;476,0;166,0;12,0
612;0,4935897435897436;0,43298826777087646;PhyDL;0,9;2;musk;6;1;fastgreedy;43,73960189999343;476,0;166,0;13,0
613;0,5021367521367521;0,4713146347967322;PhyDL;0,9;2;musk;6;1;fastgreedy;43,73955379999825;476,0;166,0;14,0
614;0,5;0,4338241376457937;PhyDL;0,9;2;musk;6;1;fastgreedy;43,7395414999919;476,0;166,0;15,0
615;0,49572649572649574;0,4912293632075472;PhyDL;0,9;2;musk;6;1;fastgreedy;43,739544999996724;476,0;166,0;16,0
616;0,5;0,4696241766757071;PhyDL;0,9;2;musk;6;1;fastgreedy;43,739538399990124;476,0;166,0;17,0
617;0,5256410256410257;0,5127926170468187;PhyDL;0,9;2;musk;6;1;fastgreedy;43,73954089999461;476,0;166,0;18,0
618;0,5170940170940171;0,4806332495285983;PhyDL;0,9;2;musk;6;1;fastgreedy;43,73959599999944;476,0;166,0;19,0
619;0,47863247863247865;0,4378876484139642;PhyDL;0,9;2;musk;6;1;fastgreedy;43,73953519999486;476,0;166,0;20,0
620;0,43803418803418803;0,36045309293081496;PhyDL;0,9;2;musk;6;1;fastgreedy;43,73954639999283;476,0;166,0;21,0
621;0,47649572649572647;0,40818506991220327;PhyDL;0,9;2;musk;6;1;fastgreedy;43,739543299991055;476,0;166,0;22,0
622;0,5982905982905983;0,5522989558527203;PhyDL;0,9;2;musk;6;1;fastgreedy;43,73955589999969;476,0;166,0;23,0
623;0,5021367521367521;0,47574747955519014;PhyDL;0,9;2;musk;6;1;fastgreedy;43,73953920000349;476,0;166,0;24,0
624;0,5299145299145299;0,500262100297047;PhyDL;0,9;2;musk;6;1;fastgreedy;43,73954099999537;476,0;166,0;25,0
625;0,4893162393162393;0,42820335863814124;PhyDL;0,9;2;musk;6;1;fastgreedy;43,73954599999706;476,0;166,0;26,0
626;0,49572649572649574;0,42707749766573294;PhyDL;0,9;2;musk;6;1;fastgreedy;43,73953939999046;476,0;166,0;27,0
627;0,5897435897435898;0,4935064935064935;PhyDL;0,9;2;musk;6;1;fastgreedy;43,73955159999605;476,0;166,0;28,0
628;0,48504273504273504;0,4215970338309427;PhyDL;0,9;2;musk;6;1;fastgreedy;43,73953969999275;476,0;166,0;29,0
629;0,5192307692307693;0,4582636655948553;PhyDL;0,9;2;musk;6;1;fastgreedy;43,73954039999808;476,0;166,0;30,0
630;0,5042735042735043;0,49156161612377547;LLGC;0,9;2;musk;6;1;fastgreedy;0,20689690000290284;476,0;166,0;1,0
631;0,49145299145299143;0,4639536450613125;LLGC;0,9;2;musk;6;1;fastgreedy;0,20317680000152905;476,0;166,0;2,0
632;0,45726495726495725;0,3474308300395257;LLGC;0,9;2;musk;6;1;fastgreedy;0,22031910000077914;476,0;166,0;3,0
633;0,4594017094017094;0,3691680652121793;LLGC;0,9;2;musk;6;1;fastgreedy;0,2254843000046094;476,0;166,0;4,0
634;0,47649572649572647;0,45497326203208555;LLGC;0,9;2;musk;6;1;fastgreedy;0,1954468000039924;476,0;166,0;5,0
635;0,44017094017094016;0,3150862454196085;LLGC;0,9;2;musk;6;1;fastgreedy;0,19958970000152476;476,0;166,0;6,0
636;0,5106837606837606;0,5090496804782519;LLGC;0,9;2;musk;6;1;fastgreedy;0,2542055000012624;476,0;166,0;7,0
637;0,4444444444444444;0,32332332332332336;LLGC;0,9;2;musk;6;1;fastgreedy;0,18736879999778466;476,0;166,0;8,0
638;0,4358974358974359;0,30674447312310626;LLGC;0,9;2;musk;6;1;fastgreedy;0,24351749999914318;476,0;166,0;9,0
639;0,48717948717948717;0,4070945945945946;LLGC;0,9;2;musk;6;1;fastgreedy;0,18357919999834849;476,0;166,0;10,0
640;0,43803418803418803;0,31092860381921705;LLGC;0,9;2;musk;6;1;fastgreedy;0,1959158000026946;476,0;166,0;11,0
641;0,532051282051282;0,5264274129829085;LLGC;0,9;2;musk;6;1;fastgreedy;0,3380897000024561;476,0;166,0;12,0
642;0,4337606837606838;0,3025335320417288;LLGC;0,9;2;musk;6;1;fastgreedy;0,25713289999839617;476,0;166,0;13,0
643;0,532051282051282;0,5052113757162926;LLGC;0,9;2;musk;6;1;fastgreedy;0,19945719999668654;476,0;166,0;14,0
644;0,43803418803418803;0,31092860381921705;LLGC;0,9;2;musk;6;1;fastgreedy;0,1859799000012572;476,0;166,0;15,0
645;0,5064102564102564;0,4954425169067921;LLGC;0,9;2;musk;6;1;fastgreedy;0,3492253000003984;476,0;166,0;16,0
646;0,43803418803418803;0,31092860381921705;LLGC;0,9;2;musk;6;1;fastgreedy;0,29537250000430504;476,0;166,0;17,0
647;0,4893162393162393;0,4735459821239463;LLGC;0,9;2;musk;6;1;fastgreedy;0,19163680000201566;476,0;166,0;18,0
648;0,4337606837606838;0,3025335320417288;LLGC;0,9;2;musk;6;1;fastgreedy;0,20729949999804376;476,0;166,0;19,0
649;0,4722222222222222;0,4474986019701467;LLGC;0,9;2;musk;6;1;fastgreedy;0,20175770000059856;476,0;166,0;20,0
650;0,4423076923076923;0,31921771456279296;LLGC;0,9;2;musk;6;1;fastgreedy;0,1962439999988419;476,0;166,0;21,0
651;0,44017094017094016;0,3150862454196085;LLGC;0,9;2;musk;6;1;fastgreedy;0,19820110000000568;476,0;166,0;22,0
652;0,5384615384615384;0,4683048957522459;LLGC;0,9;2;musk;6;1;fastgreedy;0,19634500000393018;476,0;166,0;23,0
653;0,43803418803418803;0,31092860381921705;LLGC;0,9;2;musk;6;1;fastgreedy;0,18596369999431772;476,0;166,0;24,0
654;0,5064102564102564;0,46978591922312957;LLGC;0,9;2;musk;6;1;fastgreedy;0,34327859999757493;476,0;166,0;25,0
655;0,4658119658119658;0,39103097934710196;LLGC;0,9;2;musk;6;1;fastgreedy;0,22767970000131754;476,0;166,0;26,0
656;0,4337606837606838;0,3025335320417288;LLGC;0,9;2;musk;6;1;fastgreedy;0,19647129999793833;476,0;166,0;27,0
657;0,6111111111111112;0,49284302284040293;LLGC;0,9;2;musk;6;1;fastgreedy;0,19705249999969965;476,0;166,0;28,0
658;0,4358974358974359;0,3098578961480025;LLGC;0,9;2;musk;6;1;fastgreedy;0,2201093999974546;476,0;166,0;29,0
659;0,45726495726495725;0,3474308300395257;LLGC;0,9;2;musk;6;1;fastgreedy;0,19755170000280486;476,0;166,0;30,0
660;0,5589519650655022;0,5252668308702791;PhyDL;0,9;4;musk;6;1;fastgreedy;43,739535100001376;476,0;166,0;1,0
661;0,5414847161572053;0,5100556268720582;PhyDL;0,9;4;musk;6;1;fastgreedy;43,7395586999919;476,0;166,0;2,0
662;0,537117903930131;0,5087825805407156;PhyDL;0,9;4;musk;6;1;fastgreedy;43,73955099999148;476,0;166,0;3,0
663;0,5131004366812227;0,4815401406127059;PhyDL;0,9;4;musk;6;1;fastgreedy;43,73953369999799;476,0;166,0;4,0
664;0,519650655021834;0,5037431048069345;PhyDL;0,9;4;musk;6;1;fastgreedy;43,7395394999985;476,0;166,0;5,0
665;0,5393013100436681;0,521221939824517;PhyDL;0,9;4;musk;6;1;fastgreedy;43,7396815999964;476,0;166,0;6,0
666;0,5502183406113537;0,5226849603367331;PhyDL;0,9;4;musk;6;1;fastgreedy;43,73953459999029;476,0;166,0;7,0
667;0,5305676855895196;0,4940786600560022;PhyDL;0,9;4;musk;6;1;fastgreedy;43,73954319999757;476,0;166,0;8,0
668;0,5436681222707423;0,53486722223572;PhyDL;0,9;4;musk;6;1;fastgreedy;43,73954009999579;476,0;166,0;9,0
669;0,5218340611353712;0,49839720348264427;PhyDL;0,9;4;musk;6;1;fastgreedy;43,7395342000018;476,0;166,0;10,0
670;0,5087336244541485;0,48664683992647173;PhyDL;0,9;4;musk;6;1;fastgreedy;43,73970310000004;476,0;166,0;11,0
671;0,5087336244541485;0,5047649255345223;PhyDL;0,9;4;musk;6;1;fastgreedy;43,73953359999723;476,0;166,0;12,0
672;0,6244541484716157;0,6195498889210856;PhyDL;0,9;4;musk;6;1;fastgreedy;43,739536899993254;476,0;166,0;13,0
673;0,519650655021834;0,4775593164094907;PhyDL;0,9;4;musk;6;1;fastgreedy;43,73953609999444;476,0;166,0;14,0
674;0,5829694323144105;0,5828719929428033;PhyDL;0,9;4;musk;6;1;fastgreedy;43,73954089999461;476,0;166,0;15,0
675;0,5131004366812227;0,5095441383383835;PhyDL;0,9;4;musk;6;1;fastgreedy;43,739541299997654;476,0;166,0;16,0
676;0,5829694323144105;0,5569455488419442;PhyDL;0,9;4;musk;6;1;fastgreedy;43,73955789999309;476,0;166,0;17,0
677;0,5131004366812227;0,48386672932995756;PhyDL;0,9;4;musk;6;1;fastgreedy;43,73956069999258;476,0;166,0;18,0
678;0,5327510917030568;0,5234455530272089;PhyDL;0,9;4;musk;6;1;fastgreedy;43,739543899995624;476,0;166,0;19,0
679;0,5436681222707423;0,5249127717971243;PhyDL;0,9;4;musk;6;1;fastgreedy;43,73954640000011;476,0;166,0;20,0
680;0,5589519650655022;0,5412369089178038;PhyDL;0,9;4;musk;6;1;fastgreedy;43,739604399997916;476,0;166,0;21,0
681;0,517467248908297;0,487355844471569;PhyDL;0,9;4;musk;6;1;fastgreedy;43,7395361999952;476,0;166,0;22,0
682;0,5305676855895196;0,5161726193108396;PhyDL;0,9;4;musk;6;1;fastgreedy;43,739538099995116;476,0;166,0;23,0
683;0,5065502183406113;0,46474299307063816;PhyDL;0,9;4;musk;6;1;fastgreedy;43,7395308999985;476,0;166,0;24,0
684;0,5393013100436681;0,5127045357133853;PhyDL;0,9;4;musk;6;1;fastgreedy;43,73958219999622;476,0;166,0;25,0
685;0,5393013100436681;0,5009270018333463;PhyDL;0,9;4;musk;6;1;fastgreedy;43,73953639999672;476,0;166,0;26,0
686;0,5305676855895196;0,4977942113986995;PhyDL;0,9;4;musk;6;1;fastgreedy;43,73954119998962;476,0;166,0;27,0
687;0,5567685589519651;0,5452148604690977;PhyDL;0,9;4;musk;6;1;fastgreedy;43,739536599998246;476,0;166,0;28,0
688;0,5305676855895196;0,4953439625262014;PhyDL;0,9;4;musk;6;1;fastgreedy;43,73953229999461;476,0;166,0;29,0
689;0,5655021834061136;0,5528638359457404;PhyDL;0,9;4;musk;6;1;fastgreedy;43,73959089999698;476,0;166,0;30,0
690;0,43231441048034935;0,3018292682926829;LLGC;0,9;4;musk;6;1;fastgreedy;0,21000610000191955;476,0;166,0;1,0
691;0,5;0,42332920962199316;LLGC;0,9;4;musk;6;1;fastgreedy;0,1870714999968186;476,0;166,0;2,0
692;0,43231441048034935;0,3018292682926829;LLGC;0,9;4;musk;6;1;fastgreedy;0,19355930000165245;476,0;166,0;3,0
693;0,43231441048034935;0,3018292682926829;LLGC;0,9;4;musk;6;1;fastgreedy;0,19984880000265548;476,0;166,0;4,0
694;0,43231441048034935;0,3018292682926829;LLGC;0,9;4;musk;6;1;fastgreedy;0,18831370000407333;476,0;166,0;5,0
695;0,4519650655021834;0,3394850697816057;LLGC;0,9;4;musk;6;1;fastgreedy;0,20935170000302605;476,0;166,0;6,0
696;0,43231441048034935;0,3018292682926829;LLGC;0,9;4;musk;6;1;fastgreedy;0,19403179999790154;476,0;166,0;7,0
697;0,45633187772925765;0,3475671500901056;LLGC;0,9;4;musk;6;1;fastgreedy;0,21280819999810774;476,0;166,0;8,0
698;0,462882096069869;0,3595061054642199;LLGC;0,9;4;musk;6;1;fastgreedy;0,20404310000594705;476,0;166,0;9,0
699;0,43231441048034935;0,3018292682926829;LLGC;0,9;4;musk;6;1;fastgreedy;0,18971130000136327;476,0;166,0;10,0
700;0,4344978165938865;0,3061214939603989;LLGC;0,9;4;musk;6;1;fastgreedy;0,2255689000012353;476,0;166,0;11,0
701;0,49344978165938863;0,4846044896296152;LLGC;0,9;4;musk;6;1;fastgreedy;0,1897666999939247;476,0;166,0;12,0
702;0,43231441048034935;0,3018292682926829;LLGC;0,9;4;musk;6;1;fastgreedy;0,1913395000010496;476,0;166,0;13,0
703;0,4890829694323144;0,4118150684931507;LLGC;0,9;4;musk;6;1;fastgreedy;0,23324159999901894;476,0;166,0;14,0
704;0,5524017467248908;0,552228840678548;LLGC;0,9;4;musk;6;1;fastgreedy;0,2563040000022738;476,0;166,0;15,0
705;0,4585152838427948;0,39537953795379543;LLGC;0,9;4;musk;6;1;fastgreedy;0,20701849999750266;476,0;166,0;16,0
706;0,43231441048034935;0,3018292682926829;LLGC;0,9;4;musk;6;1;fastgreedy;0,19570930000190856;476,0;166,0;17,0
707;0,44759825327510916;0,33130197422713137;LLGC;0,9;4;musk;6;1;fastgreedy;0,19406329999765148;476,0;166,0;18,0
708;0,43231441048034935;0,3018292682926829;LLGC;0,9;4;musk;6;1;fastgreedy;0,21034040000085952;476,0;166,0;19,0
709;0,4344978165938865;0,3061214939603989;LLGC;0,9;4;musk;6;1;fastgreedy;0,20245509999949718;476,0;166,0;20,0
710;0,43231441048034935;0,3018292682926829;LLGC;0,9;4;musk;6;1;fastgreedy;0,1926746000026469;476,0;166,0;21,0
711;0,43231441048034935;0,3018292682926829;LLGC;0,9;4;musk;6;1;fastgreedy;0,1936137999946368;476,0;166,0;22,0
712;0,43231441048034935;0,3018292682926829;LLGC;0,9;4;musk;6;1;fastgreedy;0,1893199000041932;476,0;166,0;23,0
713;0,4344978165938865;0,3061214939603989;LLGC;0,9;4;musk;6;1;fastgreedy;0,18537559999822406;476,0;166,0;24,0
714;0,44759825327510916;0,34265210608424335;LLGC;0,9;4;musk;6;1;fastgreedy;0,22233090000372613;476,0;166,0;25,0
715;0,43231441048034935;0,3018292682926829;LLGC;0,9;4;musk;6;1;fastgreedy;0,19150890000310028;476,0;166,0;26,0
716;0,43231441048034935;0,3018292682926829;LLGC;0,9;4;musk;6;1;fastgreedy;0,19388610000169137;476,0;166,0;27,0
717;0,4672489082969432;0,382121372965322;LLGC;0,9;4;musk;6;1;fastgreedy;0,1884353999994346;476,0;166,0;28,0
718;0,43231441048034935;0,3018292682926829;LLGC;0,9;4;musk;6;1;fastgreedy;0,1915080000035232;476,0;166,0;29,0
719;0,43231441048034935;0,3018292682926829;LLGC;0,9;4;musk;6;1;fastgreedy;0,21629810000013094;476,0;166,0;30,0
720;0,5580357142857143;0,546975546975547;PhyDL;0,9;6;musk;6;1;fastgreedy;43,73953159998928;476,0;166,0;1,0
721;0,5602678571428571;0,5430346648717219;PhyDL;0,9;6;musk;6;1;fastgreedy;43,739543499999854;476,0;166,0;2,0
722;0,53125;0,5066700226529071;PhyDL;0,9;6;musk;6;1;fastgreedy;43,73959340000147;476,0;166,0;3,0
723;0,5602678571428571;0,5519613367651015;PhyDL;0,9;6;musk;6;1;fastgreedy;43,739540699993086;476,0;166,0;4,0
724;0,6116071428571429;0,603515625;PhyDL;0,9;6;musk;6;1;fastgreedy;43,73953829999664;476,0;166,0;5,0
725;0,6049107142857143;0,6021973060425916;PhyDL;0,9;6;musk;6;1;fastgreedy;43,739539800000784;476,0;166,0;6,0
726;0,5357142857142857;0,51033105622701;PhyDL;0,9;6;musk;6;1;fastgreedy;43,739549400001124;476,0;166,0;7,0
727;0,5401785714285714;0,51993341656263;PhyDL;0,9;6;musk;6;1;fastgreedy;43,7395428000018;476,0;166,0;8,0
728;0,5647321428571429;0,5500224061645282;PhyDL;0,9;6;musk;6;1;fastgreedy;43,73953849999816;476,0;166,0;9,0
729;0,5267857142857143;0,5156262749898001;PhyDL;0,9;6;musk;6;1;fastgreedy;43,7395394999985;476,0;166,0;10,0
730;0,5334821428571429;0,5177163225045456;PhyDL;0,9;6;musk;6;1;fastgreedy;43,7395894999936;476,0;166,0;11,0
731;0,6316964285714286;0,6307231172723866;PhyDL;0,9;6;musk;6;1;fastgreedy;43,73958849999326;476,0;166,0;12,0
732;0,5044642857142857;0,4826466916354557;PhyDL;0,9;6;musk;6;1;fastgreedy;43,73955220000062;476,0;166,0;13,0
733;0,5714285714285714;0,5613219094247246;PhyDL;0,9;6;musk;6;1;fastgreedy;43,73953629999596;476,0;166,0;14,0
734;0,5736607142857143;0,5633015723960539;PhyDL;0,9;6;musk;6;1;fastgreedy;43,73954270000104;476,0;166,0;15,0
735;0,53125;0,529138555784669;PhyDL;0,9;6;musk;6;1;fastgreedy;43,73953789999359;476,0;166,0;16,0
736;0,6071428571428571;0,6039858566377371;PhyDL;0,9;6;musk;6;1;fastgreedy;43,73954599999706;476,0;166,0;17,0
737;0,5558035714285714;0,5357996407279165;PhyDL;0,9;6;musk;6;1;fastgreedy;43,73954419999791;476,0;166,0;18,0
738;0,5535714285714286;0,5380967110011341;PhyDL;0,9;6;musk;6;1;fastgreedy;43,73954550000053;476,0;166,0;19,0
739;0,5714285714285714;0,5625;PhyDL;0,9;6;musk;6;1;fastgreedy;43,73975729999802;476,0;166,0;20,0
740;0,5535714285714286;0,5311355311355311;PhyDL;0,9;6;musk;6;1;fastgreedy;43,73953780000011;476,0;166,0;21,0
741;0,6071428571428571;0,6025806451612903;PhyDL;0,9;6;musk;6;1;fastgreedy;43,73953679999249;476,0;166,0;22,0
742;0,5625;0,5620723362658846;PhyDL;0,9;6;musk;6;1;fastgreedy;43,73959539999487;476,0;166,0;23,0
743;0,6049107142857143;0,5969400462551147;PhyDL;0,9;6;musk;6;1;fastgreedy;43,73953780000011;476,0;166,0;24,0
744;0,5200892857142857;0,5104074008183597;PhyDL;0,9;6;musk;6;1;fastgreedy;43,73955919999571;476,0;166,0;25,0
745;0,5401785714285714;0,5381073451982943;PhyDL;0,9;6;musk;6;1;fastgreedy;43,739535100001376;476,0;166,0;26,0
746;0,5915178571428571;0,5747342867369011;PhyDL;0,9;6;musk;6;1;fastgreedy;43,73955269999715;476,0;166,0;27,0
747;0,5825892857142857;0,5718352473385362;PhyDL;0,9;6;musk;6;1;fastgreedy;43,739536599998246;476,0;166,0;28,0
748;0,578125;0,5678743308002837;PhyDL;0,9;6;musk;6;1;fastgreedy;43,739544999996724;476,0;166,0;29,0
749;0,5825892857142857;0,5741682974559686;PhyDL;0,9;6;musk;6;1;fastgreedy;43,73954229999799;476,0;166,0;30,0
750;0,5379464285714286;0,5360021614806142;LLGC;0,9;6;musk;6;1;fastgreedy;0,20185510000010254;476,0;166,0;1,0
751;0,5089285714285714;0,47097217451047746;LLGC;0,9;6;musk;6;1;fastgreedy;0,19626769999740645;476,0;166,0;2,0
752;0,43526785714285715;0,30981652996230735;LLGC;0,9;6;musk;6;1;fastgreedy;0,1939557000005152;476,0;166,0;3,0
753;0,43080357142857145;0,30109204368174725;LLGC;0,9;6;musk;6;1;fastgreedy;0,20058589999825926;476,0;166,0;4,0
754;0,43080357142857145;0,30109204368174725;LLGC;0,9;6;musk;6;1;fastgreedy;0,19700100000045495;476,0;166,0;5,0
755;0,4330357142857143;0,30546875;LLGC;0,9;6;musk;6;1;fastgreedy;0,19681829999899492;476,0;166,0;6,0
756;0,43080357142857145;0,30109204368174725;LLGC;0,9;6;musk;6;1;fastgreedy;0,18730750000395346;476,0;166,0;7,0
757;0,43080357142857145;0,30109204368174725;LLGC;0,9;6;musk;6;1;fastgreedy;0,413789900005213;476,0;166,0;8,0
758;0,4888392857142857;0,44262562274873274;LLGC;0,9;6;musk;6;1;fastgreedy;0,19412000000011176;476,0;166,0;9,0
759;0,4732142857142857;0,4407109606432501;LLGC;0,9;6;musk;6;1;fastgreedy;0,20143520000419812;476,0;166,0;10,0
760;0,4419642857142857;0,32268988872762455;LLGC;0,9;6;musk;6;1;fastgreedy;0,2119987000041874;476,0;166,0;11,0
761;0,46205357142857145;0,386737099201954;LLGC;0,9;6;musk;6;1;fastgreedy;0,21151839999947697;476,0;166,0;12,0
762;0,43080357142857145;0,30109204368174725;LLGC;0,9;6;musk;6;1;fastgreedy;0,1918974000000162;476,0;166,0;13,0
763;0,43080357142857145;0,30109204368174725;LLGC;0,9;6;musk;6;1;fastgreedy;0,19248529999458697;476,0;166,0;14,0
764;0,4375;0,31413574396733984;LLGC;0,9;6;musk;6;1;fastgreedy;0,19088170000031823;476,0;166,0;15,0
765;0,43080357142857145;0,30109204368174725;LLGC;0,9;6;musk;6;1;fastgreedy;0,19373060000361875;476,0;166,0;16,0
766;0,4330357142857143;0,30546875;LLGC;0,9;6;musk;6;1;fastgreedy;0,19475489999604179;476,0;166,0;17,0
767;0,47098214285714285;0,40518646745432846;LLGC;0,9;6;musk;6;1;fastgreedy;0,1913557000007131;476,0;166,0;18,0
768;0,43080357142857145;0,30109204368174725;LLGC;0,9;6;musk;6;1;fastgreedy;0,20645570000488078;476,0;166,0;19,0
769;0,45089285714285715;0,36350405433501976;LLGC;0,9;6;musk;6;1;fastgreedy;0,190147799999977;476,0;166,0;20,0
770;0,5089285714285714;0,45408219785089177;LLGC;0,9;6;musk;6;1;fastgreedy;0,18908389999705832;476,0;166,0;21,0
771;0,43080357142857145;0,30109204368174725;LLGC;0,9;6;musk;6;1;fastgreedy;0,19120530000509461;476,0;166,0;22,0
772;0,43080357142857145;0,30109204368174725;LLGC;0,9;6;musk;6;1;fastgreedy;0,18848470000375528;476,0;166,0;23,0
773;0,43080357142857145;0,30109204368174725;LLGC;0,9;6;musk;6;1;fastgreedy;0,20183199999883072;476,0;166,0;24,0
774;0,45089285714285715;0,38564452471737243;LLGC;0,9;6;musk;6;1;fastgreedy;0,20932670000183862;476,0;166,0;25,0
775;0,5379464285714286;0,5323520067775072;LLGC;0,9;6;musk;6;1;fastgreedy;0,19092699999600882;476,0;166,0;26,0
776;0,43080357142857145;0,30109204368174725;LLGC;0,9;6;musk;6;1;fastgreedy;0,19213329999911366;476,0;166,0;27,0
777;0,43526785714285715;0,30981652996230735;LLGC;0,9;6;musk;6;1;fastgreedy;0,20432289999735076;476,0;166,0;28,0
778;0,43080357142857145;0,30109204368174725;LLGC;0,9;6;musk;6;1;fastgreedy;0,19414700000197627;476,0;166,0;29,0
779;0,43080357142857145;0,30109204368174725;LLGC;0,9;6;musk;6;1;fastgreedy;0,24371669999527512;476,0;166,0;30,0
780;0,5799086757990868;0,5770514516027457;PhyDL;0,9;8;musk;6;1;fastgreedy;43,739596899999015;476,0;166,0;1,0
781;0,5570776255707762;0,5409896283491789;PhyDL;0,9;8;musk;6;1;fastgreedy;43,739548699995794;476,0;166,0;2,0
782;0,58675799086758;0,5801375920855423;PhyDL;0,9;8;musk;6;1;fastgreedy;43,739554200001294;476,0;166,0;3,0
783;0,6050228310502284;0,5995941725717728;PhyDL;0,9;8;musk;6;1;fastgreedy;43,73953409999376;476,0;166,0;4,0
784;0,6278538812785388;0,6274169054216963;PhyDL;0,9;8;musk;6;1;fastgreedy;43,739594799997576;476,0;166,0;5,0
785;0,6050228310502284;0,6048559941177392;PhyDL;0,9;8;musk;6;1;fastgreedy;43,73954979998962;476,0;166,0;6,0
786;0,6118721461187214;0,6117426217540932;PhyDL;0,9;8;musk;6;1;fastgreedy;43,73981489999278;476,0;166,0;7,0
787;0,6004566210045662;0,5870217615016999;PhyDL;0,9;8;musk;6;1;fastgreedy;43,739538099995116;476,0;166,0;8,0
788;0,5525114155251142;0,550929025778373;PhyDL;0,9;8;musk;6;1;fastgreedy;43,739539099995454;476,0;166,0;9,0
789;0,58675799086758;0,5831050204298418;PhyDL;0,9;8;musk;6;1;fastgreedy;43,73953780000011;476,0;166,0;10,0
790;0,589041095890411;0,5881824449969704;PhyDL;0,9;8;musk;6;1;fastgreedy;43,73954729999241;476,0;166,0;11,0
791;0,591324200913242;0,5782911545598795;PhyDL;0,9;8;musk;6;1;fastgreedy;43,739536599998246;476,0;166,0;12,0
792;0,5821917808219178;0,5781257401510567;PhyDL;0,9;8;musk;6;1;fastgreedy;43,73953499999334;476,0;166,0;13,0
793;0,6004566210045662;0,5908836166635532;PhyDL;0,9;8;musk;6;1;fastgreedy;43,73953449999681;476,0;166,0;14,0
794;0,541095890410959;0,5331901694106419;PhyDL;0,9;8;musk;6;1;fastgreedy;43,73958169999969;476,0;166,0;15,0
795;0,5388127853881278;0,5341112538702951;PhyDL;0,9;8;musk;6;1;fastgreedy;43,73957709999377;476,0;166,0;16,0
796;0,6255707762557078;0,6247884498861286;PhyDL;0,9;8;musk;6;1;fastgreedy;43,739543600000616;476,0;166,0;17,0
797;0,5616438356164384;0,5385425812115892;PhyDL;0,9;8;musk;6;1;fastgreedy;43,739538099995116;476,0;166,0;18,0
798;0,5821917808219178;0,5784984460699505;PhyDL;0,9;8;musk;6;1;fastgreedy;43,73953239999537;476,0;166,0;19,0
799;0,5776255707762558;0,5764576745158508;PhyDL;0,9;8;musk;6;1;fastgreedy;43,7395372999963;476,0;166,0;20,0
800;0,5388127853881278;0,516545724777059;PhyDL;0,9;8;musk;6;1;fastgreedy;43,73956159999943;476,0;166,0;21,0
801;0,5570776255707762;0,5284049284049284;PhyDL;0,9;8;musk;6;1;fastgreedy;43,739593699996476;476,0;166,0;22,0
802;0,6118721461187214;0,6075434305953786;PhyDL;0,9;8;musk;6;1;fastgreedy;43,73953299999994;476,0;166,0;23,0
803;0,593607305936073;0,5858354051125135;PhyDL;0,9;8;musk;6;1;fastgreedy;43,739541699993424;476,0;166,0;24,0
804;0,6210045662100456;0,6147063187570214;PhyDL;0,9;8;musk;6;1;fastgreedy;43,73957530000189;476,0;166,0;25,0
805;0,5616438356164384;0,5514592933947773;PhyDL;0,9;8;musk;6;1;fastgreedy;43,73954339999909;476,0;166,0;26,0
806;0,5068493150684932;0,4906976744186047;PhyDL;0,9;8;musk;6;1;fastgreedy;43,73972589999903;476,0;166,0;27,0
807;0,6050228310502284;0,6024845372182206;PhyDL;0,9;8;musk;6;1;fastgreedy;43,73954049999884;476,0;166,0;28,0
808;0,6141552511415526;0,6139922717103925;PhyDL;0,9;8;musk;6;1;fastgreedy;43,73954299999605;476,0;166,0;29,0
809;0,6278538812785388;0,6218918646958198;PhyDL;0,9;8;musk;6;1;fastgreedy;43,73953519999486;476,0;166,0;30,0
810;0,4315068493150685;0,30478406374501993;LLGC;0,9;8;musk;6;1;fastgreedy;0,1921262999967439;476,0;166,0;1,0
811;0,4292237442922374;0,3003194888178914;LLGC;0,9;8;musk;6;1;fastgreedy;0,3464337000041269;476,0;166,0;2,0
812;0,4292237442922374;0,3003194888178914;LLGC;0,9;8;musk;6;1;fastgreedy;0,20438880000438076;476,0;166,0;3,0
813;0,4292237442922374;0,3003194888178914;LLGC;0,9;8;musk;6;1;fastgreedy;0,33091170000261627;476,0;166,0;4,0
814;0,4292237442922374;0,3003194888178914;LLGC;0,9;8;musk;6;1;fastgreedy;0,2215786000015214;476,0;166,0;5,0
815;0,4771689497716895;0,4308105255392438;LLGC;0,9;8;musk;6;1;fastgreedy;0,19716849999531405;476,0;166,0;6,0
816;0,4315068493150685;0,30478406374501993;LLGC;0,9;8;musk;6;1;fastgreedy;0,2208572000017739;476,0;166,0;7,0
817;0,4337899543378995;0,30921855921855923;LLGC;0,9;8;musk;6;1;fastgreedy;0,19260629999917;476,0;166,0;8,0
818;0,4292237442922374;0,3003194888178914;LLGC;0,9;8;musk;6;1;fastgreedy;0,19186600000102771;476,0;166,0;9,0
819;0,4292237442922374;0,3003194888178914;LLGC;0,9;8;musk;6;1;fastgreedy;0,19582119999540737;476,0;166,0;10,0
820;0,502283105022831;0,5012431833852197;LLGC;0,9;8;musk;6;1;fastgreedy;0,19611209999857238;476,0;166,0;11,0
821;0,4315068493150685;0,30478406374501993;LLGC;0,9;8;musk;6;1;fastgreedy;0,20005639999726554;476,0;166,0;12,0
822;0,4315068493150685;0,30478406374501993;LLGC;0,9;8;musk;6;1;fastgreedy;0,19893999999476364;476,0;166,0;13,0
823;0,4406392694063927;0,3223453632660794;LLGC;0,9;8;musk;6;1;fastgreedy;0,18919150000147056;476,0;166,0;14,0
824;0,4292237442922374;0,3003194888178914;LLGC;0,9;8;musk;6;1;fastgreedy;0,2092996999999741;476,0;166,0;15,0
825;0,4292237442922374;0,3003194888178914;LLGC;0,9;8;musk;6;1;fastgreedy;0,19374339999922086;476,0;166,0;16,0
826;0,4292237442922374;0,3003194888178914;LLGC;0,9;8;musk;6;1;fastgreedy;0,21281189999717753;476,0;166,0;17,0
827;0,4292237442922374;0,3003194888178914;LLGC;0,9;8;musk;6;1;fastgreedy;0,24797440000111237;476,0;166,0;18,0
828;0,4315068493150685;0,30478406374501993;LLGC;0,9;8;musk;6;1;fastgreedy;0,1895379999987199;476,0;166,0;19,0
829;0,4315068493150685;0,30478406374501993;LLGC;0,9;8;musk;6;1;fastgreedy;0,21755609999672743;476,0;166,0;20,0
830;0,4292237442922374;0,3003194888178914;LLGC;0,9;8;musk;6;1;fastgreedy;0,20608619999984512;476,0;166,0;21,0
831;0,4429223744292237;0,3266633064516129;LLGC;0,9;8;musk;6;1;fastgreedy;0,1896670999994967;476,0;166,0;22,0
832;0,4337899543378995;0,30921855921855923;LLGC;0,9;8;musk;6;1;fastgreedy;0,18998419999843463;476,0;166,0;23,0
833;0,4292237442922374;0,3003194888178914;LLGC;0,9;8;musk;6;1;fastgreedy;0,19051529999705963;476,0;166,0;24,0
834;0,4292237442922374;0,3003194888178914;LLGC;0,9;8;musk;6;1;fastgreedy;0,209253400003945;476,0;166,0;25,0
835;0,4292237442922374;0,3003194888178914;LLGC;0,9;8;musk;6;1;fastgreedy;0,1867885000028764;476,0;166,0;26,0
836;0,4611872146118721;0,4055483989694516;LLGC;0,9;8;musk;6;1;fastgreedy;0,20429019999573939;476,0;166,0;27,0
837;0,4383561643835616;0,31799883535458384;LLGC;0,9;8;musk;6;1;fastgreedy;0,1870033000013791;476,0;166,0;28,0
838;0,4292237442922374;0,3003194888178914;LLGC;0,9;8;musk;6;1;fastgreedy;0,18827020000026096;476,0;166,0;29,0
839;0,4292237442922374;0,3003194888178914;LLGC;0,9;8;musk;6;1;fastgreedy;0,2142323000007309;476,0;166,0;30,0
840;0,6302325581395349;0,6296537042754765;PhyDL;0,9;10;musk;6;1;fastgreedy;43,73954899999808;476,0;166,0;1,0
841;0,6558139534883721;0,6557841673698103;PhyDL;0,9;10;musk;6;1;fastgreedy;43,73971449999226;476,0;166,0;2,0
842;0,6023255813953489;0,6019617714406353;PhyDL;0,9;10;musk;6;1;fastgreedy;43,73953929999698;476,0;166,0;3,0
843;0,6906976744186046;0,690213475903386;PhyDL;0,9;10;musk;6;1;fastgreedy;43,739549500001885;476,0;166,0;4,0
844;0,5186046511627908;0,4970589730985032;PhyDL;0,9;10;musk;6;1;fastgreedy;43,73959459999605;476,0;166,0;5,0
845;0,6558139534883721;0,655448717948718;PhyDL;0,9;10;musk;6;1;fastgreedy;43,73956039999757;476,0;166,0;6,0
846;0,6093023255813953;0,6073913043478261;PhyDL;0,9;10;musk;6;1;fastgreedy;43,73953939999774;476,0;166,0;7,0
847;0,5883720930232558;0,5871910441446866;PhyDL;0,9;10;musk;6;1;fastgreedy;43,73953349999647;476,0;166,0;8,0
848;0,5976744186046512;0,5928097169537634;PhyDL;0,9;10;musk;6;1;fastgreedy;43,73956749999343;476,0;166,0;9,0
849;0,6209302325581395;0,6189497605184326;PhyDL;0,9;10;musk;6;1;fastgreedy;43,739546099997824;476,0;166,0;10,0
850;0,5767441860465117;0,5683397683397684;PhyDL;0,9;10;musk;6;1;fastgreedy;43,73959759999707;476,0;166,0;11,0
851;0,5767441860465117;0,559951418096759;PhyDL;0,9;10;musk;6;1;fastgreedy;43,73965259999386;476,0;166,0;12,0
852;0,6069767441860465;0,5939565627950897;PhyDL;0,9;10;musk;6;1;fastgreedy;43,739551899991056;476,0;166,0;13,0
853;0,6162790697674418;0,6161108976890904;PhyDL;0,9;10;musk;6;1;fastgreedy;43,73953889999393;476,0;166,0;14,0
854;0,5511627906976744;0,5488178146015799;PhyDL;0,9;10;musk;6;1;fastgreedy;43,7395458999963;476,0;166,0;15,0
855;0,5558139534883721;0,5241020054583698;PhyDL;0,9;10;musk;6;1;fastgreedy;43,73954409999715;476,0;166,0;16,0
856;0,6;0,5965084560829241;PhyDL;0,9;10;musk;6;1;fastgreedy;43,73954079999385;476,0;166,0;17,0
857;0,6;0,5999913464866735;PhyDL;0,9;10;musk;6;1;fastgreedy;43,73954189999495;476,0;166,0;18,0
858;0,6395348837209303;0,6376516127629268;PhyDL;0,9;10;musk;6;1;fastgreedy;43,73954219999723;476,0;166,0;19,0
859;0,6441860465116279;0,6434899939850113;PhyDL;0,9;10;musk;6;1;fastgreedy;43,73955109999952;476,0;166,0;20,0
860;0,5604651162790698;0,5555980861244019;PhyDL;0,9;10;musk;6;1;fastgreedy;43,73956149999867;476,0;166,0;21,0
861;0,6209302325581395;0,6198425999750503;PhyDL;0,9;10;musk;6;1;fastgreedy;43,73954119999689;476,0;166,0;22,0
862;0,5744186046511628;0,5741399184972318;PhyDL;0,9;10;musk;6;1;fastgreedy;43,73953529999562;476,0;166,0;23,0
863;0,6372093023255814;0,6371386532802492;PhyDL;0,9;10;musk;6;1;fastgreedy;43,739550500002224;476,0;166,0;24,0
864;0,6139534883720931;0,607767715843151;PhyDL;0,9;10;musk;6;1;fastgreedy;43,73953489999985;476,0;166,0;25,0
865;0,6162790697674418;0,6120300751879699;PhyDL;0,9;10;musk;6;1;fastgreedy;43,7396035999991;476,0;166,0;26,0
866;0,5744186046511628;0,5662527078200188;PhyDL;0,9;10;musk;6;1;fastgreedy;43,739558899993426;476,0;166,0;27,0
867;0,6093023255813953;0,6020624008461131;PhyDL;0,9;10;musk;6;1;fastgreedy;43,73954599999706;476,0;166,0;28,0
868;0,6209302325581395;0,6186844095293536;PhyDL;0,9;10;musk;6;1;fastgreedy;43,73954219999723;476,0;166,0;29,0
869;0,5906976744186047;0,5855330894433612;PhyDL;0,9;10;musk;6;1;fastgreedy;43,73959319999267;476,0;166,0;30,0
870;0,42790697674418604;0,2996742671009772;LLGC;0,9;10;musk;6;1;fastgreedy;0,19612590000178898;476,0;166,0;1,0
871;0,42790697674418604;0,2996742671009772;LLGC;0,9;10;musk;6;1;fastgreedy;0,1938871999955154;476,0;166,0;2,0
872;0,42790697674418604;0,2996742671009772;LLGC;0,9;10;musk;6;1;fastgreedy;0,18979709999985062;476,0;166,0;3,0
873;0,43023255813953487;0,3042117151329824;LLGC;0,9;10;musk;6;1;fastgreedy;0,2267952999973204;476,0;166,0;4,0
874;0,43023255813953487;0,3042117151329824;LLGC;0,9;10;musk;6;1;fastgreedy;0,20958350000000792;476,0;166,0;5,0
875;0,42790697674418604;0,2996742671009772;LLGC;0,9;10;musk;6;1;fastgreedy;0,23410579999472247;476,0;166,0;6,0
876;0,42790697674418604;0,2996742671009772;LLGC;0,9;10;musk;6;1;fastgreedy;0,19316619999881368;476,0;166,0;7,0
877;0,42790697674418604;0,2996742671009772;LLGC;0,9;10;musk;6;1;fastgreedy;0,19030949999432778;476,0;166,0;8,0
878;0,42790697674418604;0,2996742671009772;LLGC;0,9;10;musk;6;1;fastgreedy;0,18763929999840911;476,0;166,0;9,0
879;0,42790697674418604;0,2996742671009772;LLGC;0,9;10;musk;6;1;fastgreedy;0,2613366000005044;476,0;166,0;10,0
880;0,42790697674418604;0,2996742671009772;LLGC;0,9;10;musk;6;1;fastgreedy;0,21321590000297874;476,0;166,0;11,0
881;0,4372093023255814;0,3176393442622951;LLGC;0,9;10;musk;6;1;fastgreedy;0,18986069999664323;476,0;166,0;12,0
882;0,42790697674418604;0,2996742671009772;LLGC;0,9;10;musk;6;1;fastgreedy;0,27441990000079386;476,0;166,0;13,0
883;0,42790697674418604;0,2996742671009772;LLGC;0,9;10;musk;6;1;fastgreedy;0,20462050000060117;476,0;166,0;14,0
884;0,42790697674418604;0,2996742671009772;LLGC;0,9;10;musk;6;1;fastgreedy;0,4149974000029033;476,0;166,0;15,0
885;0,42790697674418604;0,2996742671009772;LLGC;0,9;10;musk;6;1;fastgreedy;0,18993279999995138;476,0;166,0;16,0
886;0,42790697674418604;0,2996742671009772;LLGC;0,9;10;musk;6;1;fastgreedy;0,1864696999982698;476,0;166,0;17,0
887;0,42790697674418604;0,2996742671009772;LLGC;0,9;10;musk;6;1;fastgreedy;0,5074552000005497;476,0;166,0;18,0
888;0,43023255813953487;0,3042117151329824;LLGC;0,9;10;musk;6;1;fastgreedy;0,18984349999664119;476,0;166,0;19,0
889;0,42790697674418604;0,2996742671009772;LLGC;0,9;10;musk;6;1;fastgreedy;0,19655970000167144;476,0;166,0;20,0
890;0,43023255813953487;0,3042117151329824;LLGC;0,9;10;musk;6;1;fastgreedy;0,2101911999998265;476,0;166,0;21,0
891;0,42790697674418604;0,2996742671009772;LLGC;0,9;10;musk;6;1;fastgreedy;0,20110870000644354;476,0;166,0;22,0
892;0,4813953488372093;0,41062944455712697;LLGC;0,9;10;musk;6;1;fastgreedy;0,19181399999797577;476,0;166,0;23,0
893;0,42790697674418604;0,2996742671009772;LLGC;0,9;10;musk;6;1;fastgreedy;0,1962961000026553;476,0;166,0;24,0
894;0,42790697674418604;0,2996742671009772;LLGC;0,9;10;musk;6;1;fastgreedy;0,19140899999911198;476,0;166,0;25,0
895;0,42790697674418604;0,2996742671009772;LLGC;0,9;10;musk;6;1;fastgreedy;0,2019201000002795;476,0;166,0;26,0
896;0,43023255813953487;0,3042117151329824;LLGC;0,9;10;musk;6;1;fastgreedy;0,2055984999969951;476,0;166,0;27,0
897;0,42790697674418604;0,2996742671009772;LLGC;0,9;10;musk;6;1;fastgreedy;0,19819809999899007;476,0;166,0;28,0
898;0,42790697674418604;0,2996742671009772;LLGC;0,9;10;musk;6;1;fastgreedy;0,18661089999659453;476,0;166,0;29,0
899;0,42790697674418604;0,2996742671009772;LLGC;0,9;10;musk;6;1;fastgreedy;0,18668320000142558;476,0;166,0;30,0
900;0,6095238095238096;0,6075213675213675;PhyDL;0,9;12;musk;6;1;fastgreedy;43,73954249999224;476,0;166,0;1,0
901;0,6428571428571429;0,6428571428571429;PhyDL;0,9;12;musk;6;1;fastgreedy;43,73954139999114;476,0;166,0;2,0
902;0,6333333333333333;0,6319227880084679;PhyDL;0,9;12;musk;6;1;fastgreedy;43,739536100001715;476,0;166,0;3,0
903;0,6214285714285714;0,6127146510778225;PhyDL;0,9;12;musk;6;1;fastgreedy;43,739539499991224;476,0;166,0;4,0
904;0,6476190476190476;0,6474911532528809;PhyDL;0,9;12;musk;6;1;fastgreedy;43,739537599998584;476,0;166,0;5,0
905;0,5976190476190476;0,5895187920355773;PhyDL;0,9;12;musk;6;1;fastgreedy;43,73954899999808;476,0;166,0;6,0
906;0,6333333333333333;0,6328004360069035;PhyDL;0,9;12;musk;6;1;fastgreedy;43,739541299997654;476,0;166,0;7,0
907;0,5714285714285714;0,568601492775787;PhyDL;0,9;12;musk;6;1;fastgreedy;43,73954739999317;476,0;166,0;8,0
908;0,6214285714285714;0,6198575746708335;PhyDL;0,9;12;musk;6;1;fastgreedy;43,73954039999808;476,0;166,0;9,0
909;0,6190476190476191;0,6135710178263369;PhyDL;0,9;12;musk;6;1;fastgreedy;43,73954070000036;476,0;166,0;10,0
910;0,6;0,5947063688999172;PhyDL;0,9;12;musk;6;1;fastgreedy;43,73955379999825;476,0;166,0;11,0
911;0,569047619047619;0,5677513632150838;PhyDL;0,9;12;musk;6;1;fastgreedy;43,739531699997315;476,0;166,0;12,0
912;0,6071428571428571;0,6061582527747942;PhyDL;0,9;12;musk;6;1;fastgreedy;43,73954569999478;476,0;166,0;13,0
913;0,6404761904761904;0,6404741523478024;PhyDL;0,9;12;musk;6;1;fastgreedy;43,73953719999554;476,0;166,0;14,0
914;0,6404761904761904;0,639394783676672;PhyDL;0,9;12;musk;6;1;fastgreedy;43,739535399996385;476,0;166,0;15,0
915;0,6238095238095238;0,6213279769920796;PhyDL;0,9;12;musk;6;1;fastgreedy;43,73953489999985;476,0;166,0;16,0
916;0,5428571428571428;0,5319899712136689;PhyDL;0,9;12;musk;6;1;fastgreedy;43,73954379999486;476,0;166,0;17,0
917;0,65;0,6459354838709677;PhyDL;0,9;12;musk;6;1;fastgreedy;43,73954459999368;476,0;166,0;18,0
918;0,5595238095238095;0,5458026199648099;PhyDL;0,9;12;musk;6;1;fastgreedy;43,7396121999991;476,0;166,0;19,0
919;0,6547619047619048;0,6544308322599315;PhyDL;0,9;12;musk;6;1;fastgreedy;43,739538699999684;476,0;166,0;20,0
920;0,6023809523809524;0,6023245924875975;PhyDL;0,9;12;musk;6;1;fastgreedy;43,73956449999241;476,0;166,0;21,0
921;0,6095238095238096;0,6094883889695211;PhyDL;0,9;12;musk;6;1;fastgreedy;43,73959270000341;476,0;166,0;22,0
922;0,6404761904761904;0,6373492529120135;PhyDL;0,9;12;musk;6;1;fastgreedy;43,739540299997316;476,0;166,0;23,0
923;0,580952380952381;0,569672131147541;PhyDL;0,9;12;musk;6;1;fastgreedy;43,73958339999808;476,0;166,0;24,0
924;0,5428571428571428;0,5297959183673469;PhyDL;0,9;12;musk;6;1;fastgreedy;43,73957150000206;476,0;166,0;25,0
925;0,6904761904761905;0,6904761904761905;PhyDL;0,9;12;musk;6;1;fastgreedy;43,739541799994186;476,0;166,0;26,0
926;0,6166666666666667;0,6099783705839943;PhyDL;0,9;12;musk;6;1;fastgreedy;43,73957959999825;476,0;166,0;27,0
927;0,6;0,5998548226113782;PhyDL;0,9;12;musk;6;1;fastgreedy;43,739539599991986;476,0;166,0;28,0
928;0,5595238095238095;0,5534457094581003;PhyDL;0,9;12;musk;6;1;fastgreedy;43,73953829999664;476,0;166,0;29,0
929;0,5904761904761905;0,5874451754385965;PhyDL;0,9;12;musk;6;1;fastgreedy;43,73959179999656;476,0;166,0;30,0
930;0,4261904761904762;0,2988313856427379;LLGC;0,9;12;musk;6;1;fastgreedy;0,19333650000044145;476,0;166,0;1,0
931;0,4261904761904762;0,2988313856427379;LLGC;0,9;12;musk;6;1;fastgreedy;0,1888297000041348;476,0;166,0;2,0
932;0,4261904761904762;0,2988313856427379;LLGC;0,9;12;musk;6;1;fastgreedy;0,21219700000074226;476,0;166,0;3,0
933;0,42857142857142855;0,30346333508388845;LLGC;0,9;12;musk;6;1;fastgreedy;0,1923674999998184;476,0;166,0;4,0
934;0,4261904761904762;0,2988313856427379;LLGC;0,9;12;musk;6;1;fastgreedy;0,18961509999644477;476,0;166,0;5,0
935;0,4261904761904762;0,2988313856427379;LLGC;0,9;12;musk;6;1;fastgreedy;0,22202280000055907;476,0;166,0;6,0
936;0,4261904761904762;0,2988313856427379;LLGC;0,9;12;musk;6;1;fastgreedy;0,18841000000247732;476,0;166,0;7,0
937;0,42857142857142855;0,30346333508388845;LLGC;0,9;12;musk;6;1;fastgreedy;0,1887611000056495;476,0;166,0;8,0
938;0,4261904761904762;0,2988313856427379;LLGC;0,9;12;musk;6;1;fastgreedy;0,19834109999646898;476,0;166,0;9,0
939;0,4261904761904762;0,2988313856427379;LLGC;0,9;12;musk;6;1;fastgreedy;0,19870160000573378;476,0;166,0;10,0
940;0,4261904761904762;0,2988313856427379;LLGC;0,9;12;musk;6;1;fastgreedy;0,1887683000022662;476,0;166,0;11,0
941;0,4261904761904762;0,2988313856427379;LLGC;0,9;12;musk;6;1;fastgreedy;0,1865950999999768;476,0;166,0;12,0
942;0,4261904761904762;0,2988313856427379;LLGC;0,9;12;musk;6;1;fastgreedy;0,20458199999848148;476,0;166,0;13,0
943;0,4261904761904762;0,2988313856427379;LLGC;0,9;12;musk;6;1;fastgreedy;0,1905486999967252;476,0;166,0;14,0
944;0,42857142857142855;0,30346333508388845;LLGC;0,9;12;musk;6;1;fastgreedy;0,2177400000000489;476,0;166,0;15,0
945;0,4261904761904762;0,2988313856427379;LLGC;0,9;12;musk;6;1;fastgreedy;0,21240100000431994;476,0;166,0;16,0
946;0,4261904761904762;0,2988313856427379;LLGC;0,9;12;musk;6;1;fastgreedy;0,19901499999832595;476,0;166,0;17,0
947;0,530952380952381;0,5233623862988288;LLGC;0,9;12;musk;6;1;fastgreedy;0,19256390000373358;476,0;166,0;18,0
948;0,4261904761904762;0,2988313856427379;LLGC;0,9;12;musk;6;1;fastgreedy;0,22214199999871198;476,0;166,0;19,0
949;0,4261904761904762;0,2988313856427379;LLGC;0,9;12;musk;6;1;fastgreedy;0,19045310000365134;476,0;166,0;20,0
950;0,4261904761904762;0,2988313856427379;LLGC;0,9;12;musk;6;1;fastgreedy;0,21159549999720184;476,0;166,0;21,0
951;0,4261904761904762;0,2988313856427379;LLGC;0,9;12;musk;6;1;fastgreedy;0,2790088999972795;476,0;166,0;22,0
952;0,4261904761904762;0,2988313856427379;LLGC;0,9;12;musk;6;1;fastgreedy;0,1881329000025289;476,0;166,0;23,0
953;0,4261904761904762;0,2988313856427379;LLGC;0,9;12;musk;6;1;fastgreedy;0,2001447000002372;476,0;166,0;24,0
954;0,44047619047619047;0,3261464726805989;LLGC;0,9;12;musk;6;1;fastgreedy;0,18352279999817256;476,0;166,0;25,0
955;0,4261904761904762;0,2988313856427379;LLGC;0,9;12;musk;6;1;fastgreedy;0,19412200000078883;476,0;166,0;26,0
956;0,4261904761904762;0,2988313856427379;LLGC;0,9;12;musk;6;1;fastgreedy;0,26384690000122646;476,0;166,0;27,0
957;0,42857142857142855;0,30346333508388845;LLGC;0,9;12;musk;6;1;fastgreedy;0,194027500001539;476,0;166,0;28,0
958;0,4261904761904762;0,2988313856427379;LLGC;0,9;12;musk;6;1;fastgreedy;0,19189629999891622;476,0;166,0;29,0
959;0,4261904761904762;0,2988313856427379;LLGC;0,9;12;musk;6;1;fastgreedy;0,19348819999868283;476,0;166,0;30,0
960;0,6341463414634146;0,6340069985003214;PhyDL;0,9;14;musk;6;1;fastgreedy;43,73955419999402;476,0;166,0;1,0
961;0,6317073170731707;0,6316525360702068;PhyDL;0,9;14;musk;6;1;fastgreedy;43,73957989999326;476,0;166,0;2,0
962;0,6682926829268293;0,6676521075720008;PhyDL;0,9;14;musk;6;1;fastgreedy;43,73953829999664;476,0;166,0;3,0
963;0,6682926829268293;0,668166345306958;PhyDL;0,9;14;musk;6;1;fastgreedy;43,73953900000197;476,0;166,0;4,0
964;0,6219512195121951;0,6160097644094527;PhyDL;0,9;14;musk;6;1;fastgreedy;43,73953569999139;476,0;166,0;5,0
965;0,624390243902439;0,6226302326137368;PhyDL;0,9;14;musk;6;1;fastgreedy;43,73958599999605;476,0;166,0;6,0
966;0,5829268292682926;0,5773730943812503;PhyDL;0,9;14;musk;6;1;fastgreedy;43,73954559999402;476,0;166,0;7,0
967;0,6341463414634146;0,6340069985003214;PhyDL;0,9;14;musk;6;1;fastgreedy;43,7397082000025;476,0;166,0;8,0
968;0,6390243902439025;0,6365248226950355;PhyDL;0,9;14;musk;6;1;fastgreedy;43,73954859999503;476,0;166,0;9,0
969;0,6097560975609756;0,6088252832438878;PhyDL;0,9;14;musk;6;1;fastgreedy;43,73953989999427;476,0;166,0;10,0
970;0,6707317073170732;0,6698656200979369;PhyDL;0,9;14;musk;6;1;fastgreedy;43,7395436999941;476,0;166,0;11,0
971;0,651219512195122;0,6509682757963793;PhyDL;0,9;14;musk;6;1;fastgreedy;43,73962890000257;476,0;166,0;12,0
972;0,6585365853658537;0,6580157765544197;PhyDL;0,9;14;musk;6;1;fastgreedy;43,739552499995625;476,0;166,0;13,0
973;0,6463414634146342;0,6459855535904627;PhyDL;0,9;14;musk;6;1;fastgreedy;43,73954349999258;476,0;166,0;14,0
974;0,6219512195121951;0,6164732436526472;PhyDL;0,9;14;musk;6;1;fastgreedy;43,739540599992324;476,0;166,0;15,0
975;0,5585365853658537;0,5432528081243269;PhyDL;0,9;14;musk;6;1;fastgreedy;43,739541299997654;476,0;166,0;16,0
976;0,5804878048780487;0,5782296650717704;PhyDL;0,9;14;musk;6;1;fastgreedy;43,73953779999283;476,0;166,0;17,0
977;0,6024390243902439;0,6009553664726078;PhyDL;0,9;14;musk;6;1;fastgreedy;43,73954119999689;476,0;166,0;18,0
978;0,6219512195121951;0,6213001531484825;PhyDL;0,9;14;musk;6;1;fastgreedy;43,73958449999918;476,0;166,0;19,0
979;0,6048780487804878;0,5979029445951182;PhyDL;0,9;14;musk;6;1;fastgreedy;43,73955610000121;476,0;166,0;20,0
980;0,6121951219512195;0,6056046608708279;PhyDL;0,9;14;musk;6;1;fastgreedy;43,73953489999985;476,0;166,0;21,0
981;0,6121951219512195;0,6082779009608278;PhyDL;0,9;14;musk;6;1;fastgreedy;43,739589999997406;476,0;166,0;22,0
982;0,5926829268292683;0,5862814881056684;PhyDL;0,9;14;musk;6;1;fastgreedy;43,739556799999264;476,0;166,0;23,0
983;0,6560975609756098;0,6556366344005957;PhyDL;0,9;14;musk;6;1;fastgreedy;43,739544999996724;476,0;166,0;24,0
984;0,6609756097560976;0,6608767576509511;PhyDL;0,9;14;musk;6;1;fastgreedy;43,73959269999614;476,0;166,0;25,0
985;0,5560975609756098;0,554815769377625;PhyDL;0,9;14;musk;6;1;fastgreedy;43,73953819999588;476,0;166,0;26,0
986;0,5560975609756098;0,532561577589015;PhyDL;0,9;14;musk;6;1;fastgreedy;43,7395630999963;476,0;166,0;27,0
987;0,6292682926829268;0,6283840190816935;PhyDL;0,9;14;musk;6;1;fastgreedy;43,73955759999808;476,0;166,0;28,0
988;0,6146341463414634;0,6112951228878649;PhyDL;0,9;14;musk;6;1;fastgreedy;43,7395436999941;476,0;166,0;29,0
989;0,5902439024390244;0,5863063063063063;PhyDL;0,9;14;musk;6;1;fastgreedy;43,73959409999952;476,0;166,0;30,0
990;0,424390243902439;0,2979452054794521;LLGC;0,9;14;musk;6;1;fastgreedy;0,19190399999934016;476,0;166,0;1,0
991;0,4268292682926829;0,3026756700031121;LLGC;0,9;14;musk;6;1;fastgreedy;0,2025372000061907;476,0;166,0;2,0
992;0,43658536585365854;0,3212650226818309;LLGC;0,9;14;musk;6;1;fastgreedy;0,18757589999586344;476,0;166,0;3,0
993;0,424390243902439;0,2979452054794521;LLGC;0,9;14;musk;6;1;fastgreedy;0,18912409999757074;476,0;166,0;4,0
994;0,424390243902439;0,2979452054794521;LLGC;0,9;14;musk;6;1;fastgreedy;0,19229420000192476;476,0;166,0;5,0
995;0,424390243902439;0,2979452054794521;LLGC;0,9;14;musk;6;1;fastgreedy;0,24264819999370957;476,0;166,0;6,0
996;0,4268292682926829;0,3026756700031121;LLGC;0,9;14;musk;6;1;fastgreedy;0,36732409999967786;476,0;166,0;7,0
997;0,424390243902439;0,2979452054794521;LLGC;0,9;14;musk;6;1;fastgreedy;0,21122530000138795;476,0;166,0;8,0
998;0,424390243902439;0,2979452054794521;LLGC;0,9;14;musk;6;1;fastgreedy;0,21538790000340668;476,0;166,0;9,0
999;0,424390243902439;0,2979452054794521;LLGC;0,9;14;musk;6;1;fastgreedy;0,1870920000001206;476,0;166,0;10,0
1000;0,424390243902439;0,2979452054794521;LLGC;0,9;14;musk;6;1;fastgreedy;0,19109079999907408;476,0;166,0;11,0
1001;0,424390243902439;0,2979452054794521;LLGC;0,9;14;musk;6;1;fastgreedy;0,19048879999900237;476,0;166,0;12,0
1002;0,43658536585365854;0,33386787078260505;LLGC;0,9;14;musk;6;1;fastgreedy;0,18913590000011027;476,0;166,0;13,0
1003;0,424390243902439;0,2979452054794521;LLGC;0,9;14;musk;6;1;fastgreedy;0,19384110000100918;476,0;166,0;14,0
1004;0,424390243902439;0,2979452054794521;LLGC;0,9;14;musk;6;1;fastgreedy;0,19671359999483684;476,0;166,0;15,0
1005;0,4292682926829268;0,3073724335094863;LLGC;0,9;14;musk;6;1;fastgreedy;0,4658188999965205;476,0;166,0;16,0
1006;0,424390243902439;0,2979452054794521;LLGC;0,9;14;musk;6;1;fastgreedy;0,26372689999698196;476,0;166,0;17,0
1007;0,424390243902439;0,2979452054794521;LLGC;0,9;14;musk;6;1;fastgreedy;0,1890311000024667;476,0;166,0;18,0
1008;0,424390243902439;0,2979452054794521;LLGC;0,9;14;musk;6;1;fastgreedy;0,2797926999992342;476,0;166,0;19,0
1009;0,424390243902439;0,2979452054794521;LLGC;0,9;14;musk;6;1;fastgreedy;0,19147100000554929;476,0;166,0;20,0
1010;0,424390243902439;0,2979452054794521;LLGC;0,9;14;musk;6;1;fastgreedy;0,19420069999614498;476,0;166,0;21,0
1011;0,424390243902439;0,2979452054794521;LLGC;0,9;14;musk;6;1;fastgreedy;0,20890459999645827;476,0;166,0;22,0
1012;0,4292682926829268;0,3073724335094863;LLGC;0,9;14;musk;6;1;fastgreedy;0,19169099999999162;476,0;166,0;23,0
1013;0,424390243902439;0,2979452054794521;LLGC;0,9;14;musk;6;1;fastgreedy;0,20562290000088979;476,0;166,0;24,0
1014;0,424390243902439;0,2979452054794521;LLGC;0,9;14;musk;6;1;fastgreedy;0,18895850000262726;476,0;166,0;25,0
1015;0,424390243902439;0,2979452054794521;LLGC;0,9;14;musk;6;1;fastgreedy;0,19329930000094464;476,0;166,0;26,0
1016;0,424390243902439;0,2979452054794521;LLGC;0,9;14;musk;6;1;fastgreedy;0,22350160000496544;476,0;166,0;27,0
1017;0,424390243902439;0,2979452054794521;LLGC;0,9;14;musk;6;1;fastgreedy;0,20453509999788366;476,0;166,0;28,0
1018;0,4268292682926829;0,3026756700031121;LLGC;0,9;14;musk;6;1;fastgreedy;0,19925260000309208;476,0;166,0;29,0
1019;0,424390243902439;0,2979452054794521;LLGC;0,9;14;musk;6;1;fastgreedy;0,1949668000015663;476,0;166,0;30,0
1020;0,575;0,569304046008462;PhyDL;0,9;16;musk;6;1;fastgreedy;43,73953879999317;476,0;166,0;1,0
1021;0,5825;0,573846418842623;PhyDL;0,9;16;musk;6;1;fastgreedy;43,7395394999985;476,0;166,0;2,0
1022;0,68;0,6797117405665098;PhyDL;0,9;16;musk;6;1;fastgreedy;43,73954379999486;476,0;166,0;3,0
1023;0,66;0,6599914997874947;PhyDL;0,9;16;musk;6;1;fastgreedy;43,739589500000875;476,0;166,0;4,0
1024;0,6475;0,6473920138042275;PhyDL;0,9;16;musk;6;1;fastgreedy;43,739541299997654;476,0;166,0;5,0
1025;0,6375;0,6324251700033588;PhyDL;0,9;16;musk;6;1;fastgreedy;43,73958809999749;476,0;166,0;6,0
1026;0,59;0,5858585858585859;PhyDL;0,9;16;musk;6;1;fastgreedy;43,739533999993;476,0;166,0;7,0
1027;0,64;0,6376811594202898;PhyDL;0,9;16;musk;6;1;fastgreedy;43,739539199996216;476,0;166,0;8,0
1028;0,6275;0,6273858869278717;PhyDL;0,9;16;musk;6;1;fastgreedy;43,73954149999918;476,0;166,0;9,0
1029;0,5775;0,5734450621217954;PhyDL;0,9;16;musk;6;1;fastgreedy;43,739554699997825;476,0;166,0;10,0
1030;0,6475;0,6474801707596052;PhyDL;0,9;16;musk;6;1;fastgreedy;43,73954749999393;476,0;166,0;11,0
1031;0,58;0,5782179709271673;PhyDL;0,9;16;musk;6;1;fastgreedy;43,73958109999512;476,0;166,0;12,0
1032;0,6625;0,6623290540836299;PhyDL;0,9;16;musk;6;1;fastgreedy;43,73959189999732;476,0;166,0;13,0
1033;0,6625;0,6613804390766973;PhyDL;0,9;16;musk;6;1;fastgreedy;43,739589899996645;476,0;166,0;14,0
1034;0,6675;0,6668983351178066;PhyDL;0,9;16;musk;6;1;fastgreedy;43,73954779999622;476,0;166,0;15,0
1035;0,625;0,6249156060113525;PhyDL;0,9;16;musk;6;1;fastgreedy;43,73953669999901;476,0;166,0;16,0
1036;0,595;0,5927089880578253;PhyDL;0,9;16;musk;6;1;fastgreedy;43,73953929999698;476,0;166,0;17,0
1037;0,5625;0,562365974579715;PhyDL;0,9;16;musk;6;1;fastgreedy;43,739540599992324;476,0;166,0;18,0
1038;0,6325;0,6321114176849296;PhyDL;0,9;16;musk;6;1;fastgreedy;43,73952549999376;476,0;166,0;19,0
1039;0,575;0,5623519719905262;PhyDL;0,9;16;musk;6;1;fastgreedy;43,73954149999918;476,0;166,0;20,0
1040;0,6225;0,6176610223136572;PhyDL;0,9;16;musk;6;1;fastgreedy;43,73957469999732;476,0;166,0;21,0
1041;0,61;0,604301948051948;PhyDL;0,9;16;musk;6;1;fastgreedy;43,73959449999529;476,0;166,0;22,0
1042;0,6175;0,6166350327927386;PhyDL;0,9;16;musk;6;1;fastgreedy;43,73959899999318;476,0;166,0;23,0
1043;0,5775;0,5742402771217131;PhyDL;0,9;16;musk;6;1;fastgreedy;43,739640699997835;476,0;166,0;24,0
1044;0,6225;0,6224410064072512;PhyDL;0,9;16;musk;6;1;fastgreedy;43,73955069999647;476,0;166,0;25,0
1045;0,645;0,6437173825772782;PhyDL;0,9;16;musk;6;1;fastgreedy;43,73955539999588;476,0;166,0;26,0
1046;0,6175;0,617478483164678;PhyDL;0,9;16;musk;6;1;fastgreedy;43,73953600000095;476,0;166,0;27,0
1047;0,6325;0,6322218677875143;PhyDL;0,9;16;musk;6;1;fastgreedy;43,73954119999689;476,0;166,0;28,0
1048;0,67;0,6695952541863783;PhyDL;0,9;16;musk;6;1;fastgreedy;43,73954729999241;476,0;166,0;29,0
1049;0,7025;0,7009280028147953;PhyDL;0,9;16;musk;6;1;fastgreedy;43,739570199999434;476,0;166,0;30,0
1050;0,4225;0,29701230228471004;LLGC;0,9;16;musk;6;1;fastgreedy;0,19914840000274125;476,0;166,0;1,0
1051;0,4225;0,29701230228471004;LLGC;0,9;16;musk;6;1;fastgreedy;0,2051558999955887;476,0;166,0;2,0
1052;0,4225;0,29701230228471004;LLGC;0,9;16;musk;6;1;fastgreedy;0,19080060000123922;476,0;166,0;3,0
1053;0,4225;0,29701230228471004;LLGC;0,9;16;musk;6;1;fastgreedy;0,20129520000045886;476,0;166,0;4,0
1054;0,4225;0,29701230228471004;LLGC;0,9;16;musk;6;1;fastgreedy;0,19363609999709297;476,0;166,0;5,0
1055;0,4225;0,29701230228471004;LLGC;0,9;16;musk;6;1;fastgreedy;0,4586686999973608;476,0;166,0;6,0
1056;0,4225;0,29701230228471004;LLGC;0,9;16;musk;6;1;fastgreedy;0,26571120000153314;476,0;166,0;7,0
1057;0,4225;0,29701230228471004;LLGC;0,9;16;musk;6;1;fastgreedy;0,19503660000191303;476,0;166,0;8,0
1058;0,4225;0,29701230228471004;LLGC;0,9;16;musk;6;1;fastgreedy;0,19028359999356326;476,0;166,0;9,0
1059;0,4225;0,29701230228471004;LLGC;0,9;16;musk;6;1;fastgreedy;0,21366159999888623;476,0;166,0;10,0
1060;0,4275;0,30664365571375585;LLGC;0,9;16;musk;6;1;fastgreedy;0,1854721999989124;476,0;166,0;11,0
1061;0,4225;0,29701230228471004;LLGC;0,9;16;musk;6;1;fastgreedy;0,20703499999945052;476,0;166,0;12,0
1062;0,4225;0,29701230228471004;LLGC;0,9;16;musk;6;1;fastgreedy;0,19057679999968968;476,0;166,0;13,0
1063;0,4225;0,29701230228471004;LLGC;0,9;16;musk;6;1;fastgreedy;0,1828109000052791;476,0;166,0;14,0
1064;0,4225;0,29701230228471004;LLGC;0,9;16;musk;6;1;fastgreedy;0,18786670000554295;476,0;166,0;15,0
1065;0,4225;0,29701230228471004;LLGC;0,9;16;musk;6;1;fastgreedy;0,20459489999484504;476,0;166,0;16,0
1066;0,4225;0,29701230228471004;LLGC;0,9;16;musk;6;1;fastgreedy;0,2239733999958844;476,0;166,0;17,0
1067;0,4225;0,29701230228471004;LLGC;0,9;16;musk;6;1;fastgreedy;0,21857440000167117;476,0;166,0;18,0
1068;0,425;0,3018455560951918;LLGC;0,9;16;musk;6;1;fastgreedy;0,19259949999832315;476,0;166,0;19,0
1069;0,4225;0,29701230228471004;LLGC;0,9;16;musk;6;1;fastgreedy;0,3641205000021728;476,0;166,0;20,0
1070;0,4225;0,29701230228471004;LLGC;0,9;16;musk;6;1;fastgreedy;0,24253950000274926;476,0;166,0;21,0
1071;0,4225;0,29701230228471004;LLGC;0,9;16;musk;6;1;fastgreedy;0,32406949999858625;476,0;166,0;22,0
1072;0,4225;0,29701230228471004;LLGC;0,9;16;musk;6;1;fastgreedy;0,6016203999970458;476,0;166,0;23,0
1073;0,425;0,3018455560951918;LLGC;0,9;16;musk;6;1;fastgreedy;0,6778751999954693;476,0;166,0;24,0
1074;0,4225;0,29701230228471004;LLGC;0,9;16;musk;6;1;fastgreedy;0,5490787000017008;476,0;166,0;25,0
1075;0,4225;0,29701230228471004;LLGC;0,9;16;musk;6;1;fastgreedy;0,40127639999991516;476,0;166,0;26,0
1076;0,4225;0,29701230228471004;LLGC;0,9;16;musk;6;1;fastgreedy;0,19188829999620793;476,0;166,0;27,0
1077;0,4225;0,29701230228471004;LLGC;0,9;16;musk;6;1;fastgreedy;0,2381385999979102;476,0;166,0;28,0
1078;0,4225;0,29701230228471004;LLGC;0,9;16;musk;6;1;fastgreedy;0,19818120000127237;476,0;166,0;29,0
1079;0,425;0,3018455560951918;LLGC;0,9;16;musk;6;1;fastgreedy;0,1954604999991716;476,0;166,0;30,0
1080;0,5943877551020408;0,5921556310241259;PhyDL;0,9;18;musk;6;1;fastgreedy;43,73953220000112;476,0;166,0;1,0
1081;0,6326530612244898;0,6312709030100334;PhyDL;0,9;18;musk;6;1;fastgreedy;43,739539599991986;476,0;166,0;2,0
1082;0,6403061224489796;0,6400226646607139;PhyDL;0,9;18;musk;6;1;fastgreedy;43,73956239999825;476,0;166,0;3,0
1083;0,6454081632653061;0,6447400162999185;PhyDL;0,9;18;musk;6;1;fastgreedy;43,739535399996385;476,0;166,0;4,0
1084;0,6275510204081632;0,6270753512132823;PhyDL;0,9;18;musk;6;1;fastgreedy;43,739542799994524;476,0;166,0;5,0
1085;0,6428571428571429;0,6412790545663712;PhyDL;0,9;18;musk;6;1;fastgreedy;43,73953999999503;476,0;166,0;6,0
1086;0,6224489795918368;0,6222916666666667;PhyDL;0,9;18;musk;6;1;fastgreedy;43,73953679999977;476,0;166,0;7,0
1087;0,5714285714285714;0,5573122529644269;PhyDL;0,9;18;musk;6;1;fastgreedy;43,73954299999605;476,0;166,0;8,0
1088;0,6198979591836735;0,6171849909880387;PhyDL;0,9;18;musk;6;1;fastgreedy;43,739581000001635;476,0;166,0;9,0
1089;0,6658163265306123;0,6654483859409102;PhyDL;0,9;18;musk;6;1;fastgreedy;43,73953529999562;476,0;166,0;10,0
1090;0,6147959183673469;0,6145927609175494;PhyDL;0,9;18;musk;6;1;fastgreedy;43,739543499999854;476,0;166,0;11,0
1091;0,6530612244897959;0,6530250963240654;PhyDL;0,9;18;musk;6;1;fastgreedy;43,73953419999452;476,0;166,0;12,0
1092;0,6275510204081632;0,6227986923969209;PhyDL;0,9;18;musk;6;1;fastgreedy;43,73958579999453;476,0;166,0;13,0
1093;0,5867346938775511;0,5862068965517242;PhyDL;0,9;18;musk;6;1;fastgreedy;43,73953929999698;476,0;166,0;14,0
1094;0,6530612244897959;0,653052193153716;PhyDL;0,9;18;musk;6;1;fastgreedy;43,739541299997654;476,0;166,0;15,0
1095;0,6530612244897959;0,6526181353767561;PhyDL;0,9;18;musk;6;1;fastgreedy;43,73953559999791;476,0;166,0;16,0
1096;0,6658163265306123;0,6658141517476556;PhyDL;0,9;18;musk;6;1;fastgreedy;43,739557399996556;476,0;166,0;17,0
1097;0,6811224489795918;0,6791156689783435;PhyDL;0,9;18;musk;6;1;fastgreedy;43,73954679999588;476,0;166,0;18,0
1098;0,6147959183673469;0,6145927609175494;PhyDL;0,9;18;musk;6;1;fastgreedy;43,73953389999224;476,0;166,0;19,0
1099;0,6479591836734694;0,6470404008769183;PhyDL;0,9;18;musk;6;1;fastgreedy;43,73954889999732;476,0;166,0;20,0
1100;0,6683673469387755;0,6675018269130389;PhyDL;0,9;18;musk;6;1;fastgreedy;43,739584599999944;476,0;166,0;21,0
1101;0,6020408163265306;0,5964842822076174;PhyDL;0,9;18;musk;6;1;fastgreedy;43,739536899993254;476,0;166,0;22,0
1102;0,5943877551020408;0,5936234718826405;PhyDL;0,9;18;musk;6;1;fastgreedy;43,73955179999757;476,0;166,0;23,0
1103;0,6454081632653061;0,6450177530212711;PhyDL;0,9;18;musk;6;1;fastgreedy;43,739535399996385;476,0;166,0;24,0
1104;0,6096938775510204;0,6034985422740524;PhyDL;0,9;18;musk;6;1;fastgreedy;43,739684899992426;476,0;166,0;25,0
1105;0,6198979591836735;0,6175058774221855;PhyDL;0,9;18;musk;6;1;fastgreedy;43,73958059999859;476,0;166,0;26,0
1106;0,6301020408163265;0,6264041066628105;PhyDL;0,9;18;musk;6;1;fastgreedy;43,73955069999647;476,0;166,0;27,0
1107;0,5867346938775511;0,5866378524748093;PhyDL;0,9;18;musk;6;1;fastgreedy;43,739541799994186;476,0;166,0;28,0
1108;0,6709183673469388;0,6708990921219615;PhyDL;0,9;18;musk;6;1;fastgreedy;43,739543199990294;476,0;166,0;29,0
1109;0,5637755102040817;0,5579501315624609;PhyDL;0,9;18;musk;6;1;fastgreedy;43,739532099993085;476,0;166,0;30,0
1110;0,42091836734693877;0,296229802513465;LLGC;0,9;18;musk;6;1;fastgreedy;0,2066013000003295;476,0;166,0;1,0
1111;0,42091836734693877;0,296229802513465;LLGC;0,9;18;musk;6;1;fastgreedy;0,19606060000660364;476,0;166,0;2,0
1112;0,42346938775510207;0,30114855484033826;LLGC;0,9;18;musk;6;1;fastgreedy;0,20906269999977667;476,0;166,0;3,0
1113;0,42091836734693877;0,296229802513465;LLGC;0,9;18;musk;6;1;fastgreedy;0,193356900002982;476,0;166,0;4,0
1114;0,42091836734693877;0,296229802513465;LLGC;0,9;18;musk;6;1;fastgreedy;0,18928279999818187;476,0;166,0;5,0
1115;0,42091836734693877;0,296229802513465;LLGC;0,9;18;musk;6;1;fastgreedy;0,20773560000088764;476,0;166,0;6,0
1116;0,42091836734693877;0,296229802513465;LLGC;0,9;18;musk;6;1;fastgreedy;0,1939607000022079;476,0;166,0;7,0
1117;0,42091836734693877;0,296229802513465;LLGC;0,9;18;musk;6;1;fastgreedy;0,19854189999750815;476,0;166,0;8,0
1118;0,42091836734693877;0,296229802513465;LLGC;0,9;18;musk;6;1;fastgreedy;0,1902232000065851;476,0;166,0;9,0
1119;0,42091836734693877;0,296229802513465;LLGC;0,9;18;musk;6;1;fastgreedy;0,19263179999688873;476,0;166,0;10,0
1120;0,42091836734693877;0,296229802513465;LLGC;0,9;18;musk;6;1;fastgreedy;0,21111129999917466;476,0;166,0;11,0
1121;0,42091836734693877;0,296229802513465;LLGC;0,9;18;musk;6;1;fastgreedy;0,1935167999981786;476,0;166,0;12,0
1122;0,42091836734693877;0,296229802513465;LLGC;0,9;18;musk;6;1;fastgreedy;0,20553469999867957;476,0;166,0;13,0
1123;0,42091836734693877;0,296229802513465;LLGC;0,9;18;musk;6;1;fastgreedy;0,22252670000307262;476,0;166,0;14,0
1124;0,42091836734693877;0,296229802513465;LLGC;0,9;18;musk;6;1;fastgreedy;0,1900783000019146;476,0;166,0;15,0
1125;0,42091836734693877;0,296229802513465;LLGC;0,9;18;musk;6;1;fastgreedy;0,20646619999752147;476,0;166,0;16,0
1126;0,4387755102040816;0,34250251593425024;LLGC;0,9;18;musk;6;1;fastgreedy;0,2581971000035992;476,0;166,0;17,0
1127;0,42091836734693877;0,296229802513465;LLGC;0,9;18;musk;6;1;fastgreedy;0,19770799999969313;476,0;166,0;18,0
1128;0,42091836734693877;0,296229802513465;LLGC;0,9;18;musk;6;1;fastgreedy;0,1911139000003459;476,0;166,0;19,0
1129;0,42091836734693877;0,296229802513465;LLGC;0,9;18;musk;6;1;fastgreedy;0,18524839999736287;476,0;166,0;20,0
1130;0,42091836734693877;0,296229802513465;LLGC;0,9;18;musk;6;1;fastgreedy;0,18721910000022035;476,0;166,0;21,0
1131;0,42091836734693877;0,296229802513465;LLGC;0,9;18;musk;6;1;fastgreedy;0,24973570000292966;476,0;166,0;22,0
1132;0,42091836734693877;0,296229802513465;LLGC;0,9;18;musk;6;1;fastgreedy;0,18641710000520106;476,0;166,0;23,0
1133;0,42091836734693877;0,296229802513465;LLGC;0,9;18;musk;6;1;fastgreedy;0,20156410000345204;476,0;166,0;24,0
1134;0,42091836734693877;0,296229802513465;LLGC;0,9;18;musk;6;1;fastgreedy;0,20152149999921676;476,0;166,0;25,0
1135;0,42091836734693877;0,296229802513465;LLGC;0,9;18;musk;6;1;fastgreedy;0,1902805999998236;476,0;166,0;26,0
1136;0,42346938775510207;0,30114855484033826;LLGC;0,9;18;musk;6;1;fastgreedy;0,21984440000233008;476,0;166,0;27,0
1137;0,42346938775510207;0,30114855484033826;LLGC;0,9;18;musk;6;1;fastgreedy;0,19198489999689627;476,0;166,0;28,0
1138;0,42091836734693877;0,296229802513465;LLGC;0,9;18;musk;6;1;fastgreedy;0,19061730000248645;476,0;166,0;29,0
1139;0,42091836734693877;0,296229802513465;LLGC;0,9;18;musk;6;1;fastgreedy;0,19872879999456927;476,0;166,0;30,0
1140;0,6413612565445026;0,6412998032885764;PhyDL;0,9;20;musk;6;1;fastgreedy;43,73957949999749;476,0;166,0;1,0
1141;0,6178010471204188;0,6126621662916354;PhyDL;0,9;20;musk;6;1;fastgreedy;43,7395428000018;476,0;166,0;2,0
1142;0,675392670157068;0,674822198423813;PhyDL;0,9;20;musk;6;1;fastgreedy;43,739566899996134;476,0;166,0;3,0
1143;0,6282722513089005;0,627772288098375;PhyDL;0,9;20;musk;6;1;fastgreedy;43,739541299997654;476,0;166,0;4,0
1144;0,6282722513089005;0,6281091457562046;PhyDL;0,9;20;musk;6;1;fastgreedy;43,73960789999546;476,0;166,0;5,0
1145;0,6256544502617801;0,6253437857931593;PhyDL;0,9;20;musk;6;1;fastgreedy;43,739609199998085;476,0;166,0;6,0
1146;0,6308900523560209;0,6304620767726665;PhyDL;0,9;20;musk;6;1;fastgreedy;43,73953430000256;476,0;166,0;7,0
1147;0,6413612565445026;0,6406495691283002;PhyDL;0,9;20;musk;6;1;fastgreedy;43,73954229999072;476,0;166,0;8,0
1148;0,693717277486911;0,6919418539732429;PhyDL;0,9;20;musk;6;1;fastgreedy;43,73953529999562;476,0;166,0;9,0
1149;0,6701570680628273;0,6690594059405941;PhyDL;0,9;20;musk;6;1;fastgreedy;43,7395405999996;476,0;166,0;10,0
1150;0,662303664921466;0,6623013507123621;PhyDL;0,9;20;musk;6;1;fastgreedy;43,73953890000121;476,0;166,0;11,0
1151;0,662303664921466;0,6620234151560668;PhyDL;0,9;20;musk;6;1;fastgreedy;43,73953969999275;476,0;166,0;12,0
1152;0,6151832460732984;0,6122898470673525;PhyDL;0,9;20;musk;6;1;fastgreedy;43,73959049999394;476,0;166,0;13,0
1153;0,5916230366492147;0,5790574141048825;PhyDL;0,9;20;musk;6;1;fastgreedy;43,73954689999664;476,0;166,0;14,0
1154;0,6675392670157068;0,6668795275860885;PhyDL;0,9;20;musk;6;1;fastgreedy;43,73958979999588;476,0;166,0;15,0
1155;0,5785340314136126;0,5586920488221407;PhyDL;0,9;20;musk;6;1;fastgreedy;43,739534299995285;476,0;166,0;16,0
1156;0,662303664921466;0,6617821673450058;PhyDL;0,9;20;musk;6;1;fastgreedy;43,7395652999985;476,0;166,0;17,0
1157;0,6230366492146597;0,6206972639011474;PhyDL;0,9;20;musk;6;1;fastgreedy;43,739671099996485;476,0;166,0;18,0
1158;0,6544502617801047;0,6543649923228778;PhyDL;0,9;20;musk;6;1;fastgreedy;43,73953559999791;476,0;166,0;19,0
1159;0,6073298429319371;0,6071575483340189;PhyDL;0,9;20;musk;6;1;fastgreedy;43,73957709999377;476,0;166,0;20,0
1160;0,6465968586387435;0,644254051033712;PhyDL;0,9;20;musk;6;1;fastgreedy;43,73953879999317;476,0;166,0;21,0
1161;0,6335078534031413;0,6305813439434129;PhyDL;0,9;20;musk;6;1;fastgreedy;43,73953970000002;476,0;166,0;22,0
1162;0,6596858638743456;0,6594524906736888;PhyDL;0,9;20;musk;6;1;fastgreedy;43,73956779999571;476,0;166,0;23,0
1163;0,6230366492146597;0,6227781435154707;PhyDL;0,9;20;musk;6;1;fastgreedy;43,739537599998584;476,0;166,0;24,0
1164;0,6387434554973822;0,6373118309161461;PhyDL;0,9;20;musk;6;1;fastgreedy;43,73957420000079;476,0;166,0;25,0
1165;0,6413612565445026;0,6392823418319169;PhyDL;0,9;20;musk;6;1;fastgreedy;43,73960969999462;476,0;166,0;26,0
1166;0,612565445026178;0,6121827411167513;PhyDL;0,9;20;musk;6;1;fastgreedy;43,73958259999199;476,0;166,0;27,0
1167;0,6020942408376964;0,59768299104792;PhyDL;0,9;20;musk;6;1;fastgreedy;43,73953309999342;476,0;166,0;28,0
1168;0,6387434554973822;0,6384957208689928;PhyDL;0,9;20;musk;6;1;fastgreedy;43,73953590000019;476,0;166,0;29,0
1169;0,675392670157068;0,6733781994704324;PhyDL;0,9;20;musk;6;1;fastgreedy;43,73960409999563;476,0;166,0;30,0
1170;0,418848167539267;0,2952029520295203;LLGC;0,9;20;musk;6;1;fastgreedy;0,18950160000531469;476,0;166,0;1,0
1171;0,418848167539267;0,2952029520295203;LLGC;0,9;20;musk;6;1;fastgreedy;0,20413700000062818;476,0;166,0;2,0
1172;0,4214659685863874;0,30023291861110885;LLGC;0,9;20;musk;6;1;fastgreedy;0,5311433000024408;476,0;166,0;3,0
1173;0,418848167539267;0,2952029520295203;LLGC;0,9;20;musk;6;1;fastgreedy;0,454855600000883;476,0;166,0;4,0
1174;0,418848167539267;0,2952029520295203;LLGC;0,9;20;musk;6;1;fastgreedy;0,18545799999992596;476,0;166,0;5,0
1175;0,418848167539267;0,2952029520295203;LLGC;0,9;20;musk;6;1;fastgreedy;0,19623329999740236;476,0;166,0;6,0
1176;0,418848167539267;0,2952029520295203;LLGC;0,9;20;musk;6;1;fastgreedy;0,6085606000051484;476,0;166,0;7,0
1177;0,418848167539267;0,2952029520295203;LLGC;0,9;20;musk;6;1;fastgreedy;0,2946083999995608;476,0;166,0;8,0
1178;0,418848167539267;0,2952029520295203;LLGC;0,9;20;musk;6;1;fastgreedy;0,19002180000097724;476,0;166,0;9,0
1179;0,418848167539267;0,2952029520295203;LLGC;0,9;20;musk;6;1;fastgreedy;0,2603510999979335;476,0;166,0;10,0
1180;0,418848167539267;0,2952029520295203;LLGC;0,9;20;musk;6;1;fastgreedy;0,24245320000045467;476,0;166,0;11,0
1181;0,418848167539267;0,2952029520295203;LLGC;0,9;20;musk;6;1;fastgreedy;0,1888420999966911;476,0;166,0;12,0
1182;0,418848167539267;0,2952029520295203;LLGC;0,9;20;musk;6;1;fastgreedy;0,19634119999682298;476,0;166,0;13,0
1183;0,418848167539267;0,2952029520295203;LLGC;0,9;20;musk;6;1;fastgreedy;0,20285999999759952;476,0;166,0;14,0
1184;0,418848167539267;0,2952029520295203;LLGC;0,9;20;musk;6;1;fastgreedy;0,19087389999913285;476,0;166,0;15,0
1185;0,418848167539267;0,2952029520295203;LLGC;0,9;20;musk;6;1;fastgreedy;0,21484450000571087;476,0;166,0;16,0
1186;0,418848167539267;0,2952029520295203;LLGC;0,9;20;musk;6;1;fastgreedy;0,18913700000121025;476,0;166,0;17,0
1187;0,418848167539267;0,2952029520295203;LLGC;0,9;20;musk;6;1;fastgreedy;0,19140610000613378;476,0;166,0;18,0
1188;0,418848167539267;0,2952029520295203;LLGC;0,9;20;musk;6;1;fastgreedy;0,2006928999981028;476,0;166,0;19,0
1189;0,4214659685863874;0,30023291861110885;LLGC;0,9;20;musk;6;1;fastgreedy;0,19132700000045588;476,0;166,0;20,0
1190;0,42408376963350786;0,30522486772486773;LLGC;0,9;20;musk;6;1;fastgreedy;0,20870299999660347;476,0;166,0;21,0
1191;0,418848167539267;0,2952029520295203;LLGC;0,9;20;musk;6;1;fastgreedy;0,2040458999981638;476,0;166,0;22,0
1192;0,43455497382198954;0,3248232521602513;LLGC;0,9;20;musk;6;1;fastgreedy;0,19525609999982407;476,0;166,0;23,0
1193;0,418848167539267;0,2952029520295203;LLGC;0,9;20;musk;6;1;fastgreedy;0,24116850000427803;476,0;166,0;24,0
1194;0,4214659685863874;0,30023291861110885;LLGC;0,9;20;musk;6;1;fastgreedy;0,19583000000420725;476,0;166,0;25,0
1195;0,418848167539267;0,2952029520295203;LLGC;0,9;20;musk;6;1;fastgreedy;0,1970179000054486;476,0;166,0;26,0
1196;0,418848167539267;0,2952029520295203;LLGC;0,9;20;musk;6;1;fastgreedy;0,21917660000326578;476,0;166,0;27,0
1197;0,418848167539267;0,2952029520295203;LLGC;0,9;20;musk;6;1;fastgreedy;0,18728920000285143;476,0;166,0;28,0
1198;0,418848167539267;0,2952029520295203;LLGC;0,9;20;musk;6;1;fastgreedy;0,19083479999972042;476,0;166,0;29,0
1199;0,4293193717277487;0,3150968845609764;LLGC;0,9;20;musk;6;1;fastgreedy;0,1953972999981488;476,0;166,0;30,0
1200;0,5343137254901961;0,46153204967908645;PhyDL;0,9;2;sonar;6;1;fastgreedy;3,3533164000036777;208,0;60,0;1,0
1201;0,5245098039215687;0,4900919937124746;PhyDL;0,9;2;sonar;6;1;fastgreedy;3,3533001000032527;208,0;60,0;2,0
1202;0,5637254901960784;0,5520023687911763;PhyDL;0,9;2;sonar;6;1;fastgreedy;3,35330170000816;208,0;60,0;3,0
1203;0,49019607843137253;0,38611111111111107;PhyDL;0,9;2;sonar;6;1;fastgreedy;3,3533333000086714;208,0;60,0;4,0
1204;0,5441176470588235;0,4993534767119673;PhyDL;0,9;2;sonar;6;1;fastgreedy;3,35330210000393;208,0;60,0;5,0
1205;0,5147058823529411;0,40681998413957177;PhyDL;0,9;2;sonar;6;1;fastgreedy;3,3533227000079933;208,0;60,0;6,0
1206;0,6225490196078431;0,6097100404999131;PhyDL;0,9;2;sonar;6;1;fastgreedy;3,353306800003338;208,0;60,0;7,0
1207;0,6127450980392157;0,6111660675079016;PhyDL;0,9;2;sonar;6;1;fastgreedy;3,353319800000463;208,0;60,0;8,0
1208;0,49019607843137253;0,4080357142857143;PhyDL;0,9;2;sonar;6;1;fastgreedy;3,3533271000051172;208,0;60,0;9,0
1209;0,5686274509803921;0,5684615384615385;PhyDL;0,9;2;sonar;6;1;fastgreedy;3,3533082000067225;208,0;60,0;10,0
1210;0,4852941176470588;0,3574321283935803;PhyDL;0,9;2;sonar;6;1;fastgreedy;3,3533098000043537;208,0;60,0;11,0
1211;0,5392156862745098;0,4693967902600996;PhyDL;0,9;2;sonar;6;1;fastgreedy;3,3533100000058766;208,0;60,0;12,0
1212;0,5392156862745098;0,4693967902600996;PhyDL;0,9;2;sonar;6;1;fastgreedy;3,3533606000055443;208,0;60,0;13,0
1213;0,6127450980392157;0,5444240282685513;PhyDL;0,9;2;sonar;6;1;fastgreedy;3,3533000000024913;208,0;60,0;14,0
1214;0,4362745098039216;0,3109525068287955;PhyDL;0,9;2;sonar;6;1;fastgreedy;3,3532985000056215;208,0;60,0;15,0
1215;0,4950980392156863;0,49156725627313863;PhyDL;0,9;2;sonar;6;1;fastgreedy;3,3532968000072287;208,0;60,0;16,0
1216;0,553921568627451;0,4165016501650165;PhyDL;0,9;2;sonar;6;1;fastgreedy;3,3533263000063016;208,0;60,0;17,0
1217;0,4803921568627451;0,41544117647058826;PhyDL;0,9;2;sonar;6;1;fastgreedy;3,353303500007314;208,0;60,0;18,0
1218;0,5196078431372549;0,4421875;PhyDL;0,9;2;sonar;6;1;fastgreedy;3,353333400009433;208,0;60,0;19,0
1219;0,5196078431372549;0,38296296296296295;PhyDL;0,9;2;sonar;6;1;fastgreedy;3,353301500006637;208,0;60,0;20,0
1220;0,5588235294117647;0,4399023794996949;PhyDL;0,9;2;sonar;6;1;fastgreedy;3,353319600006216;208,0;60,0;21,0
1221;0,49019607843137253;0,4176548089591568;PhyDL;0,9;2;sonar;6;1;fastgreedy;3,353299499998684;208,0;60,0;22,0
1222;0,5735294117647058;0,5537003042723867;PhyDL;0,9;2;sonar;6;1;fastgreedy;3,353308100005961;208,0;60,0;23,0
1223;0,553921568627451;0,4431078446077696;PhyDL;0,9;2;sonar;6;1;fastgreedy;3,353308300007484;208,0;60,0;24,0
1224;0,5098039215686274;0,39773264052905055;PhyDL;0,9;2;sonar;6;1;fastgreedy;3,3535290000072564;208,0;60,0;25,0
1225;0,4852941176470588;0,3574321283935803;PhyDL;0,9;2;sonar;6;1;fastgreedy;3,35329950000596;208,0;60,0;26,0
1226;0,5637254901960784;0,5636311197635013;PhyDL;0,9;2;sonar;6;1;fastgreedy;3,353298200003337;208,0;60,0;27,0
1227;0,6029411764705882;0,6021668472372698;PhyDL;0,9;2;sonar;6;1;fastgreedy;3,3532957000061288;208,0;60,0;28,0
1228;0,6519607843137255;0,6357784092337868;PhyDL;0,9;2;sonar;6;1;fastgreedy;3,3533100000058766;208,0;60,0;29,0
1229;0,5637254901960784;0,44926744926744927;PhyDL;0,9;2;sonar;6;1;fastgreedy;3,353297300011036;208,0;60,0;30,0
1230;0,46568627450980393;0,3177257525083612;LLGC;0,9;2;sonar;6;1;fastgreedy;0,03283319999900414;208,0;60,0;1,0
1231;0,5;0,45925155925155925;LLGC;0,9;2;sonar;6;1;fastgreedy;0,029208400002971757;208,0;60,0;2,0
1232;0,5637254901960784;0,5570735039398893;LLGC;0,9;2;sonar;6;1;fastgreedy;0,02544079999643145;208,0;60,0;3,0
1233;0,49019607843137253;0,36698890082348734;LLGC;0,9;2;sonar;6;1;fastgreedy;0,021817299995745998;208,0;60,0;4,0
1234;0,5245098039215687;0,4953971694504654;LLGC;0,9;2;sonar;6;1;fastgreedy;0,028236600002855994;208,0;60,0;5,0
1235;0,5343137254901961;0,34824281150159747;LLGC;0,9;2;sonar;6;1;fastgreedy;0,03242070000123931;208,0;60,0;6,0
1236;0,6470588235294118;0,6357142857142857;LLGC;0,9;2;sonar;6;1;fastgreedy;0,023967500004800968;208,0;60,0;7,0
1237;0,4852941176470588;0,48169477581242287;LLGC;0,9;2;sonar;6;1;fastgreedy;0,02860740000323858;208,0;60,0;8,0
1238;0,553921568627451;0,5035168890909577;LLGC;0,9;2;sonar;6;1;fastgreedy;0,12444479999976465;208,0;60,0;9,0
1239;0,5784313725490197;0,5769675925925926;LLGC;0,9;2;sonar;6;1;fastgreedy;0,05259710000245832;208,0;60,0;10,0
1240;0,5588235294117647;0,4399023794996949;LLGC;0,9;2;sonar;6;1;fastgreedy;0,02157660000375472;208,0;60,0;11,0
1241;0,49019607843137253;0,38001168907071886;LLGC;0,9;2;sonar;6;1;fastgreedy;0,025170600005367305;208,0;60,0;12,0
1242;0,47058823529411764;0,3278828553996339;LLGC;0,9;2;sonar;6;1;fastgreedy;0,025611899996874854;208,0;60,0;13,0
1243;0,5637254901960784;0,4144548005289128;LLGC;0,9;2;sonar;6;1;fastgreedy;0,028364700003294274;208,0;60,0;14,0
1244;0,47058823529411764;0,3354247104247104;LLGC;0,9;2;sonar;6;1;fastgreedy;0,03702389999671141;208,0;60,0;15,0
1245;0,5;0,4929824561403509;LLGC;0,9;2;sonar;6;1;fastgreedy;0,02545299999474082;208,0;60,0;16,0
1246;0,5343137254901961;0,34824281150159747;LLGC;0,9;2;sonar;6;1;fastgreedy;0,023734100002911873;208,0;60,0;17,0
1247;0,47549019607843135;0,3714400898436375;LLGC;0,9;2;sonar;6;1;fastgreedy;0,0543143000031705;208,0;60,0;18,0
1248;0,47549019607843135;0,3451927403629818;LLGC;0,9;2;sonar;6;1;fastgreedy;0,12363769999501528;208,0;60,0;19,0
1249;0,5343137254901961;0,34824281150159747;LLGC;0,9;2;sonar;6;1;fastgreedy;0,04827250000380445;208,0;60,0;20,0
1250;0,5392156862745098;0,359775641025641;LLGC;0,9;2;sonar;6;1;fastgreedy;0,020913200001814403;208,0;60,0;21,0
1251;0,46568627450980393;0,3177257525083612;LLGC;0,9;2;sonar;6;1;fastgreedy;0,0207492000045022;208,0;60,0;22,0
1252;0,6274509803921569;0,6230671982884373;LLGC;0,9;2;sonar;6;1;fastgreedy;0,05300379999971483;208,0;60,0;23,0
1253;0,5343137254901961;0,34824281150159747;LLGC;0,9;2;sonar;6;1;fastgreedy;0,03145260000019334;208,0;60,0;24,0
1254;0,5392156862745098;0,359775641025641;LLGC;0,9;2;sonar;6;1;fastgreedy;0,025294200000644196;208,0;60,0;25,0
1255;0,4852941176470588;0,3574321283935803;LLGC;0,9;2;sonar;6;1;fastgreedy;0,02312540000275476;208,0;60,0;26,0
1256;0,5931372549019608;0,5923438064283135;LLGC;0,9;2;sonar;6;1;fastgreedy;0,023187899998447392;208,0;60,0;27,0
1257;0,5980392156862745;0,5966435185185185;LLGC;0,9;2;sonar;6;1;fastgreedy;0,023385200001939666;208,0;60,0;28,0
1258;0,6519607843137255;0,6426086312828485;LLGC;0,9;2;sonar;6;1;fastgreedy;0,02646449999883771;208,0;60,0;29,0
1259;0,5392156862745098;0,359775641025641;LLGC;0,9;2;sonar;6;1;fastgreedy;0,024909699997806456;208,0;60,0;30,0
1260;0,495;0,431162175100673;PhyDL;0,9;4;sonar;6;1;fastgreedy;3,353289100006805;208,0;60,0;1,0
1261;0,58;0,5442708333333334;PhyDL;0,9;4;sonar;6;1;fastgreedy;3,3532959000076517;208,0;60,0;2,0
1262;0,51;0,43227899432278993;PhyDL;0,9;4;sonar;6;1;fastgreedy;3,3533217000076547;208,0;60,0;3,0
1263;0,57;0,5174503422735944;PhyDL;0,9;4;sonar;6;1;fastgreedy;3,35329950000596;208,0;60,0;4,0
1264;0,535;0,47621863647883755;PhyDL;0,9;4;sonar;6;1;fastgreedy;3,3532965000049444;208,0;60,0;5,0
1265;0,545;0,5377777777777777;PhyDL;0,9;4;sonar;6;1;fastgreedy;3,3533146000045235;208,0;60,0;6,0
1266;0,565;0,5203836930455635;PhyDL;0,9;4;sonar;6;1;fastgreedy;3,353301000010106;208,0;60,0;7,0
1267;0,535;0,47621863647883755;PhyDL;0,9;4;sonar;6;1;fastgreedy;3,3532992000036757;208,0;60,0;8,0
1268;0,5;0,4468414647638013;PhyDL;0,9;4;sonar;6;1;fastgreedy;3,3533205000057933;208,0;60,0;9,0
1269;0,6;0,5996396757081373;PhyDL;0,9;4;sonar;6;1;fastgreedy;3,3532959000076517;208,0;60,0;10,0
1270;0,63;0,5713127099988413;PhyDL;0,9;4;sonar;6;1;fastgreedy;3,353297500005283;208,0;60,0;11,0
1271;0,575;0,5248078266946191;PhyDL;0,9;4;sonar;6;1;fastgreedy;3,353393200006394;208,0;60,0;12,0
1272;0,575;0,5374275529917553;PhyDL;0,9;4;sonar;6;1;fastgreedy;3,3532918999990216;208,0;60,0;13,0
1273;0,62;0,5851075444917567;PhyDL;0,9;4;sonar;6;1;fastgreedy;3,3532957000061288;208,0;60,0;14,0
1274;0,525;0,5215431492533555;PhyDL;0,9;4;sonar;6;1;fastgreedy;3,353316000007908;208,0;60,0;15,0
1275;0,42;0,3743932693344839;PhyDL;0,9;4;sonar;6;1;fastgreedy;3,3532963000034215;208,0;60,0;16,0
1276;0,56;0,49020970918781137;PhyDL;0,9;4;sonar;6;1;fastgreedy;3,3532968000072287;208,0;60,0;17,0
1277;0,565;0,4981396556199706;PhyDL;0,9;4;sonar;6;1;fastgreedy;3,3533126000038465;208,0;60,0;18,0
1278;0,565;0,5459171690284192;PhyDL;0,9;4;sonar;6;1;fastgreedy;3,353313600011461;208,0;60,0;19,0
1279;0,475;0,4171685493047653;PhyDL;0,9;4;sonar;6;1;fastgreedy;3,353310500002408;208,0;60,0;20,0
1280;0,61;0,5655080213903744;PhyDL;0,9;4;sonar;6;1;fastgreedy;3,3532932000089204;208,0;60,0;21,0
1281;0,51;0,46153846153846156;PhyDL;0,9;4;sonar;6;1;fastgreedy;3,3533518000112963;208,0;60,0;22,0
1282;0,585;0,5325392132015432;PhyDL;0,9;4;sonar;6;1;fastgreedy;3,3532981000025757;208,0;60,0;23,0
1283;0,6;0,5324918186068257;PhyDL;0,9;4;sonar;6;1;fastgreedy;3,35329840000486;208,0;60,0;24,0
1284;0,63;0,6145833333333333;PhyDL;0,9;4;sonar;6;1;fastgreedy;3,353299100002914;208,0;60,0;25,0
1285;0,56;0,5524361712948835;PhyDL;0,9;4;sonar;6;1;fastgreedy;3,3533001000032527;208,0;60,0;26,0
1286;0,53;0,52995299529953;PhyDL;0,9;4;sonar;6;1;fastgreedy;3,3533135000034235;208,0;60,0;27,0
1287;0,555;0,5125824913058956;PhyDL;0,9;4;sonar;6;1;fastgreedy;3,3532985000056215;208,0;60,0;28,0
1288;0,53;0,4900173611111111;PhyDL;0,9;4;sonar;6;1;fastgreedy;3,3533036000007996;208,0;60,0;29,0
1289;0,52;0,49066213921901525;PhyDL;0,9;4;sonar;6;1;fastgreedy;3,353304100004607;208,0;60,0;30,0
1290;0,48;0,34796238244514105;LLGC;0,9;4;sonar;6;1;fastgreedy;0,02210969999578083;208,0;60,0;1,0
1291;0,48;0,3551587301587301;LLGC;0,9;4;sonar;6;1;fastgreedy;0,023862299996835645;208,0;60,0;2,0
1292;0,485;0,36480527889981806;LLGC;0,9;4;sonar;6;1;fastgreedy;0,026024500002677087;208,0;60,0;3,0
1293;0,465;0,3174061433447099;LLGC;0,9;4;sonar;6;1;fastgreedy;0,02741220000461908;208,0;60,0;4,0
1294;0,49;0,3869455463397043;LLGC;0,9;4;sonar;6;1;fastgreedy;0,025713000002724584;208,0;60,0;5,0
1295;0,54;0,537037037037037;LLGC;0,9;4;sonar;6;1;fastgreedy;0,0268897999994806;208,0;60,0;6,0
1296;0,485;0,35783534399451356;LLGC;0,9;4;sonar;6;1;fastgreedy;0,02324120000412222;208,0;60,0;7,0
1297;0,465;0,3174061433447099;LLGC;0,9;4;sonar;6;1;fastgreedy;0,027685699998983182;208,0;60,0;8,0
1298;0,465;0,3174061433447099;LLGC;0,9;4;sonar;6;1;fastgreedy;0,023180000003776513;208,0;60,0;9,0
1299;0,58;0,5716034271725826;LLGC;0,9;4;sonar;6;1;fastgreedy;0,02695250000397209;208,0;60,0;10,0
1300;0,55;0,3832236842105263;LLGC;0,9;4;sonar;6;1;fastgreedy;0,02348840000195196;208,0;60,0;11,0
1301;0,465;0,3174061433447099;LLGC;0,9;4;sonar;6;1;fastgreedy;0,02049799999804236;208,0;60,0;12,0
1302;0,47;0,32775240994419075;LLGC;0,9;4;sonar;6;1;fastgreedy;0,023639099999854807;208,0;60,0;13,0
1303;0,625;0,5709259418175577;LLGC;0,9;4;sonar;6;1;fastgreedy;0,02555930000380613;208,0;60,0;14,0
1304;0,54;0,539585627064358;LLGC;0,9;4;sonar;6;1;fastgreedy;0,025150299996312242;208,0;60,0;15,0
1305;0,465;0,3174061433447099;LLGC;0,9;4;sonar;6;1;fastgreedy;0,023308399999223184;208,0;60,0;16,0
1306;0,485;0,35783534399451356;LLGC;0,9;4;sonar;6;1;fastgreedy;0,022606200000154786;208,0;60,0;17,0
1307;0,47;0,32775240994419075;LLGC;0,9;4;sonar;6;1;fastgreedy;0,0745530999993207;208,0;60,0;18,0
1308;0,53;0,4600183823529412;LLGC;0,9;4;sonar;6;1;fastgreedy;0,07426950000080978;208,0;60,0;19,0
1309;0,47;0,32775240994419075;LLGC;0,9;4;sonar;6;1;fastgreedy;0,027544199998374097;208,0;60,0;20,0
1310;0,465;0,3174061433447099;LLGC;0,9;4;sonar;6;1;fastgreedy;0,022719600005075336;208,0;60,0;21,0
1311;0,47;0,32775240994419075;LLGC;0,9;4;sonar;6;1;fastgreedy;0,026998299996193964;208,0;60,0;22,0
1312;0,565;0,4312052564479749;LLGC;0,9;4;sonar;6;1;fastgreedy;0,022267899999860674;208,0;60,0;23,0
1313;0,555;0,4105765091559323;LLGC;0,9;4;sonar;6;1;fastgreedy;0,022834899995359592;208,0;60,0;24,0
1314;0,61;0,5882166613873931;LLGC;0,9;4;sonar;6;1;fastgreedy;0,024877999996533617;208,0;60,0;25,0
1315;0,54;0,5187781148655717;LLGC;0,9;4;sonar;6;1;fastgreedy;0,024880299999495037;208,0;60,0;26,0
1316;0,565;0,5647279549718573;LLGC;0,9;4;sonar;6;1;fastgreedy;0,024016800001845695;208,0;60,0;27,0
1317;0,555;0,4026645189435887;LLGC;0,9;4;sonar;6;1;fastgreedy;0,02572420000069542;208,0;60,0;28,0
1318;0,55;0,508679986898133;LLGC;0,9;4;sonar;6;1;fastgreedy;0,05085030000191182;208,0;60,0;29,0
1319;0,57;0,5501621508525996;LLGC;0,9;4;sonar;6;1;fastgreedy;0,029334799997741356;208,0;60,0;30,0
1320;0,5969387755102041;0,5951577901534761;PhyDL;0,9;6;sonar;6;1;fastgreedy;3,3532965000049444;208,0;60,0;1,0
1321;0,6428571428571429;0,571464267866067;PhyDL;0,9;6;sonar;6;1;fastgreedy;3,353307000004861;208,0;60,0;2,0
1322;0,6224489795918368;0,5888888888888889;PhyDL;0,9;6;sonar;6;1;fastgreedy;3,3533234000060475;208,0;60,0;3,0
1323;0,6122448979591837;0,6072972687967942;PhyDL;0,9;6;sonar;6;1;fastgreedy;3,353326800010109;208,0;60,0;4,0
1324;0,5612244897959183;0,49707602339181284;PhyDL;0,9;6;sonar;6;1;fastgreedy;3,353292700005113;208,0;60,0;5,0
1325;0,5816326530612245;0,554940186087727;PhyDL;0,9;6;sonar;6;1;fastgreedy;3,353295300010359;208,0;60,0;6,0
1326;0,6071428571428571;0,5970631424375918;PhyDL;0,9;6;sonar;6;1;fastgreedy;3,3532986999998684;208,0;60,0;7,0
1327;0,5;0,4482996323529412;PhyDL;0,9;6;sonar;6;1;fastgreedy;3,353310700003931;208,0;60,0;8,0
1328;0,5510204081632653;0,5248484848484849;PhyDL;0,9;6;sonar;6;1;fastgreedy;3,353519000003871;208,0;60,0;9,0
1329;0,5918367346938775;0,5634257712440138;PhyDL;0,9;6;sonar;6;1;fastgreedy;3,3533373000027495;208,0;60,0;10,0
1330;0,5102040816326531;0,4666666666666667;PhyDL;0,9;6;sonar;6;1;fastgreedy;3,3533045000076527;208,0;60,0;11,0
1331;0,6020408163265306;0,5176069670579326;PhyDL;0,9;6;sonar;6;1;fastgreedy;3,353299300004437;208,0;60,0;12,0
1332;0,4846938775510204;0,4503401360544218;PhyDL;0,9;6;sonar;6;1;fastgreedy;3,3533660000030068;208,0;60,0;13,0
1333;0,5561224489795918;0,5085170773886727;PhyDL;0,9;6;sonar;6;1;fastgreedy;3,3533049000034225;208,0;60,0;14,0
1334;0,5663265306122449;0,565410199556541;PhyDL;0,9;6;sonar;6;1;fastgreedy;3,3533042000053683;208,0;60,0;15,0
1335;0,6275510204081632;0,5981688993737186;PhyDL;0,9;6;sonar;6;1;fastgreedy;3,353323300005286;208,0;60,0;16,0
1336;0,5918367346938775;0,5806589644843817;PhyDL;0,9;6;sonar;6;1;fastgreedy;3,3533051000049454;208,0;60,0;17,0
1337;0,5051020408163265;0,4628012771608601;PhyDL;0,9;6;sonar;6;1;fastgreedy;3,35330320000503;208,0;60,0;18,0
1338;0,6224489795918368;0,5707859848484849;PhyDL;0,9;6;sonar;6;1;fastgreedy;3,353327000004356;208,0;60,0;19,0
1339;0,5663265306122449;0,5262604145932266;PhyDL;0,9;6;sonar;6;1;fastgreedy;3,353299900009006;208,0;60,0;20,0
1340;0,5918367346938775;0,5239829993928354;PhyDL;0,9;6;sonar;6;1;fastgreedy;3,353297500005283;208,0;60,0;21,0
1341;0,5663265306122449;0,4822066822066822;PhyDL;0,9;6;sonar;6;1;fastgreedy;3,3533073000071454;208,0;60,0;22,0
1342;0,5867346938775511;0,5356672808633851;PhyDL;0,9;6;sonar;6;1;fastgreedy;3,3533054000072298;208,0;60,0;23,0
1343;0,6020408163265306;0,5719086021505376;PhyDL;0,9;6;sonar;6;1;fastgreedy;3,3533106000031694;208,0;60,0;24,0
1344;0,46938775510204084;0,46800292306086233;PhyDL;0,9;6;sonar;6;1;fastgreedy;3,3533095000020694;208,0;60,0;25,0
1345;0,6581632653061225;0,6265817385617198;PhyDL;0,9;6;sonar;6;1;fastgreedy;3,353348600008758;208,0;60,0;26,0
1346;0,7346938775510204;0,7346662501301676;PhyDL;0,9;6;sonar;6;1;fastgreedy;3,3533089000047767;208,0;60,0;27,0
1347;0,5714285714285714;0,5166177334116265;PhyDL;0,9;6;sonar;6;1;fastgreedy;3,3533011000035913;208,0;60,0;28,0
1348;0,5969387755102041;0,47982665367689054;PhyDL;0,9;6;sonar;6;1;fastgreedy;3,3533051000049454;208,0;60,0;29,0
1349;0,6020408163265306;0,5511450381679389;PhyDL;0,9;6;sonar;6;1;fastgreedy;3,3533058000029996;208,0;60,0;30,0
1350;0,6836734693877551;0,6831455986649979;LLGC;0,9;6;sonar;6;1;fastgreedy;0,024179500003810972;208,0;60,0;1,0
1351;0,6173469387755102;0,5385339821064197;LLGC;0,9;6;sonar;6;1;fastgreedy;0,024062699994829018;208,0;60,0;2,0
1352;0,4642857142857143;0,3170731707317073;LLGC;0,9;6;sonar;6;1;fastgreedy;0,023135800001909956;208,0;60,0;3,0
1353;0,6071428571428571;0,5956814102392369;LLGC;0,9;6;sonar;6;1;fastgreedy;0,02687760000117123;208,0;60,0;4,0
1354;0,5459183673469388;0,3726759449059589;LLGC;0,9;6;sonar;6;1;fastgreedy;0,023557200001960155;208,0;60,0;5,0
1355;0,4642857142857143;0,3170731707317073;LLGC;0,9;6;sonar;6;1;fastgreedy;0,023579199994856026;208,0;60,0;6,0
1356;0,6020408163265306;0,5864978902953586;LLGC;0,9;6;sonar;6;1;fastgreedy;0,02855469999485649;208,0;60,0;7,0
1357;0,4642857142857143;0,3170731707317073;LLGC;0,9;6;sonar;6;1;fastgreedy;0,08141920000343816;208,0;60,0;8,0
1358;0,4642857142857143;0,3170731707317073;LLGC;0,9;6;sonar;6;1;fastgreedy;0,026755800005048513;208,0;60,0;9,0
1359;0,4846938775510204;0,35825201802444323;LLGC;0,9;6;sonar;6;1;fastgreedy;0,02120920000015758;208,0;60,0;10,0
1360;0,5;0,40004997501249373;LLGC;0,9;6;sonar;6;1;fastgreedy;0,05173340000328608;208,0;60,0;11,0
1361;0,5510204081632653;0,38426388690561186;LLGC;0,9;6;sonar;6;1;fastgreedy;0,025163699996483047;208,0;60,0;12,0
1362;0,49489795918367346;0,37789747042416083;LLGC;0,9;6;sonar;6;1;fastgreedy;0,026484599999093916;208,0;60,0;13,0
1363;0,4846938775510204;0,35825201802444323;LLGC;0,9;6;sonar;6;1;fastgreedy;0,021452400003909133;208,0;60,0;14,0
1364;0,5306122448979592;0,5208333333333334;LLGC;0,9;6;sonar;6;1;fastgreedy;0,0449363000006997;208,0;60,0;15,0
1365;0,5357142857142857;0,3488372093023256;LLGC;0,9;6;sonar;6;1;fastgreedy;0,17196100000001024;208,0;60,0;16,0
1366;0,5867346938775511;0,5828143476547103;LLGC;0,9;6;sonar;6;1;fastgreedy;0,16669079999701353;208,0;60,0;17,0
1367;0,5051020408163265;0,4091064491064491;LLGC;0,9;6;sonar;6;1;fastgreedy;0,0323973999984446;208,0;60,0;18,0
1368;0,5714285714285714;0,4285714285714286;LLGC;0,9;6;sonar;6;1;fastgreedy;0,023644600005354732;208,0;60,0;19,0
1369;0,4642857142857143;0,3170731707317073;LLGC;0,9;6;sonar;6;1;fastgreedy;0,033167399997182656;208,0;60,0;20,0
1370;0,5714285714285714;0,4285714285714286;LLGC;0,9;6;sonar;6;1;fastgreedy;0,022140099994430784;208,0;60,0;21,0
1371;0,5357142857142857;0,3488372093023256;LLGC;0,9;6;sonar;6;1;fastgreedy;0,04231950000394136;208,0;60,0;22,0
1372;0,5204081632653061;0,4355392156862745;LLGC;0,9;6;sonar;6;1;fastgreedy;0,05476250000356231;208,0;60,0;23,0
1373;0,5306122448979592;0,4619883040935673;LLGC;0,9;6;sonar;6;1;fastgreedy;0,06628160000400385;208,0;60,0;24,0
1374;0,5561224489795918;0,547536285721867;LLGC;0,9;6;sonar;6;1;fastgreedy;0,03388170000107493;208,0;60,0;25,0
1375;0,6173469387755102;0,570062297095727;LLGC;0,9;6;sonar;6;1;fastgreedy;0,05986290000146255;208,0;60,0;26,0
1376;0,6632653061224489;0,6572337042925278;LLGC;0,9;6;sonar;6;1;fastgreedy;0,05604670000320766;208,0;60,0;27,0
1377;0,5051020408163265;0,40317061685763617;LLGC;0,9;6;sonar;6;1;fastgreedy;0,02962850000039907;208,0;60,0;28,0
1378;0,5561224489795918;0,3956406166932483;LLGC;0,9;6;sonar;6;1;fastgreedy;0,02176589999726275;208,0;60,0;29,0
1379;0,5612244897959183;0,456608639587363;LLGC;0,9;6;sonar;6;1;fastgreedy;0,021654900003341027;208,0;60,0;30,0
1380;0,6666666666666666;0,6653594771241831;PhyDL;0,9;8;sonar;6;1;fastgreedy;3,3533078000109526;208,0;60,0;1,0
1381;0,5989583333333334;0,5631076568456514;PhyDL;0,9;8;sonar;6;1;fastgreedy;3,3532987000071444;208,0;60,0;2,0
1382;0,609375;0,6093644033312535;PhyDL;0,9;8;sonar;6;1;fastgreedy;3,3533014000058756;208,0;60,0;3,0
1383;0,640625;0,6002775850104094;PhyDL;0,9;8;sonar;6;1;fastgreedy;3,353304600001138;208,0;60,0;4,0
1384;0,6145833333333334;0,5888888888888889;PhyDL;0,9;8;sonar;6;1;fastgreedy;3,3533104000089224;208,0;60,0;5,0
1385;0,6875;0,6511205330102967;PhyDL;0,9;8;sonar;6;1;fastgreedy;3,3533038000095985;208,0;60,0;6,0
1386;0,5677083333333334;0,5491044902809609;PhyDL;0,9;8;sonar;6;1;fastgreedy;3,3533104000089224;208,0;60,0;7,0
1387;0,5729166666666666;0,5514529914529914;PhyDL;0,9;8;sonar;6;1;fastgreedy;3,3532987000071444;208,0;60,0;8,0
1388;0,5520833333333334;0,5437161489996685;PhyDL;0,9;8;sonar;6;1;fastgreedy;3,3532976000060444;208,0;60,0;9,0
1389;0,6510416666666666;0,6146541652937123;PhyDL;0,9;8;sonar;6;1;fastgreedy;3,3533152000090922;208,0;60,0;10,0
1390;0,6197916666666666;0,6082180293501048;PhyDL;0,9;8;sonar;6;1;fastgreedy;3,35332180000114;208,0;60,0;11,0
1391;0,6041666666666666;0,5753695728087533;PhyDL;0,9;8;sonar;6;1;fastgreedy;3,3533065000083297;208,0;60,0;12,0
1392;0,609375;0,6046454163577959;PhyDL;0,9;8;sonar;6;1;fastgreedy;3,3533313000007183;208,0;60,0;13,0
1393;0,5729166666666666;0,5300298507462686;PhyDL;0,9;8;sonar;6;1;fastgreedy;3,353309600002831;208,0;60,0;14,0
1394;0,65625;0,6190476190476191;PhyDL;0,9;8;sonar;6;1;fastgreedy;3,3533474000068964;208,0;60,0;15,0
1395;0,6041666666666666;0,547394540942928;PhyDL;0,9;8;sonar;6;1;fastgreedy;3,3532913000090048;208,0;60,0;16,0
1396;0,6510416666666666;0,636024106612342;PhyDL;0,9;8;sonar;6;1;fastgreedy;3,353318200002832;208,0;60,0;17,0
1397;0,6197916666666666;0,5858033629835397;PhyDL;0,9;8;sonar;6;1;fastgreedy;3,3532978000075673;208,0;60,0;18,0
1398;0,5520833333333334;0,5295726495726496;PhyDL;0,9;8;sonar;6;1;fastgreedy;3,353378600004362;208,0;60,0;19,0
1399;0,578125;0,5708490852396588;PhyDL;0,9;8;sonar;6;1;fastgreedy;3,353299300004437;208,0;60,0;20,0
1400;0,640625;0,5972640218878249;PhyDL;0,9;8;sonar;6;1;fastgreedy;3,35330060000706;208,0;60,0;21,0
1401;0,6614583333333334;0,6078308141909939;PhyDL;0,9;8;sonar;6;1;fastgreedy;3,353300599999784;208,0;60,0;22,0
1402;0,640625;0,5941052115567266;PhyDL;0,9;8;sonar;6;1;fastgreedy;3,3533003000047756;208,0;60,0;23,0
1403;0,59375;0,5712322491983509;PhyDL;0,9;8;sonar;6;1;fastgreedy;3,353296000008413;208,0;60,0;24,0
1404;0,6770833333333334;0,6765217391304348;PhyDL;0,9;8;sonar;6;1;fastgreedy;3,3532967000064673;208,0;60,0;25,0
1405;0,6197916666666666;0,6109152485911779;PhyDL;0,9;8;sonar;6;1;fastgreedy;3,353296000001137;208,0;60,0;26,0
1406;0,6197916666666666;0,6016257851803428;PhyDL;0,9;8;sonar;6;1;fastgreedy;3,353306300006807;208,0;60,0;27,0
1407;0,671875;0,640160642570281;PhyDL;0,9;8;sonar;6;1;fastgreedy;3,353306100005284;208,0;60,0;28,0
1408;0,578125;0,5708490852396588;PhyDL;0,9;8;sonar;6;1;fastgreedy;3,353300400005537;208,0;60,0;29,0
1409;0,625;0,6208863536638877;PhyDL;0,9;8;sonar;6;1;fastgreedy;3,3533710000046995;208,0;60,0;30,0
1410;0,640625;0,6403811178370749;LLGC;0,9;8;sonar;6;1;fastgreedy;0,022381900002073962;208,0;60,0;1,0
1411;0,578125;0,4413592442257265;LLGC;0,9;8;sonar;6;1;fastgreedy;0,03145339999900898;208,0;60,0;2,0
1412;0,5885416666666666;0,5517598037767073;LLGC;0,9;8;sonar;6;1;fastgreedy;0,0219617000038852;208,0;60,0;3,0
1413;0,5833333333333334;0,4787566173476313;LLGC;0,9;8;sonar;6;1;fastgreedy;0,06695059999765363;208,0;60,0;4,0
1414;0,5625;0,46489714664897147;LLGC;0,9;8;sonar;6;1;fastgreedy;0,04433389999758219;208,0;60,0;5,0
1415;0,65625;0,6069478908188586;LLGC;0,9;8;sonar;6;1;fastgreedy;0,08801049999601673;208,0;60,0;6,0
1416;0,5885416666666666;0,5726722073531483;LLGC;0,9;8;sonar;6;1;fastgreedy;0,02219570000306703;208,0;60,0;7,0
1417;0,4791666666666667;0,34844577168453916;LLGC;0,9;8;sonar;6;1;fastgreedy;0,026189899996097665;208,0;60,0;8,0
1418;0,5052083333333334;0,4643958302745559;LLGC;0,9;8;sonar;6;1;fastgreedy;0,025288800003181677;208,0;60,0;9,0
1419;0,546875;0,37351385815549637;LLGC;0,9;8;sonar;6;1;fastgreedy;0,0229780999943614;208,0;60,0;10,0
1420;0,6041666666666666;0,5701661364439732;LLGC;0,9;8;sonar;6;1;fastgreedy;0,04899010000372073;208,0;60,0;11,0
1421;0,4895833333333333;0,38235294117647056;LLGC;0,9;8;sonar;6;1;fastgreedy;0,05487410000205273;208,0;60,0;12,0
1422;0,5;0,39495798319327735;LLGC;0,9;8;sonar;6;1;fastgreedy;0,06948230000125477;208,0;60,0;13,0
1423;0,4739583333333333;0,33804403481822837;LLGC;0,9;8;sonar;6;1;fastgreedy;0,023305399998207577;208,0;60,0;14,0
1424;0,5364583333333334;0,34915254237288135;LLGC;0,9;8;sonar;6;1;fastgreedy;0,030615799994848203;208,0;60,0;15,0
1425;0,546875;0,37351385815549637;LLGC;0,9;8;sonar;6;1;fastgreedy;0,02325560000463156;208,0;60,0;16,0
1426;0,5104166666666666;0,41364522417154;LLGC;0,9;8;sonar;6;1;fastgreedy;0,022685600000841077;208,0;60,0;17,0
1427;0,6614583333333334;0,6468890586537646;LLGC;0,9;8;sonar;6;1;fastgreedy;0,025558499997714534;208,0;60,0;18,0
1428;0,5572916666666666;0,49590733590733593;LLGC;0,9;8;sonar;6;1;fastgreedy;0,026741800000309013;208,0;60,0;19,0
1429;0,46875;0,3274725274725275;LLGC;0,9;8;sonar;6;1;fastgreedy;0,02251539999997476;208,0;60,0;20,0
1430;0,546875;0,37351385815549637;LLGC;0,9;8;sonar;6;1;fastgreedy;0,030540699997800402;208,0;60,0;21,0
1431;0,6145833333333334;0,512087912087912;LLGC;0,9;8;sonar;6;1;fastgreedy;0,023103100000298582;208,0;60,0;22,0
1432;0,5885416666666666;0,49397831526271896;LLGC;0,9;8;sonar;6;1;fastgreedy;0,03388460000132909;208,0;60,0;23,0
1433;0,5625;0,4083639031548056;LLGC;0,9;8;sonar;6;1;fastgreedy;0,02341359999991255;208,0;60,0;24,0
1434;0,6822916666666666;0,6776661621026558;LLGC;0,9;8;sonar;6;1;fastgreedy;0,03131359999679262;208,0;60,0;25,0
1435;0,6197916666666666;0,603429250488074;LLGC;0,9;8;sonar;6;1;fastgreedy;0,025659200000518467;208,0;60,0;26,0
1436;0,671875;0,6592196083955486;LLGC;0,9;8;sonar;6;1;fastgreedy;0,023852599995734636;208,0;60,0;27,0
1437;0,6354166666666666;0,5588235294117647;LLGC;0,9;8;sonar;6;1;fastgreedy;0,022708000004058704;208,0;60,0;28,0
1438;0,4947916666666667;0,37868223519599664;LLGC;0,9;8;sonar;6;1;fastgreedy;0,031040600006235763;208,0;60,0;29,0
1439;0,65625;0,6422360248447205;LLGC;0,9;8;sonar;6;1;fastgreedy;0,08212040000216803;208,0;60,0;30,0
1440;0,6223404255319149;0,6218161212636351;PhyDL;0,9;10;sonar;6;1;fastgreedy;3,35329910001019;208,0;60,0;1,0
1441;0,5957446808510638;0,5945976620133924;PhyDL;0,9;10;sonar;6;1;fastgreedy;3,3533044000068912;208,0;60,0;2,0
1442;0,5957446808510638;0,5901319563970167;PhyDL;0,9;10;sonar;6;1;fastgreedy;3,3533087000032538;208,0;60,0;3,0
1443;0,6542553191489362;0,6218942417772827;PhyDL;0,9;10;sonar;6;1;fastgreedy;3,353301500006637;208,0;60,0;4,0
1444;0,6223404255319149;0,5745657370517928;PhyDL;0,9;10;sonar;6;1;fastgreedy;3,3533042000053683;208,0;60,0;5,0
1445;0,5851063829787234;0,5742654743932181;PhyDL;0,9;10;sonar;6;1;fastgreedy;3,3533109000054537;208,0;60,0;6,0
1446;0,6436170212765957;0,6308215363873502;PhyDL;0,9;10;sonar;6;1;fastgreedy;3,3532968000072287;208,0;60,0;7,0
1447;0,7021276595744681;0,6774509803921569;PhyDL;0,9;10;sonar;6;1;fastgreedy;3,3533653000049526;208,0;60,0;8,0
1448;0,6702127659574468;0,6683737339251166;PhyDL;0,9;10;sonar;6;1;fastgreedy;3,3533040000111214;208,0;60,0;9,0
1449;0,5585106382978723;0,5263333636887958;PhyDL;0,9;10;sonar;6;1;fastgreedy;3,3535469000053126;208,0;60,0;10,0
1450;0,6648936170212766;0,6606595421596997;PhyDL;0,9;10;sonar;6;1;fastgreedy;3,3533033000057912;208,0;60,0;11,0
1451;0,5638297872340425;0,5431484115694643;PhyDL;0,9;10;sonar;6;1;fastgreedy;3,353302400006214;208,0;60,0;12,0
1452;0,5957446808510638;0,5593931170593315;PhyDL;0,9;10;sonar;6;1;fastgreedy;3,353411700009019;208,0;60,0;13,0
1453;0,5372340425531915;0,486677337350532;PhyDL;0,9;10;sonar;6;1;fastgreedy;3,3533012000116287;208,0;60,0;14,0
1454;0,5585106382978723;0,5026613545816733;PhyDL;0,9;10;sonar;6;1;fastgreedy;3,353299700007483;208,0;60,0;15,0
1455;0,6223404255319149;0,5993877367267926;PhyDL;0,9;10;sonar;6;1;fastgreedy;3,3533007000005455;208,0;60,0;16,0
1456;0,5851063829787234;0,5693139097744361;PhyDL;0,9;10;sonar;6;1;fastgreedy;3,3533003000120516;208,0;60,0;17,0
1457;0,6436170212765957;0,6176425947849316;PhyDL;0,9;10;sonar;6;1;fastgreedy;3,353306800003338;208,0;60,0;18,0
1458;0,7021276595744681;0,6864800476474091;PhyDL;0,9;10;sonar;6;1;fastgreedy;3,353411200005212;208,0;60,0;19,0
1459;0,648936170212766;0,6384615384615384;PhyDL;0,9;10;sonar;6;1;fastgreedy;3,3532956000053673;208,0;60,0;20,0
1460;0,6117021276595744;0,5993577579915341;PhyDL;0,9;10;sonar;6;1;fastgreedy;3,353301500006637;208,0;60,0;21,0
1461;0,6702127659574468;0,6683737339251166;PhyDL;0,9;10;sonar;6;1;fastgreedy;3,353314900006808;208,0;60,0;22,0
1462;0,6329787234042553;0,6146511006149185;PhyDL;0,9;10;sonar;6;1;fastgreedy;3,3533109000054537;208,0;60,0;23,0
1463;0,6808510638297872;0,6795454545454545;PhyDL;0,9;10;sonar;6;1;fastgreedy;3,3532981000025757;208,0;60,0;24,0
1464;0,6914893617021277;0,6879578754578755;PhyDL;0,9;10;sonar;6;1;fastgreedy;3,3533104000089224;208,0;60,0;25,0
1465;0,6276595744680851;0,6100047415836889;PhyDL;0,9;10;sonar;6;1;fastgreedy;3,3533033000057912;208,0;60,0;26,0
1466;0,5797872340425532;0,5517730496453901;PhyDL;0,9;10;sonar;6;1;fastgreedy;3,353300800001307;208,0;60,0;27,0
1467;0,6542553191489362;0,6445918040892301;PhyDL;0,9;10;sonar;6;1;fastgreedy;3,3533858000082546;208,0;60,0;28,0
1468;0,6436170212765957;0,6292568064753494;PhyDL;0,9;10;sonar;6;1;fastgreedy;3,3533166000052006;208,0;60,0;29,0
1469;0,6223404255319149;0,5948152870108976;PhyDL;0,9;10;sonar;6;1;fastgreedy;3,3533038000023225;208,0;60,0;30,0
1470;0,6329787234042553;0,6317179115918576;LLGC;0,9;10;sonar;6;1;fastgreedy;0,021486600002390333;208,0;60,0;1,0
1471;0,5478723404255319;0,5119567541153834;LLGC;0,9;10;sonar;6;1;fastgreedy;0,1273116999946069;208,0;60,0;2,0
1472;0,601063829787234;0,6001474633468509;LLGC;0,9;10;sonar;6;1;fastgreedy;0,031536700000287965;208,0;60,0;3,0
1473;0,5585106382978723;0,4942796953492141;LLGC;0,9;10;sonar;6;1;fastgreedy;0,021950499998638406;208,0;60,0;4,0
1474;0,5691489361702128;0,42955609664731226;LLGC;0,9;10;sonar;6;1;fastgreedy;0,027492000001075212;208,0;60,0;5,0
1475;0,46808510638297873;0,32732216974380995;LLGC;0,9;10;sonar;6;1;fastgreedy;0,03177549999963958;208,0;60,0;6,0
1476;0,4627659574468085;0,31636363636363635;LLGC;0,9;10;sonar;6;1;fastgreedy;0,02870729999995092;208,0;60,0;7,0
1477;0,6542553191489362;0,6004316123336494;LLGC;0,9;10;sonar;6;1;fastgreedy;0,02962709999701474;208,0;60,0;8,0
1478;0,4627659574468085;0,31636363636363635;LLGC;0,9;10;sonar;6;1;fastgreedy;0,02437810000265017;208,0;60,0;9,0
1479;0,4627659574468085;0,31636363636363635;LLGC;0,9;10;sonar;6;1;fastgreedy;0,03572629999689525;208,0;60,0;10,0
1480;0,5904255319148937;0,5655331792670848;LLGC;0,9;10;sonar;6;1;fastgreedy;0,02185480000480311;208,0;60,0;11,0
1481;0,4734042553191489;0,338098794409474;LLGC;0,9;10;sonar;6;1;fastgreedy;0,031556299996736925;208,0;60,0;12,0
1482;0,5531914893617021;0,38648018648018645;LLGC;0,9;10;sonar;6;1;fastgreedy;0,025560199996107258;208,0;60,0;13,0
1483;0,48404255319148937;0,3591284484273414;LLGC;0,9;10;sonar;6;1;fastgreedy;0,029855000000679865;208,0;60,0;14,0
1484;0,48936170212765956;0,3764510779436152;LLGC;0,9;10;sonar;6;1;fastgreedy;0,02380270000139717;208,0;60,0;15,0
1485;0,5797872340425532;0,45841082303176167;LLGC;0,9;10;sonar;6;1;fastgreedy;0,02764509999542497;208,0;60,0;16,0
1486;0,48936170212765956;0,38961038961038963;LLGC;0,9;10;sonar;6;1;fastgreedy;0,06168479999905685;208,0;60,0;17,0
1487;0,5585106382978723;0,39834200886832466;LLGC;0,9;10;sonar;6;1;fastgreedy;0,033288799997535534;208,0;60,0;18,0
1488;0,5425531914893617;0,3620580808080808;LLGC;0,9;10;sonar;6;1;fastgreedy;0,03172140000242507;208,0;60,0;19,0
1489;0,4627659574468085;0,31636363636363635;LLGC;0,9;10;sonar;6;1;fastgreedy;0,03431139999884181;208,0;60,0;20,0
1490;0,48404255319148937;0,3591284484273414;LLGC;0,9;10;sonar;6;1;fastgreedy;0,039610799998627044;208,0;60,0;21,0
1491;0,6223404255319149;0,6218161212636351;LLGC;0,9;10;sonar;6;1;fastgreedy;0,03044660000159638;208,0;60,0;22,0
1492;0,5957446808510638;0,5563835072031793;LLGC;0,9;10;sonar;6;1;fastgreedy;0,03824190000159433;208,0;60,0;23,0
1493;0,5691489361702128;0,5288220551378446;LLGC;0,9;10;sonar;6;1;fastgreedy;0,025567299999238458;208,0;60,0;24,0
1494;0,4734042553191489;0,338098794409474;LLGC;0,9;10;sonar;6;1;fastgreedy;0,0872047999946517;208,0;60,0;25,0
1495;0,4627659574468085;0,31636363636363635;LLGC;0,9;10;sonar;6;1;fastgreedy;0,02191869999660412;208,0;60,0;26,0
1496;0,46808510638297873;0,32732216974380995;LLGC;0,9;10;sonar;6;1;fastgreedy;0,0214412000059383;208,0;60,0;27,0
1497;0,48404255319148937;0,3591284484273414;LLGC;0,9;10;sonar;6;1;fastgreedy;0,025689099995361175;208,0;60,0;28,0
1498;0,4627659574468085;0,31636363636363635;LLGC;0,9;10;sonar;6;1;fastgreedy;0,08005299999786075;208,0;60,0;29,0
1499;0,5372340425531915;0,35966801080530875;LLGC;0,9;10;sonar;6;1;fastgreedy;0,05569670000113547;208,0;60,0;30,0
1500;0,6141304347826086;0,6127464058099896;PhyDL;0,9;12;sonar;6;1;fastgreedy;3,353302200011967;208,0;60,0;1,0
1501;0,5978260869565217;0,597778565520501;PhyDL;0,9;12;sonar;6;1;fastgreedy;3,353314500003762;208,0;60,0;2,0
1502;0,5489130434782609;0,5417529330572809;PhyDL;0,9;12;sonar;6;1;fastgreedy;3,353309000005538;208,0;60,0;3,0
1503;0,6141304347826086;0,6132050333086603;PhyDL;0,9;12;sonar;6;1;fastgreedy;3,3533236000075703;208,0;60,0;4,0
1504;0,6358695652173914;0,5941399176954733;PhyDL;0,9;12;sonar;6;1;fastgreedy;3,353317300003255;208,0;60,0;5,0
1505;0,6739130434782609;0,6623853211009174;PhyDL;0,9;12;sonar;6;1;fastgreedy;3,3533029000027454;208,0;60,0;6,0
1506;0,6141304347826086;0,6115488686033719;PhyDL;0,9;12;sonar;6;1;fastgreedy;3,3532983000040986;208,0;60,0;7,0
1507;0,6195652173913043;0,6191602602010644;PhyDL;0,9;12;sonar;6;1;fastgreedy;3,3533126000038465;208,0;60,0;8,0
1508;0,5543478260869565;0,5246376811594202;PhyDL;0,9;12;sonar;6;1;fastgreedy;3,3532967000064673;208,0;60,0;9,0
1509;0,6195652173913043;0,6129807692307692;PhyDL;0,9;12;sonar;6;1;fastgreedy;3,35341810000682;208,0;60,0;10,0
1510;0,6793478260869565;0,6658355649952288;PhyDL;0,9;12;sonar;6;1;fastgreedy;3,3532946000050288;208,0;60,0;11,0
1511;0,5815217391304348;0,5748792270531401;PhyDL;0,9;12;sonar;6;1;fastgreedy;3,3533261000047787;208,0;60,0;12,0
1512;0,6467391304347826;0,6242656529797996;PhyDL;0,9;12;sonar;6;1;fastgreedy;3,353295100008836;208,0;60,0;13,0
1513;0,6956521739130435;0,6734279918864097;PhyDL;0,9;12;sonar;6;1;fastgreedy;3,3533003000047756;208,0;60,0;14,0
1514;0,6304347826086957;0,6288561936402468;PhyDL;0,9;12;sonar;6;1;fastgreedy;3,3532985000056215;208,0;60,0;15,0
1515;0,5869565217391305;0,5642527732768291;PhyDL;0,9;12;sonar;6;1;fastgreedy;3,3533064000075683;208,0;60,0;16,0
1516;0,5543478260869565;0,5466346153846153;PhyDL;0,9;12;sonar;6;1;fastgreedy;3,353296600005706;208,0;60,0;17,0
1517;0,6032608695652174;0,5845987320241225;PhyDL;0,9;12;sonar;6;1;fastgreedy;3,353299300011713;208,0;60,0;18,0
1518;0,6467391304347826;0,6364189086487309;PhyDL;0,9;12;sonar;6;1;fastgreedy;3,3533009000020684;208,0;60,0;19,0
1519;0,717391304347826;0,717391304347826;PhyDL;0,9;12;sonar;6;1;fastgreedy;3,35332400000334;208,0;60,0;20,0
1520;0,6032608695652174;0,5845987320241225;PhyDL;0,9;12;sonar;6;1;fastgreedy;3,353307900004438;208,0;60,0;21,0
1521;0,6032608695652174;0,5989849231228541;PhyDL;0,9;12;sonar;6;1;fastgreedy;3,3533228000014788;208,0;60,0;22,0
1522;0,5380434782608695;0,5278775621094576;PhyDL;0,9;12;sonar;6;1;fastgreedy;3,353293100000883;208,0;60,0;23,0
1523;0,6521739130434783;0,652132813423136;PhyDL;0,9;12;sonar;6;1;fastgreedy;3,3534144000077504;208,0;60,0;24,0
1524;0,6902173913043478;0,6861289839892264;PhyDL;0,9;12;sonar;6;1;fastgreedy;3,3533117000042694;208,0;60,0;25,0
1525;0,625;0,6167476680653243;PhyDL;0,9;12;sonar;6;1;fastgreedy;3,3533110999997007;208,0;60,0;26,0
1526;0,6521739130434783;0,6518036664695446;PhyDL;0,9;12;sonar;6;1;fastgreedy;3,353303500007314;208,0;60,0;27,0
1527;0,7119565217391305;0,6953166494829256;PhyDL;0,9;12;sonar;6;1;fastgreedy;3,3533111000069766;208,0;60,0;28,0
1528;0,6902173913043478;0,6685941795430846;PhyDL;0,9;12;sonar;6;1;fastgreedy;3,3533080000051996;208,0;60,0;29,0
1529;0,5706521739130435;0,5677797270375546;PhyDL;0,9;12;sonar;6;1;fastgreedy;3,353293300002406;208,0;60,0;30,0
1530;0,532608695652174;0,4481026785714286;LLGC;0,9;12;sonar;6;1;fastgreedy;0,05841530000179773;208,0;60,0;1,0
1531;0,625;0,6179470975896001;LLGC;0,9;12;sonar;6;1;fastgreedy;0,052501899997878354;208,0;60,0;2,0
1532;0,483695652173913;0,3595896684374427;LLGC;0,9;12;sonar;6;1;fastgreedy;0,028758699998434167;208,0;60,0;3,0
1533;0,6358695652173914;0,6356004847624959;LLGC;0,9;12;sonar;6;1;fastgreedy;0,04202050000458257;208,0;60,0;4,0
1534;0,5380434782608695;0,3498233215547703;LLGC;0,9;12;sonar;6;1;fastgreedy;0,02122419999795966;208,0;60,0;5,0
1535;0,5706521739130435;0,45416995231121626;LLGC;0,9;12;sonar;6;1;fastgreedy;0,02370340000197757;208,0;60,0;6,0
1536;0,5054347826086957;0,4004368532244781;LLGC;0,9;12;sonar;6;1;fastgreedy;0,024440600005618762;208,0;60,0;7,0
1537;0,4673913043478261;0,32716417910447765;LLGC;0,9;12;sonar;6;1;fastgreedy;0,03820399999676738;208,0;60,0;8,0
1538;0,47282608695652173;0,33815404012311345;LLGC;0,9;12;sonar;6;1;fastgreedy;0,024488499999279156;208,0;60,0;9,0
1539;0,6195652173913043;0,6193853427895981;LLGC;0,9;12;sonar;6;1;fastgreedy;0,04106619999947725;208,0;60,0;10,0
1540;0,5108695652173914;0,41649048625792817;LLGC;0,9;12;sonar;6;1;fastgreedy;0,02851340000052005;208,0;60,0;11,0
1541;0,5869565217391305;0,5642527732768291;LLGC;0,9;12;sonar;6;1;fastgreedy;0,040188600003602915;208,0;60,0;12,0
1542;0,46195652173913043;0,3245077316720436;LLGC;0,9;12;sonar;6;1;fastgreedy;0,02797429999918677;208,0;60,0;13,0
1543;0,592391304347826;0,46790052053209946;LLGC;0,9;12;sonar;6;1;fastgreedy;0,039710099998046644;208,0;60,0;14,0
1544;0,4673913043478261;0,32716417910447765;LLGC;0,9;12;sonar;6;1;fastgreedy;0,02321759999904316;208,0;60,0;15,0
1545;0,6141304347826086;0,5820188769796832;LLGC;0,9;12;sonar;6;1;fastgreedy;0,030033600000024308;208,0;60,0;16,0
1546;0,46195652173913043;0,3547518685133364;LLGC;0,9;12;sonar;6;1;fastgreedy;0,03853479999816045;208,0;60,0;17,0
1547;0,5978260869565217;0,5567708333333333;LLGC;0,9;12;sonar;6;1;fastgreedy;0,02441260000341572;208,0;60,0;18,0
1548;0,657608695652174;0,6015810276679842;LLGC;0,9;12;sonar;6;1;fastgreedy;0,08561139999801526;208,0;60,0;19,0
1549;0,75;0,7498817966903073;LLGC;0,9;12;sonar;6;1;fastgreedy;0,026580800004012417;208,0;60,0;20,0
1550;0,6032608695652174;0,5078952189045612;LLGC;0,9;12;sonar;6;1;fastgreedy;0,024701900001673494;208,0;60,0;21,0
1551;0,4945652173913043;0,4224967095271844;LLGC;0,9;12;sonar;6;1;fastgreedy;0,02541860000201268;208,0;60,0;22,0
1552;0,5054347826086957;0,4068931316637739;LLGC;0,9;12;sonar;6;1;fastgreedy;0,022282600002654362;208,0;60,0;23,0
1553;0,6358695652173914;0,6334334393862805;LLGC;0,9;12;sonar;6;1;fastgreedy;0,03949979999742936;208,0;60,0;24,0
1554;0,5760869565217391;0,5177419354838709;LLGC;0,9;12;sonar;6;1;fastgreedy;0,03512549999868497;208,0;60,0;25,0
1555;0,6032608695652174;0,5466909655428437;LLGC;0,9;12;sonar;6;1;fastgreedy;0,02523740000469843;208,0;60,0;26,0
1556;0,6195652173913043;0,5964912280701755;LLGC;0,9;12;sonar;6;1;fastgreedy;0,03762010000355076;208,0;60,0;27,0
1557;0,6032608695652174;0,5019097415359514;LLGC;0,9;12;sonar;6;1;fastgreedy;0,023914900004456285;208,0;60,0;28,0
1558;0,657608695652174;0,6240147903084559;LLGC;0,9;12;sonar;6;1;fastgreedy;0,11241349999909289;208,0;60,0;29,0
1559;0,5652173913043478;0,5010169491525424;LLGC;0,9;12;sonar;6;1;fastgreedy;0,02130829999805428;208,0;60,0;30,0
1560;0,5722222222222222;0,5281702127659574;PhyDL;0,9;14;sonar;6;1;fastgreedy;3,353308500009007;208,0;60,0;1,0
1561;0,6611111111111111;0,655486178657714;PhyDL;0,9;14;sonar;6;1;fastgreedy;3,3533192000031704;208,0;60,0;2,0
1562;0,6055555555555555;0,6049581156687583;PhyDL;0,9;14;sonar;6;1;fastgreedy;3,353299300011713;208,0;60,0;3,0
1563;0,6722222222222223;0,6721311475409836;PhyDL;0,9;14;sonar;6;1;fastgreedy;3,353358300002583;208,0;60,0;4,0
1564;0,6444444444444445;0,6422804620544031;PhyDL;0,9;14;sonar;6;1;fastgreedy;3,3533016000073985;208,0;60,0;5,0
1565;0,6722222222222223;0,671400724032303;PhyDL;0,9;14;sonar;6;1;fastgreedy;3,3532996000067214;208,0;60,0;6,0
1566;0,5611111111111111;0,5394928592247158;PhyDL;0,9;14;sonar;6;1;fastgreedy;3,3533076000021538;208,0;60,0;7,0
1567;0,6222222222222222;0,6082447829983357;PhyDL;0,9;14;sonar;6;1;fastgreedy;3,3532990000094287;208,0;60,0;8,0
1568;0,6833333333333333;0,6723196320781835;PhyDL;0,9;14;sonar;6;1;fastgreedy;3,353296200009936;208,0;60,0;9,0
1569;0,6388888888888888;0,6328951084057607;PhyDL;0,9;14;sonar;6;1;fastgreedy;3,35329730000376;208,0;60,0;10,0
1570;0,6222222222222222;0,6141722355314588;PhyDL;0,9;14;sonar;6;1;fastgreedy;3,35329620000266;208,0;60,0;11,0
1571;0,5722222222222222;0,5715742944576674;PhyDL;0,9;14;sonar;6;1;fastgreedy;3,3532926000116277;208,0;60,0;12,0
1572;0,6388888888888888;0,6246992782678429;PhyDL;0,9;14;sonar;6;1;fastgreedy;3,3533472000053735;208,0;60,0;13,0
1573;0,6722222222222223;0,6634874362305523;PhyDL;0,9;14;sonar;6;1;fastgreedy;3,353292900006636;208,0;60,0;14,0
1574;0,6111111111111112;0,6040723981900453;PhyDL;0,9;14;sonar;6;1;fastgreedy;3,35330210000393;208,0;60,0;15,0
1575;0,6;0,585200358468826;PhyDL;0,9;14;sonar;6;1;fastgreedy;3,353315100001055;208,0;60,0;16,0
1576;0,5611111111111111;0,49529724933451647;PhyDL;0,9;14;sonar;6;1;fastgreedy;3,3533025000069756;208,0;60,0;17,0
1577;0,6611111111111111;0,6580611005574414;PhyDL;0,9;14;sonar;6;1;fastgreedy;3,3533005000062985;208,0;60,0;18,0
1578;0,6555555555555556;0,6376623376623376;PhyDL;0,9;14;sonar;6;1;fastgreedy;3,3533146000045235;208,0;60,0;19,0
1579;0,6722222222222223;0,6705035524805312;PhyDL;0,9;14;sonar;6;1;fastgreedy;3,35330500001146;208,0;60,0;20,0
1580;0,6055555555555555;0,5861264937336054;PhyDL;0,9;14;sonar;6;1;fastgreedy;3,3532978000075673;208,0;60,0;21,0
1581;0,7555555555555555;0,7441529913425506;PhyDL;0,9;14;sonar;6;1;fastgreedy;3,353296000008413;208,0;60,0;22,0
1582;0,6055555555555555;0,5861264937336054;PhyDL;0,9;14;sonar;6;1;fastgreedy;3,353300200004014;208,0;60,0;23,0
1583;0,6166666666666667;0,6016038492381717;PhyDL;0,9;14;sonar;6;1;fastgreedy;3,3533065000083297;208,0;60,0;24,0
1584;0,5888888888888889;0,5814479638009049;PhyDL;0,9;14;sonar;6;1;fastgreedy;3,3533055000007153;208,0;60,0;25,0
1585;0,6777777777777778;0,6658558443221099;PhyDL;0,9;14;sonar;6;1;fastgreedy;3,3532968000072287;208,0;60,0;26,0
1586;0,6888888888888889;0,6822594880847308;PhyDL;0,9;14;sonar;6;1;fastgreedy;3,353295300003083;208,0;60,0;27,0
1587;0,6833333333333333;0,6660047527588788;PhyDL;0,9;14;sonar;6;1;fastgreedy;3,3532967000064673;208,0;60,0;28,0
1588;0,7055555555555556;0,6977090528850725;PhyDL;0,9;14;sonar;6;1;fastgreedy;3,3533023000054527;208,0;60,0;29,0
1589;0,6555555555555556;0,655385375494071;PhyDL;0,9;14;sonar;6;1;fastgreedy;3,3533011000035913;208,0;60,0;30,0
1590;0,46111111111111114;0,3155893536121673;LLGC;0,9;14;sonar;6;1;fastgreedy;0,02115110000158893;208,0;60,0;1,0
1591;0,55;0,3762566844919786;LLGC;0,9;14;sonar;6;1;fastgreedy;0,0232869000028586;208,0;60,0;2,0
1592;0,4666666666666667;0,3353846153846154;LLGC;0,9;14;sonar;6;1;fastgreedy;0,025139600002148654;208,0;60,0;3,0
1593;0,6388888888888888;0,6317859952793077;LLGC;0,9;14;sonar;6;1;fastgreedy;0,025776899994525593;208,0;60,0;4,0
1594;0,4888888888888889;0,38493537364433217;LLGC;0,9;14;sonar;6;1;fastgreedy;0,024499099999957252;208,0;60,0;5,0
1595;0,6388888888888888;0,6148148148148148;LLGC;0,9;14;sonar;6;1;fastgreedy;0,029299000001628883;208,0;60,0;6,0
1596;0,48333333333333334;0,3676098371803105;LLGC;0,9;14;sonar;6;1;fastgreedy;0,03351010000187671;208,0;60,0;7,0
1597;0,5222222222222223;0,4370909090909091;LLGC;0,9;14;sonar;6;1;fastgreedy;0,028977100002521183;208,0;60,0;8,0
1598;0,46111111111111114;0,3155893536121673;LLGC;0,9;14;sonar;6;1;fastgreedy;0,025136500000371598;208,0;60,0;9,0
1599;0,6166666666666667;0,6123474515434315;LLGC;0,9;14;sonar;6;1;fastgreedy;0,02549350000481354;208,0;60,0;10,0
1600;0,45555555555555555;0,31297709923664124;LLGC;0,9;14;sonar;6;1;fastgreedy;0,02337739999347832;208,0;60,0;11,0
1601;0,46111111111111114;0,3155893536121673;LLGC;0,9;14;sonar;6;1;fastgreedy;0,03112680000049295;208,0;60,0;12,0
1602;0,6333333333333333;0,5537860576923077;LLGC;0,9;14;sonar;6;1;fastgreedy;0,025570999998308253;208,0;60,0;13,0
1603;0,7;0,6945701357466063;LLGC;0,9;14;sonar;6;1;fastgreedy;0,02304300000105286;208,0;60,0;14,0
1604;0,46111111111111114;0,3155893536121673;LLGC;0,9;14;sonar;6;1;fastgreedy;0,03790840000147;208,0;60,0;15,0
1605;0,55;0,3762566844919786;LLGC;0,9;14;sonar;6;1;fastgreedy;0,024855800002114847;208,0;60,0;16,0
1606;0,6277777777777778;0,5719609582963621;LLGC;0,9;14;sonar;6;1;fastgreedy;0,045912399997178;208,0;60,0;17,0
1607;0,4666666666666667;0,3353846153846154;LLGC;0,9;14;sonar;6;1;fastgreedy;0,06224780000047758;208,0;60,0;18,0
1608;0,4722222222222222;0,34630528689934625;LLGC;0,9;14;sonar;6;1;fastgreedy;0,021485400000528898;208,0;60,0;19,0
1609;0,6833333333333333;0,6748946417820589;LLGC;0,9;14;sonar;6;1;fastgreedy;0,024769100004050415;208,0;60,0;20,0
1610;0,6666666666666666;0,6280479404876704;LLGC;0,9;14;sonar;6;1;fastgreedy;0,021541499998420477;208,0;60,0;21,0
1611;0,7222222222222222;0,7028133667943468;LLGC;0,9;14;sonar;6;1;fastgreedy;0,023760500000207685;208,0;60,0;22,0
1612;0,4777777777777778;0,34923076923076923;LLGC;0,9;14;sonar;6;1;fastgreedy;0,031725799999549054;208,0;60,0;23,0
1613;0,6555555555555556;0,6551724137931034;LLGC;0,9;14;sonar;6;1;fastgreedy;0,024111400001856964;208,0;60,0;24,0
1614;0,4888888888888889;0,3780048076923077;LLGC;0,9;14;sonar;6;1;fastgreedy;0,025390900002093986;208,0;60,0;25,0
1615;0,5;0,3915264423076923;LLGC;0,9;14;sonar;6;1;fastgreedy;0,022816899996541906;208,0;60,0;26,0
1616;0,6222222222222222;0,5958261788403116;LLGC;0,9;14;sonar;6;1;fastgreedy;0,0242558999962057;208,0;60,0;27,0
1617;0,5777777777777777;0,43703703703703706;LLGC;0,9;14;sonar;6;1;fastgreedy;0,022863199999846984;208,0;60,0;28,0
1618;0,6388888888888888;0,5580068754486042;LLGC;0,9;14;sonar;6;1;fastgreedy;0,02542449999600649;208,0;60,0;29,0
1619;0,6888888888888889;0,6888504753673292;LLGC;0,9;14;sonar;6;1;fastgreedy;0,05993690000468632;208,0;60,0;30,0
1620;0,6590909090909091;0,6546310832025117;PhyDL;0,9;16;sonar;6;1;fastgreedy;3,3532989000086673;208,0;60,0;1,0
1621;0,7045454545454546;0,7042016806722688;PhyDL;0,9;16;sonar;6;1;fastgreedy;3,353297300011036;208,0;60,0;2,0
1622;0,6136363636363636;0,6075036075036075;PhyDL;0,9;16;sonar;6;1;fastgreedy;3,3533014000058756;208,0;60,0;3,0
1623;0,6875;0,6536796536796536;PhyDL;0,9;16;sonar;6;1;fastgreedy;3,3533001000032527;208,0;60,0;4,0
1624;0,7045454545454546;0,7045454545454546;PhyDL;0,9;16;sonar;6;1;fastgreedy;3,3532943000100204;208,0;60,0;5,0
1625;0,5909090909090909;0,5769230769230769;PhyDL;0,9;16;sonar;6;1;fastgreedy;3,3532989000013913;208,0;60,0;6,0
1626;0,6875;0,687247584892249;PhyDL;0,9;16;sonar;6;1;fastgreedy;3,3532954000111204;208,0;60,0;7,0
1627;0,5397727272727273;0,5364053201521902;PhyDL;0,9;16;sonar;6;1;fastgreedy;3,35339620000741;208,0;60,0;8,0
1628;0,6647727272727273;0,6608198595459742;PhyDL;0,9;16;sonar;6;1;fastgreedy;3,353296200009936;208,0;60,0;9,0
1629;0,6818181818181818;0,6767676767676767;PhyDL;0,9;16;sonar;6;1;fastgreedy;3,3533228000014788;208,0;60,0;10,0
1630;0,5852272727272727;0,5660485695950283;PhyDL;0,9;16;sonar;6;1;fastgreedy;3,3533344000024954;208,0;60,0;11,0
1631;0,625;0,6242236024844721;PhyDL;0,9;16;sonar;6;1;fastgreedy;3,353297700006806;208,0;60,0;12,0
1632;0,6534090909090909;0,6508731423368346;PhyDL;0,9;16;sonar;6;1;fastgreedy;3,353305500007991;208,0;60,0;13,0
1633;0,5795454545454546;0,5740450026164312;PhyDL;0,9;16;sonar;6;1;fastgreedy;3,35330210000393;208,0;60,0;14,0
1634;0,6136363636363636;0,6075036075036075;PhyDL;0,9;16;sonar;6;1;fastgreedy;3,3532972000029986;208,0;60,0;15,0
1635;0,6818181818181818;0,670940170940171;PhyDL;0,9;16;sonar;6;1;fastgreedy;3,353313400002662;208,0;60,0;16,0
1636;0,6647727272727273;0,6646752995123841;PhyDL;0,9;16;sonar;6;1;fastgreedy;3,353305000004184;208,0;60,0;17,0
1637;0,6931818181818182;0,6764705882352942;PhyDL;0,9;16;sonar;6;1;fastgreedy;3,3533644000053755;208,0;60,0;18,0
1638;0,6022727272727273;0,5574712643678161;PhyDL;0,9;16;sonar;6;1;fastgreedy;3,3533853000044473;208,0;60,0;19,0
1639;0,6420454545454546;0,6358261897723914;PhyDL;0,9;16;sonar;6;1;fastgreedy;3,3533051000049454;208,0;60,0;20,0
1640;0,5284090909090909;0,5066031681696896;PhyDL;0,9;16;sonar;6;1;fastgreedy;3,353299900009006;208,0;60,0;21,0
1641;0,6590909090909091;0,6546310832025117;PhyDL;0,9;16;sonar;6;1;fastgreedy;3,353298800007906;208,0;60,0;22,0
1642;0,6022727272727273;0,595959595959596;PhyDL;0,9;16;sonar;6;1;fastgreedy;3,35330100000283;208,0;60,0;23,0
1643;0,6931818181818182;0,6921881072677808;PhyDL;0,9;16;sonar;6;1;fastgreedy;3,3533194000119693;208,0;60,0;24,0
1644;0,625;0,5827586206896552;PhyDL;0,9;16;sonar;6;1;fastgreedy;3,3532996000067214;208,0;60,0;25,0
1645;0,6022727272727273;0,5970695970695972;PhyDL;0,9;16;sonar;6;1;fastgreedy;3,3533062000060454;208,0;60,0;26,0
1646;0,7386363636363636;0,7364583333333333;PhyDL;0,9;16;sonar;6;1;fastgreedy;3,3533066000018152;208,0;60,0;27,0
1647;0,6761363636363636;0,6670980587356894;PhyDL;0,9;16;sonar;6;1;fastgreedy;3,3534816000101273;208,0;60,0;28,0
1648;0,6590909090909091;0,6514851485148514;PhyDL;0,9;16;sonar;6;1;fastgreedy;3,3533238000090932;208,0;60,0;29,0
1649;0,6647727272727273;0,6525579683474421;PhyDL;0,9;16;sonar;6;1;fastgreedy;3,3534508000084315;208,0;60,0;30,0
1650;0,4659090909090909;0,335368793186566;LLGC;0,9;16;sonar;6;1;fastgreedy;0,022144900001876522;208,0;60,0;1,0
1651;0,6534090909090909;0,6533083605128039;LLGC;0,9;16;sonar;6;1;fastgreedy;0,022886600003403146;208,0;60,0;2,0
1652;0,6534090909090909;0,6335210786823691;LLGC;0,9;16;sonar;6;1;fastgreedy;0,025188599996909034;208,0;60,0;3,0
1653;0,5909090909090909;0,4625954198473282;LLGC;0,9;16;sonar;6;1;fastgreedy;0,023366399997030385;208,0;60,0;4,0
1654;0,7784090909090909;0,7780580075662042;LLGC;0,9;16;sonar;6;1;fastgreedy;0,024025600003369618;208,0;60,0;5,0
1655;0,4715909090909091;0,3382656155245603;LLGC;0,9;16;sonar;6;1;fastgreedy;0,0259412000013981;208,0;60,0;6,0
1656;0,4602272727272727;0,3151750972762646;LLGC;0,9;16;sonar;6;1;fastgreedy;0,030065699997066986;208,0;60,0;7,0
1657;0,4943181818181818;0,38211510394067294;LLGC;0,9;16;sonar;6;1;fastgreedy;0,025366400004713796;208,0;60,0;8,0
1658;0,5738636363636364;0,4274560832791151;LLGC;0,9;16;sonar;6;1;fastgreedy;0,022541699996509124;208,0;60,0;9,0
1659;0,6363636363636364;0,5474851357865981;LLGC;0,9;16;sonar;6;1;fastgreedy;0,025993900002504233;208,0;60,0;10,0
1660;0,5511363636363636;0,37725623684328397;LLGC;0,9;16;sonar;6;1;fastgreedy;0,025213600005372427;208,0;60,0;11,0
1661;0,5340909090909091;0,46808196962995724;LLGC;0,9;16;sonar;6;1;fastgreedy;0,023177999995823484;208,0;60,0;12,0
1662;0,5170454545454546;0,45590107292234955;LLGC;0,9;16;sonar;6;1;fastgreedy;0,02537099999608472;208,0;60,0;13,0
1663;0,6477272727272727;0,6242424242424243;LLGC;0,9;16;sonar;6;1;fastgreedy;0,030611700000008568;208,0;60,0;14,0
1664;0,4602272727272727;0,3151750972762646;LLGC;0,9;16;sonar;6;1;fastgreedy;0,02407659999880707;208,0;60,0;15,0
1665;0,5511363636363636;0,40598966121245783;LLGC;0,9;16;sonar;6;1;fastgreedy;0,024706099997274578;208,0;60,0;16,0
1666;0,4943181818181818;0,4024794964714858;LLGC;0,9;16;sonar;6;1;fastgreedy;0,028173799997603055;208,0;60,0;17,0
1667;0,5511363636363636;0,37725623684328397;LLGC;0,9;16;sonar;6;1;fastgreedy;0,08567809999658493;208,0;60,0;18,0
1668;0,5397727272727273;0,3505535055350554;LLGC;0,9;16;sonar;6;1;fastgreedy;0,03817279999930179;208,0;60,0;19,0
1669;0,5568181818181818;0,4090909090909091;LLGC;0,9;16;sonar;6;1;fastgreedy;0,022989400000369642;208,0;60,0;20,0
1670;0,48863636363636365;0,3788235294117647;LLGC;0,9;16;sonar;6;1;fastgreedy;0,023724200000287965;208,0;60,0;21,0
1671;0,4602272727272727;0,3151750972762646;LLGC;0,9;16;sonar;6;1;fastgreedy;0,022202399995876476;208,0;60,0;22,0
1672;0,4602272727272727;0,3151750972762646;LLGC;0,9;16;sonar;6;1;fastgreedy;0,024545000000216532;208,0;60,0;23,0
1673;0,7272727272727273;0,7271317829457364;LLGC;0,9;16;sonar;6;1;fastgreedy;0,026047400002426002;208,0;60,0;24,0
1674;0,5738636363636364;0,4274560832791151;LLGC;0,9;16;sonar;6;1;fastgreedy;0,02384429999801796;208,0;60,0;25,0
1675;0,4659090909090909;0,3268229166666667;LLGC;0,9;16;sonar;6;1;fastgreedy;0,024307399995450396;208,0;60,0;26,0
1676;0,4602272727272727;0,3151750972762646;LLGC;0,9;16;sonar;6;1;fastgreedy;0,10014579999551643;208,0;60,0;27,0
1677;0,5852272727272727;0,451104370487461;LLGC;0,9;16;sonar;6;1;fastgreedy;0,025253100000554696;208,0;60,0;28,0
1678;0,6647727272727273;0,663458110516934;LLGC;0,9;16;sonar;6;1;fastgreedy;0,03141459999460494;208,0;60,0;29,0
1679;0,6477272727272727;0,6323450134770889;LLGC;0,9;16;sonar;6;1;fastgreedy;0,04414169999654405;208,0;60,0;30,0
1680;0,6511627906976745;0,6351809954751131;PhyDL;0,9;18;sonar;6;1;fastgreedy;3,3533179000078235;208,0;60,0;1,0
1681;0,7093023255813954;0,7025044970250449;PhyDL;0,9;18;sonar;6;1;fastgreedy;3,353307000004861;208,0;60,0;2,0
1682;0,5813953488372093;0,5730832873690017;PhyDL;0,9;18;sonar;6;1;fastgreedy;3,35329800000909;208,0;60,0;3,0
1683;0,6511627906976745;0,64997964997965;PhyDL;0,9;18;sonar;6;1;fastgreedy;3,3533073000071454;208,0;60,0;4,0
1684;0,7267441860465116;0,7259939667152493;PhyDL;0,9;18;sonar;6;1;fastgreedy;3,3533098000043537;208,0;60,0;5,0
1685;0,6976744186046512;0,6956580917381244;PhyDL;0,9;18;sonar;6;1;fastgreedy;3,3533578000060515;208,0;60,0;6,0
1686;0,627906976744186;0,6108597285067874;PhyDL;0,9;18;sonar;6;1;fastgreedy;3,3532974000045215;208,0;60,0;7,0
1687;0,6046511627906976;0,6041694869365101;PhyDL;0,9;18;sonar;6;1;fastgreedy;3,353302600000461;208,0;60,0;8,0
1688;0,686046511627907;0,6833060556464812;PhyDL;0,9;18;sonar;6;1;fastgreedy;3,35330100000283;208,0;60,0;9,0
1689;0,7151162790697675;0,7123058542413381;PhyDL;0,9;18;sonar;6;1;fastgreedy;3,353300400005537;208,0;60,0;10,0
1690;0,5697674418604651;0,5580555555555555;PhyDL;0,9;18;sonar;6;1;fastgreedy;3,353396000005887;208,0;60,0;11,0
1691;0,6453488372093024;0,6049550058360631;PhyDL;0,9;18;sonar;6;1;fastgreedy;3,3532959000076517;208,0;60,0;12,0
1692;0,6395348837209303;0,6297222222222222;PhyDL;0,9;18;sonar;6;1;fastgreedy;3,3532978000002913;208,0;60,0;13,0
1693;0,6569767441860465;0,634108527131783;PhyDL;0,9;18;sonar;6;1;fastgreedy;3,3533087000032538;208,0;60,0;14,0
1694;0,6802325581395349;0,6801352493660187;PhyDL;0,9;18;sonar;6;1;fastgreedy;3,353299700007483;208,0;60,0;15,0
1695;0,6744186046511628;0,6742424242424242;PhyDL;0,9;18;sonar;6;1;fastgreedy;3,35329910001019;208,0;60,0;16,0
1696;0,6627906976744186;0,6598472449536279;PhyDL;0,9;18;sonar;6;1;fastgreedy;3,353301500006637;208,0;60,0;17,0
1697;0,6976744186046512;0,6868347338935574;PhyDL;0,9;18;sonar;6;1;fastgreedy;3,3532959000076517;208,0;60,0;18,0
1698;0,686046511627907;0,6853658536585365;PhyDL;0,9;18;sonar;6;1;fastgreedy;3,3533003000047756;208,0;60,0;19,0
1699;0,6569767441860465;0,634108527131783;PhyDL;0,9;18;sonar;6;1;fastgreedy;3,3532985000056215;208,0;60,0;20,0
1700;0,627906976744186;0,6192057561920576;PhyDL;0,9;18;sonar;6;1;fastgreedy;3,353314700005285;208,0;60,0;21,0
1701;0,7790697674418605;0,7771412984178941;PhyDL;0,9;18;sonar;6;1;fastgreedy;3,35329840000486;208,0;60,0;22,0
1702;0,7209302325581395;0,7171052631578947;PhyDL;0,9;18;sonar;6;1;fastgreedy;3,3533020000031684;208,0;60,0;23,0
1703;0,622093023255814;0,5968992248062015;PhyDL;0,9;18;sonar;6;1;fastgreedy;3,3533280000046943;208,0;60,0;24,0
1704;0,6744186046511628;0,6742424242424242;PhyDL;0,9;18;sonar;6;1;fastgreedy;3,3532930000001215;208,0;60,0;25,0
1705;0,6627906976744186;0,6536111111111111;PhyDL;0,9;18;sonar;6;1;fastgreedy;3,353298200010613;208,0;60,0;26,0
1706;0,6744186046511628;0,6742424242424242;PhyDL;0,9;18;sonar;6;1;fastgreedy;3,3533382000096026;208,0;60,0;27,0
1707;0,5872093023255814;0,5848376678565358;PhyDL;0,9;18;sonar;6;1;fastgreedy;3,3533001000105287;208,0;60,0;28,0
1708;0,6744186046511628;0,6737127371273712;PhyDL;0,9;18;sonar;6;1;fastgreedy;3,3533022000046913;208,0;60,0;29,0
1709;0,6802325581395349;0,666419831446807;PhyDL;0,9;18;sonar;6;1;fastgreedy;3,3533036000080756;208,0;60,0;30,0
1710;0,45930232558139533;0,3147410358565737;LLGC;0,9;18;sonar;6;1;fastgreedy;0,0300790000037523;208,0;60,0;1,0
1711;0,5872093023255814;0,4538217272686614;LLGC;0,9;18;sonar;6;1;fastgreedy;0,022466199996415526;208,0;60,0;2,0
1712;0,47093023255813954;0,33832170788416827;LLGC;0,9;18;sonar;6;1;fastgreedy;0,022440099994128104;208,0;60,0;3,0
1713;0,6976744186046512;0,6881885371635755;LLGC;0,9;18;sonar;6;1;fastgreedy;0,04689979999966454;208,0;60,0;4,0
1714;0,45930232558139533;0,32377932783766644;LLGC;0,9;18;sonar;6;1;fastgreedy;0,029030899997451343;208,0;60,0;5,0
1715;0,5930232558139535;0,555457096440703;LLGC;0,9;18;sonar;6;1;fastgreedy;0,025685400003567338;208,0;60,0;6,0
1716;0,45930232558139533;0,3147410358565737;LLGC;0,9;18;sonar;6;1;fastgreedy;0,024418799999693874;208,0;60,0;7,0
1717;0,6569767441860465;0,6568723584108199;LLGC;0,9;18;sonar;6;1;fastgreedy;0,026210800002445467;208,0;60,0;8,0
1718;0,7267441860465116;0,7134857345383662;LLGC;0,9;18;sonar;6;1;fastgreedy;0,02973799999745097;208,0;60,0;9,0
1719;0,5697674418604651;0,5227238638068097;LLGC;0,9;18;sonar;6;1;fastgreedy;0,022499699996842537;208,0;60,0;10,0
1720;0,45930232558139533;0,3147410358565737;LLGC;0,9;18;sonar;6;1;fastgreedy;0,021677300006558653;208,0;60,0;11,0
1721;0,5872093023255814;0,4965161822304679;LLGC;0,9;18;sonar;6;1;fastgreedy;0,028915300004882738;208,0;60,0;12,0
1722;0,5813953488372093;0,4418604651162791;LLGC;0,9;18;sonar;6;1;fastgreedy;0,030913099995814264;208,0;60,0;13,0
1723;0,5755813953488372;0,42966159436747675;LLGC;0,9;18;sonar;6;1;fastgreedy;0,023051299998769537;208,0;60,0;14,0
1724;0,686046511627907;0,6640625;LLGC;0,9;18;sonar;6;1;fastgreedy;0,025362100001075305;208,0;60,0;15,0
1725;0,6802325581395349;0,6801352493660187;LLGC;0,9;18;sonar;6;1;fastgreedy;0,024828399997204542;208,0;60,0;16,0
1726;0,5465116279069767;0,5177570093457944;LLGC;0,9;18;sonar;6;1;fastgreedy;0,07693960000324296;208,0;60,0;17,0
1727;0,5116279069767442;0,41468157510938264;LLGC;0,9;18;sonar;6;1;fastgreedy;0,020529800000076648;208,0;60,0;18,0
1728;0,45930232558139533;0,3147410358565737;LLGC;0,9;18;sonar;6;1;fastgreedy;0,024089800004730932;208,0;60,0;19,0
1729;0,5697674418604651;0,41721611721611723;LLGC;0,9;18;sonar;6;1;fastgreedy;0,02371080000011716;208,0;60,0;20,0
1730;0,46511627906976744;0,32663829787234044;LLGC;0,9;18;sonar;6;1;fastgreedy;0,029995000004419126;208,0;60,0;21,0
1731;0,7034883720930233;0,7017848036715961;LLGC;0,9;18;sonar;6;1;fastgreedy;0,02512849999766331;208,0;60,0;22,0
1732;0,627906976744186;0,6237867395762132;LLGC;0,9;18;sonar;6;1;fastgreedy;0,0417412000024342;208,0;60,0;23,0
1733;0,627906976744186;0,5488524590163935;LLGC;0,9;18;sonar;6;1;fastgreedy;0,024050399995758198;208,0;60,0;24,0
1734;0,5;0,41366735373394636;LLGC;0,9;18;sonar;6;1;fastgreedy;0,029150599999411497;208,0;60,0;25,0
1735;0,47093023255813954;0,33832170788416827;LLGC;0,9;18;sonar;6;1;fastgreedy;0,030956300004618242;208,0;60,0;26,0
1736;0,46511627906976744;0,32663829787234044;LLGC;0,9;18;sonar;6;1;fastgreedy;0,023806700002751313;208,0;60,0;27,0
1737;0,5697674418604651;0,5300546448087431;LLGC;0,9;18;sonar;6;1;fastgreedy;0,025212200001988094;208,0;60,0;28,0
1738;0,46511627906976744;0,32663829787234044;LLGC;0,9;18;sonar;6;1;fastgreedy;0,023528400000941474;208,0;60,0;29,0
1739;0,6104651162790697;0,5660981211642004;LLGC;0,9;18;sonar;6;1;fastgreedy;0,023591500001202803;208,0;60,0;30,0
1740;0,6785714285714286;0,6781609195402298;PhyDL;0,9;20;sonar;6;1;fastgreedy;3,3533602000024985;208,0;60,0;1,0
1741;0,6666666666666666;0,6643356643356644;PhyDL;0,9;20;sonar;6;1;fastgreedy;3,353305700009514;208,0;60,0;2,0
1742;0,7023809523809523;0,6961805555555556;PhyDL;0,9;20;sonar;6;1;fastgreedy;3,35329840000486;208,0;60,0;3,0
1743;0,6666666666666666;0,6597222222222223;PhyDL;0,9;20;sonar;6;1;fastgreedy;3,3533670000033453;208,0;60,0;4,0
1744;0,6190476190476191;0,6181818181818182;PhyDL;0,9;20;sonar;6;1;fastgreedy;3,353299700007483;208,0;60,0;5,0
1745;0,625;0,6178371547210688;PhyDL;0,9;20;sonar;6;1;fastgreedy;3,3533115000100224;208,0;60,0;6,0
1746;0,6547619047619048;0,6547129695251594;PhyDL;0,9;20;sonar;6;1;fastgreedy;3,3536092000067583;208,0;60,0;7,0
1747;0,6309523809523809;0,6187966622749231;PhyDL;0,9;20;sonar;6;1;fastgreedy;3,353309200007061;208,0;60,0;8,0
1748;0,6964285714285714;0,6906300776313414;PhyDL;0,9;20;sonar;6;1;fastgreedy;3,3533093000078225;208,0;60,0;9,0
1749;0,6904761904761905;0,6893756222443465;PhyDL;0,9;20;sonar;6;1;fastgreedy;3,353308300000208;208,0;60,0;10,0
1750;0,6904761904761905;0,6755793226381461;PhyDL;0,9;20;sonar;6;1;fastgreedy;3,353338900000381;208,0;60,0;11,0
1751;0,6964285714285714;0,6729646169701133;PhyDL;0,9;20;sonar;6;1;fastgreedy;3,3533054000072298;208,0;60,0;12,0
1752;0,6547619047619048;0,6400177331165953;PhyDL;0,9;20;sonar;6;1;fastgreedy;3,3533047000018996;208,0;60,0;13,0
1753;0,5952380952380952;0,5779518250332496;PhyDL;0,9;20;sonar;6;1;fastgreedy;3,353292400002829;208,0;60,0;14,0
1754;0,6190476190476191;0,6081632653061224;PhyDL;0,9;20;sonar;6;1;fastgreedy;3,3533014000058756;208,0;60,0;15,0
1755;0,6130952380952381;0,6114293847631925;PhyDL;0,9;20;sonar;6;1;fastgreedy;3,3533796000047005;208,0;60,0;16,0
1756;0,6904761904761905;0,690300623936472;PhyDL;0,9;20;sonar;6;1;fastgreedy;3,3532959000076517;208,0;60,0;17,0
1757;0,7023809523809523;0,6961805555555556;PhyDL;0,9;20;sonar;6;1;fastgreedy;3,3533047000091756;208,0;60,0;18,0
1758;0,7142857142857143;0,6932440657334145;PhyDL;0,9;20;sonar;6;1;fastgreedy;3,353298600006383;208,0;60,0;19,0
1759;0,625;0,558981624234343;PhyDL;0,9;20;sonar;6;1;fastgreedy;3,3533003000047756;208,0;60,0;20,0
1760;0,6428571428571429;0,6403596403596403;PhyDL;0,9;20;sonar;6;1;fastgreedy;3,353350600002159;208,0;60,0;21,0
1761;0,6190476190476191;0,6096994337156962;PhyDL;0,9;20;sonar;6;1;fastgreedy;3,353311000006215;208,0;60,0;22,0
1762;0,6666666666666666;0,6659090909090909;PhyDL;0,9;20;sonar;6;1;fastgreedy;3,353306100005284;208,0;60,0;23,0
1763;0,6607142857142857;0,6572042240916414;PhyDL;0,9;20;sonar;6;1;fastgreedy;3,3533012000116287;208,0;60,0;24,0
1764;0,6547619047619048;0,650752688172043;PhyDL;0,9;20;sonar;6;1;fastgreedy;3,3532974000045215;208,0;60,0;25,0
1765;0,7261904761904762;0,7255681818181818;PhyDL;0,9;20;sonar;6;1;fastgreedy;3,3533020000031684;208,0;60,0;26,0
1766;0,7023809523809523;0,6950776825903877;PhyDL;0,9;20;sonar;6;1;fastgreedy;3,35329730000376;208,0;60,0;27,0
1767;0,6428571428571429;0,6420454545454546;PhyDL;0,9;20;sonar;6;1;fastgreedy;3,353299700007483;208,0;60,0;28,0
1768;0,6904761904761905;0,6876430205949657;PhyDL;0,9;20;sonar;6;1;fastgreedy;3,35329990000173;208,0;60,0;29,0
1769;0,6785714285714286;0,6783891094724901;PhyDL;0,9;20;sonar;6;1;fastgreedy;3,3533001000032527;208,0;60,0;30,0
1770;0,4642857142857143;0,3264433357091946;LLGC;0,9;20;sonar;6;1;fastgreedy;0,039417200001480523;208,0;60,0;1,0
1771;0,6785714285714286;0,6778409090909091;LLGC;0,9;20;sonar;6;1;fastgreedy;0,022905800004082266;208,0;60,0;2,0
1772;0,6130952380952381;0,5167927784415239;LLGC;0,9;20;sonar;6;1;fastgreedy;0,023167999999714084;208,0;60,0;3,0
1773;0,6726190476190477;0,6559299944144479;LLGC;0,9;20;sonar;6;1;fastgreedy;0,03392770000209566;208,0;60,0;4,0
1774;0,47619047619047616;0,35009671179883944;LLGC;0,9;20;sonar;6;1;fastgreedy;0,029029700002865866;208,0;60,0;5,0
1775;0,5357142857142857;0,4625102543068088;LLGC;0,9;20;sonar;6;1;fastgreedy;0,03084649999800604;208,0;60,0;6,0
1776;0,7321428571428571;0,730529317412226;LLGC;0,9;20;sonar;6;1;fastgreedy;0,032992899999953806;208,0;60,0;7,0
1777;0,6428571428571429;0,6017069701280228;LLGC;0,9;20;sonar;6;1;fastgreedy;0,023414800001773983;208,0;60,0;8,0
1778;0,6666666666666666;0,6342714974343027;LLGC;0,9;20;sonar;6;1;fastgreedy;0,058126700001594145;208,0;60,0;9,0
1779;0,5297619047619048;0,4469769573732239;LLGC;0,9;20;sonar;6;1;fastgreedy;0,15642460000526626;208,0;60,0;10,0
1780;0,6845238095238095;0,6366159245806635;LLGC;0,9;20;sonar;6;1;fastgreedy;0,11116770000080578;208,0;60,0;11,0
1781;0,5773809523809523;0,4319729510929092;LLGC;0,9;20;sonar;6;1;fastgreedy;0,08195990000240272;208,0;60,0;12,0
1782;0,5952380952380952;0,47653958944281527;LLGC;0,9;20;sonar;6;1;fastgreedy;0,04393250000430271;208,0;60,0;13,0
1783;0,5833333333333334;0,4444444444444444;LLGC;0,9;20;sonar;6;1;fastgreedy;0,02528119999624323;208,0;60,0;14,0
1784;0,4583333333333333;0,3142857142857143;LLGC;0,9;20;sonar;6;1;fastgreedy;0,024883600002794992;208,0;60,0;15,0
1785;0,4583333333333333;0,3142857142857143;LLGC;0,9;20;sonar;6;1;fastgreedy;0,02446369999961462;208,0;60,0;16,0
1786;0,6666666666666666;0,664957264957265;LLGC;0,9;20;sonar;6;1;fastgreedy;0,022250400004850235;208,0;60,0;17,0
1787;0,5892857142857143;0,551097858498238;LLGC;0,9;20;sonar;6;1;fastgreedy;0,03148750000400469;208,0;60,0;18,0
1788;0,7797619047619048;0,7627390358410626;LLGC;0,9;20;sonar;6;1;fastgreedy;0,028763900001649745;208,0;60,0;19,0
1789;0,5535714285714286;0,37940205880904304;LLGC;0,9;20;sonar;6;1;fastgreedy;0,02700139999797102;208,0;60,0;20,0
1790;0,5654761904761905;0,5133140203976349;LLGC;0,9;20;sonar;6;1;fastgreedy;0,046046299998124596;208,0;60,0;21,0
1791;0,5833333333333334;0,4530232558139535;LLGC;0,9;20;sonar;6;1;fastgreedy;0,02837369999906514;208,0;60,0;22,0
1792;0,75;0,7477116704805492;LLGC;0,9;20;sonar;6;1;fastgreedy;0,026748700001917314;208,0;60,0;23,0
1793;0,47619047619047616;0,35009671179883944;LLGC;0,9;20;sonar;6;1;fastgreedy;0,022739000000001397;208,0;60,0;24,0
1794;0,6071428571428571;0,5497076023391813;LLGC;0,9;20;sonar;6;1;fastgreedy;0,022064400000090245;208,0;60,0;25,0
1795;0,4583333333333333;0,3142857142857143;LLGC;0,9;20;sonar;6;1;fastgreedy;0,02775390000169864;208,0;60,0;26,0
1796;0,6428571428571429;0,6213942307692308;LLGC;0,9;20;sonar;6;1;fastgreedy;0,021257000000332482;208,0;60,0;27,0
1797;0,4642857142857143;0,3264433357091946;LLGC;0,9;20;sonar;6;1;fastgreedy;0,03871410000283504;208,0;60,0;28,0
1798;0,6011904761904762;0,5641095147736515;LLGC;0,9;20;sonar;6;1;fastgreedy;0,025919599996996112;208,0;60,0;29,0
1799;0,6428571428571429;0,6326530612244898;LLGC;0,9;20;sonar;6;1;fastgreedy;0,04205460000230232;208,0;60,0;30,0
1800;0,9285714285714286;0,9282051282051282;PhyDL;0,9;2;twomoons;6;1;fastgreedy;3,074273999998695;200,0;2,0;1,0
1801;0,8571428571428571;0,8541666666666667;PhyDL;0,9;2;twomoons;6;1;fastgreedy;3,074260699999286;200,0;2,0;2,0
1802;0,8520408163265306;0,8487292082501663;PhyDL;0,9;2;twomoons;6;1;fastgreedy;3,0742767000047024;200,0;2,0;3,0
1803;0,826530612244898;0,8250551296860233;PhyDL;0,9;2;twomoons;6;1;fastgreedy;3,0742687999954796;200,0;2,0;4,0
1804;0,7806122448979592;0,7695189651871907;PhyDL;0,9;2;twomoons;6;1;fastgreedy;3,07425919999514;200,0;2,0;5,0
1805;0,8520408163265306;0,8487292082501663;PhyDL;0,9;2;twomoons;6;1;fastgreedy;3,0742630000022473;200,0;2,0;6,0
1806;0,8469387755102041;0,8469228366135583;PhyDL;0,9;2;twomoons;6;1;fastgreedy;3,0743139999976847;200,0;2,0;7,0
1807;0,6377551020408163;0,6091779706237538;PhyDL;0,9;2;twomoons;6;1;fastgreedy;3,074265100003686;200,0;2,0;8,0
1808;0,5561224489795918;0,44720718384283725;PhyDL;0,9;2;twomoons;6;1;fastgreedy;3,0742688000027556;200,0;2,0;9,0
1809;0,8826530612244898;0,8825766455679717;PhyDL;0,9;2;twomoons;6;1;fastgreedy;3,0742678999959026;200,0;2,0;10,0
1810;0,8673469387755102;0,8649708532061473;PhyDL;0,9;2;twomoons;6;1;fastgreedy;3,074269999997341;200,0;2,0;11,0
1811;0,8673469387755102;0,8649708532061473;PhyDL;0,9;2;twomoons;6;1;fastgreedy;3,0742804000037722;200,0;2,0;12,0
1812;0,8673469387755102;0,8673331250650839;PhyDL;0,9;2;twomoons;6;1;fastgreedy;3,074262699992687;200,0;2,0;13,0
1813;0,7959183673469388;0,7951505016722409;PhyDL;0,9;2;twomoons;6;1;fastgreedy;3,0743048999938765;200,0;2,0;14,0
1814;0,8469387755102041;0,8432668728009383;PhyDL;0,9;2;twomoons;6;1;fastgreedy;3,0743246999991243;200,0;2,0;15,0
1815;0,8520408163265306;0,8487292082501663;PhyDL;0,9;2;twomoons;6;1;fastgreedy;3,0743862000017543;200,0;2,0;16,0
1816;0,6989795918367347;0,6689852583369114;PhyDL;0,9;2;twomoons;6;1;fastgreedy;3,0742929999978514;200,0;2,0;17,0
1817;0,8418367346938775;0,8411378670222501;PhyDL;0,9;2;twomoons;6;1;fastgreedy;3,074270899996918;200,0;2,0;18,0
1818;0,8673469387755102;0,8649708532061473;PhyDL;0,9;2;twomoons;6;1;fastgreedy;3,0742826999921817;200,0;2,0;19,0
1819;0,7857142857142857;0,7851550266207328;PhyDL;0,9;2;twomoons;6;1;fastgreedy;3,07426729999861;200,0;2,0;20,0
1820;0,8214285714285714;0,8200750124583629;PhyDL;0,9;2;twomoons;6;1;fastgreedy;3,0742685000004712;200,0;2,0;21,0
1821;0,826530612244898;0,8211486849168008;PhyDL;0,9;2;twomoons;6;1;fastgreedy;3,0742886000007275;200,0;2,0;22,0
1822;0,7704081632653061;0,7576323816328213;PhyDL;0,9;2;twomoons;6;1;fastgreedy;3,074305300004198;200,0;2,0;23,0
1823;0,923469387755102;0,9233076822746837;PhyDL;0,9;2;twomoons;6;1;fastgreedy;3,0743577999965055;200,0;2,0;24,0
1824;0,8469387755102041;0,8469228366135583;PhyDL;0,9;2;twomoons;6;1;fastgreedy;3,074299100000644;200,0;2,0;25,0
1825;0,7908163265306123;0,7898920176745888;PhyDL;0,9;2;twomoons;6;1;fastgreedy;3,074273499994888;200,0;2,0;26,0
1826;0,8826530612244898;0,8825766455679717;PhyDL;0,9;2;twomoons;6;1;fastgreedy;3,0743091000040295;200,0;2,0;27,0
1827;0,8316326530612245;0,8267206043882445;PhyDL;0,9;2;twomoons;6;1;fastgreedy;3,0742748999982723;200,0;2,0;28,0
1828;0,8469387755102041;0,8469228366135583;PhyDL;0,9;2;twomoons;6;1;fastgreedy;3,07426210000267;200,0;2,0;29,0
1829;0,7857142857142857;0,7851550266207328;PhyDL;0,9;2;twomoons;6;1;fastgreedy;3,074262699999963;200,0;2,0;30,0
1830;0,8826530612244898;0,8825031928480205;LLGC;0,9;2;twomoons;6;1;fastgreedy;0,025732999994943384;200,0;2,0;1,0
1831;0,826530612244898;0,8217800599058622;LLGC;0,9;2;twomoons;6;1;fastgreedy;0,01007240000035381;200,0;2,0;2,0
1832;0,8622448979591837;0,859580226603338;LLGC;0,9;2;twomoons;6;1;fastgreedy;0,011824599998362828;200,0;2,0;3,0
1833;0,826530612244898;0,8250551296860233;LLGC;0,9;2;twomoons;6;1;fastgreedy;0,010783900004753377;200,0;2,0;4,0
1834;0,7295918367346939;0,7115646258503401;LLGC;0,9;2;twomoons;6;1;fastgreedy;0,009984199998143595;200,0;2,0;5,0
1835;0,8418367346938775;0,8382967398536261;LLGC;0,9;2;twomoons;6;1;fastgreedy;0,017368900000292342;200,0;2,0;6,0
1836;0,8571428571428571;0,8570088587806148;LLGC;0,9;2;twomoons;6;1;fastgreedy;0,01145399999950314;200,0;2,0;7,0
1837;0,6377551020408163;0,6067926874064028;LLGC;0,9;2;twomoons;6;1;fastgreedy;0,0263628000029712;200,0;2,0;8,0
1838;0,5;0,3333333333333333;LLGC;0,9;2;twomoons;6;1;fastgreedy;0,01909660000092117;200,0;2,0;9,0
1839;0,8826530612244898;0,8825031928480205;LLGC;0,9;2;twomoons;6;1;fastgreedy;0,010394400000222959;200,0;2,0;10,0
1840;0,8520408163265306;0,8499749254361655;LLGC;0,9;2;twomoons;6;1;fastgreedy;0,07115949999570148;200,0;2,0;11,0
1841;0,8571428571428571;0,8545839957604664;LLGC;0,9;2;twomoons;6;1;fastgreedy;0,014117200000328012;200,0;2,0;12,0
1842;0,8367346938775511;0,8364622444722569;LLGC;0,9;2;twomoons;6;1;fastgreedy;0,009900299999571871;200,0;2,0;13,0
1843;0,8112244897959183;0,8097935845988408;LLGC;0,9;2;twomoons;6;1;fastgreedy;0,019622799998614937;200,0;2,0;14,0
1844;0,8469387755102041;0,84375;LLGC;0,9;2;twomoons;6;1;fastgreedy;0,01069409999763593;200,0;2,0;15,0
1845;0,8316326530612245;0,8273127753303965;LLGC;0,9;2;twomoons;6;1;fastgreedy;0,031149199996434618;200,0;2,0;16,0
1846;0,7142857142857143;0,6888888888888889;LLGC;0,9;2;twomoons;6;1;fastgreedy;0,11414979999972275;200,0;2,0;17,0
1847;0,8571428571428571;0,8561844863731656;LLGC;0,9;2;twomoons;6;1;fastgreedy;0,01081450000492623;200,0;2,0;18,0
1848;0,8571428571428571;0,8545839957604664;LLGC;0,9;2;twomoons;6;1;fastgreedy;0,03144260000408394;200,0;2,0;19,0
1849;0,7857142857142857;0,7851550266207328;LLGC;0,9;2;twomoons;6;1;fastgreedy;0,013533400000596885;200,0;2,0;20,0
1850;0,8367346938775511;0,835016835016835;LLGC;0,9;2;twomoons;6;1;fastgreedy;0,011085600002843421;200,0;2,0;21,0
1851;0,7857142857142857;0,7782327586206896;LLGC;0,9;2;twomoons;6;1;fastgreedy;0,026804100001754705;200,0;2,0;22,0
1852;0,7704081632653061;0,7576323816328213;LLGC;0,9;2;twomoons;6;1;fastgreedy;0,013565799999923911;200,0;2,0;23,0
1853;0,8826530612244898;0,8824051128211816;LLGC;0,9;2;twomoons;6;1;fastgreedy;0,04742090000218013;200,0;2,0;24,0
1854;0,8163265306122449;0,8162499999999999;LLGC;0,9;2;twomoons;6;1;fastgreedy;0,011681099997076672;200,0;2,0;25,0
1855;0,7448979591836735;0,7427281318912107;LLGC;0,9;2;twomoons;6;1;fastgreedy;0,013020300000789575;200,0;2,0;26,0
1856;0,8724489795918368;0,8721794704578062;LLGC;0,9;2;twomoons;6;1;fastgreedy;0,012962599997990765;200,0;2,0;27,0
1857;0,826530612244898;0,8211486849168008;LLGC;0,9;2;twomoons;6;1;fastgreedy;0,01983489999838639;200,0;2,0;28,0
1858;0,8316326530612245;0,8316282702069504;LLGC;0,9;2;twomoons;6;1;fastgreedy;0,020728700001200195;200,0;2,0;29,0
1859;0,8010204081632653;0,8005999739141777;LLGC;0,9;2;twomoons;6;1;fastgreedy;0,010428599998704158;200,0;2,0;30,0
1860;0,9010416666666666;0,9005859108870418;PhyDL;0,9;4;twomoons;6;1;fastgreedy;3,0744766000061645;200,0;2,0;1,0
1861;0,8645833333333334;0,8645686380900706;PhyDL;0,9;4;twomoons;6;1;fastgreedy;3,074261999994633;200,0;2,0;2,0
1862;0,8385416666666666;0,8365867720945557;PhyDL;0,9;4;twomoons;6;1;fastgreedy;3,0744530000010855;200,0;2,0;3,0
1863;0,8645833333333334;0,8620537194650161;PhyDL;0,9;4;twomoons;6;1;fastgreedy;3,0742623999976786;200,0;2,0;4,0
1864;0,859375;0,8593711851992513;PhyDL;0,9;4;twomoons;6;1;fastgreedy;3,0742768999989494;200,0;2,0;5,0
1865;0,8385416666666666;0,8365867720945557;PhyDL;0,9;4;twomoons;6;1;fastgreedy;3,0742652999979327;200,0;2,0;6,0
1866;0,8645833333333334;0,8645686380900706;PhyDL;0,9;4;twomoons;6;1;fastgreedy;3,074295300000813;200,0;2,0;7,0
1867;0,8645833333333334;0,8620537194650161;PhyDL;0,9;4;twomoons;6;1;fastgreedy;3,074272399993788;200,0;2,0;8,0
1868;0,7395833333333334;0,7321428571428572;PhyDL;0,9;4;twomoons;6;1;fastgreedy;3,0742711999992025;200,0;2,0;9,0
1869;0,9270833333333334;0,926693574779099;PhyDL;0,9;4;twomoons;6;1;fastgreedy;3,0744265999965137;200,0;2,0;10,0
1870;0,8958333333333334;0,8957881024750325;PhyDL;0,9;4;twomoons;6;1;fastgreedy;3,074345599998196;200,0;2,0;11,0
1871;0,8645833333333334;0,8636363636363636;PhyDL;0,9;4;twomoons;6;1;fastgreedy;3,074271099998441;200,0;2,0;12,0
1872;0,8645833333333334;0,8620537194650161;PhyDL;0,9;4;twomoons;6;1;fastgreedy;3,0742612999965786;200,0;2,0;13,0
1873;0,8385416666666666;0,8342199816171351;PhyDL;0,9;4;twomoons;6;1;fastgreedy;3,0742879999961588;200,0;2,0;14,0
1874;0,875;0,8747826086956522;PhyDL;0,9;4;twomoons;6;1;fastgreedy;3,074281699999119;200,0;2,0;15,0
1875;0,8854166666666666;0,8838922484881804;PhyDL;0,9;4;twomoons;6;1;fastgreedy;3,0742892999987816;200,0;2,0;16,0
1876;0,9114583333333334;0,9111667528508831;PhyDL;0,9;4;twomoons;6;1;fastgreedy;3,074274200000218;200,0;2,0;17,0
1877;0,8385416666666666;0,8377980651314894;PhyDL;0,9;4;twomoons;6;1;fastgreedy;3,07429730000149;200,0;2,0;18,0
1878;0,8802083333333334;0,8801270392790249;PhyDL;0,9;4;twomoons;6;1;fastgreedy;3,074278799998865;200,0;2,0;19,0
1879;0,875;0,8747826086956522;PhyDL;0,9;4;twomoons;6;1;fastgreedy;3,07429179999599;200,0;2,0;20,0
1880;0,8072916666666666;0,8049584054031793;PhyDL;0,9;4;twomoons;6;1;fastgreedy;3,074281000001065;200,0;2,0;21,0
1881;0,875;0,8747826086956522;PhyDL;0,9;4;twomoons;6;1;fastgreedy;3,0742682999989484;200,0;2,0;22,0
1882;0,8385416666666666;0,8342199816171351;PhyDL;0,9;4;twomoons;6;1;fastgreedy;3,0742737999971723;200,0;2,0;23,0
1883;0,8645833333333334;0,8620537194650161;PhyDL;0,9;4;twomoons;6;1;fastgreedy;3,0742678999959026;200,0;2,0;24,0
1884;0,84375;0,8431372549019608;PhyDL;0,9;4;twomoons;6;1;fastgreedy;3,0742940999989514;200,0;2,0;25,0
1885;0,921875;0,9218728806662506;PhyDL;0,9;4;twomoons;6;1;fastgreedy;3,074280100001488;200,0;2,0;26,0
1886;0,8489583333333334;0,8454320850567694;PhyDL;0,9;4;twomoons;6;1;fastgreedy;3,074260699999286;200,0;2,0;27,0
1887;0,921875;0,9217029606068021;PhyDL;0,9;4;twomoons;6;1;fastgreedy;3,0742623999976786;200,0;2,0;28,0
1888;0,8489583333333334;0,848262706090748;PhyDL;0,9;4;twomoons;6;1;fastgreedy;3,0742713999934494;200,0;2,0;29,0
1889;0,9166666666666666;0,9166576234400434;PhyDL;0,9;4;twomoons;6;1;fastgreedy;3,0742788999996264;200,0;2,0;30,0
1890;0,8697916666666666;0,8695049343446701;LLGC;0,9;4;twomoons;6;1;fastgreedy;0,01645709999866085;200,0;2,0;1,0
1891;0,8645833333333334;0,8645686380900706;LLGC;0,9;4;twomoons;6;1;fastgreedy;0,014340900001116097;200,0;2,0;2,0
1892;0,828125;0,826425225323946;LLGC;0,9;4;twomoons;6;1;fastgreedy;0,01385370000207331;200,0;2,0;3,0
1893;0,8541666666666666;0,8514424671161711;LLGC;0,9;4;twomoons;6;1;fastgreedy;0,012915799998154398;200,0;2,0;4,0
1894;0,8489583333333334;0,8489542359547514;LLGC;0,9;4;twomoons;6;1;fastgreedy;0,01955959999759216;200,0;2,0;5,0
1895;0,8541666666666666;0,8525669153137341;LLGC;0,9;4;twomoons;6;1;fastgreedy;0,009667799997259863;200,0;2,0;6,0
1896;0,8489583333333334;0,8489214489214489;LLGC;0,9;4;twomoons;6;1;fastgreedy;0,013488099997630343;200,0;2,0;7,0
1897;0,8541666666666666;0,8522264980758658;LLGC;0,9;4;twomoons;6;1;fastgreedy;0,027303199996822514;200,0;2,0;8,0
1898;0,6875;0,6701786532295007;LLGC;0,9;4;twomoons;6;1;fastgreedy;0,06786170000123093;200,0;2,0;9,0
1899;0,8697916666666666;0,8695049343446701;LLGC;0,9;4;twomoons;6;1;fastgreedy;0,012147900000854861;200,0;2,0;10,0
1900;0,859375;0,8590653290922436;LLGC;0,9;4;twomoons;6;1;fastgreedy;0,01101169999310514;200,0;2,0;11,0
1901;0,8541666666666666;0,8528735632183908;LLGC;0,9;4;twomoons;6;1;fastgreedy;0,015918200006126426;200,0;2,0;12,0
1902;0,859375;0,8587273470500068;LLGC;0,9;4;twomoons;6;1;fastgreedy;0,01413450000109151;200,0;2,0;13,0
1903;0,8489583333333334;0,8459111664591117;LLGC;0,9;4;twomoons;6;1;fastgreedy;0,012768699998559896;200,0;2,0;14,0
1904;0,8645833333333334;0,8644509612251547;LLGC;0,9;4;twomoons;6;1;fastgreedy;0,016165900000487454;200,0;2,0;15,0
1905;0,84375;0,8403547671840355;LLGC;0,9;4;twomoons;6;1;fastgreedy;0,010438500001328066;200,0;2,0;16,0
1906;0,859375;0,8593711851992513;LLGC;0,9;4;twomoons;6;1;fastgreedy;0,01091189999715425;200,0;2,0;17,0
1907;0,8125;0,8117647058823529;LLGC;0,9;4;twomoons;6;1;fastgreedy;0,012371799995889887;200,0;2,0;18,0
1908;0,8697916666666666;0,8696183620806737;LLGC;0,9;4;twomoons;6;1;fastgreedy;0,014225099999748636;200,0;2,0;19,0
1909;0,8697916666666666;0,8697033035641575;LLGC;0,9;4;twomoons;6;1;fastgreedy;0,02553079999779584;200,0;2,0;20,0
1910;0,8229166666666666;0,8205607476635515;LLGC;0,9;4;twomoons;6;1;fastgreedy;0,08684899999934714;200,0;2,0;21,0
1911;0,8333333333333334;0,8333152468800868;LLGC;0,9;4;twomoons;6;1;fastgreedy;0,02377880000130972;200,0;2,0;22,0
1912;0,859375;0,8569496950798863;LLGC;0,9;4;twomoons;6;1;fastgreedy;0,013179700006730855;200,0;2,0;23,0
1913;0,8541666666666666;0,8533871495581978;LLGC;0,9;4;twomoons;6;1;fastgreedy;0,01499129999865545;200,0;2,0;24,0
1914;0,8177083333333334;0,8174657069129432;LLGC;0,9;4;twomoons;6;1;fastgreedy;0,08196279999538092;200,0;2,0;25,0
1915;0,8802083333333334;0,8800488931142199;LLGC;0,9;4;twomoons;6;1;fastgreedy;0,012604200004716404;200,0;2,0;26,0
1916;0,828125;0,8246575342465754;LLGC;0,9;4;twomoons;6;1;fastgreedy;0,011080399999627843;200,0;2,0;27,0
1917;0,875;0,8748778103616813;LLGC;0,9;4;twomoons;6;1;fastgreedy;0,010531599997193553;200,0;2,0;28,0
1918;0,8541666666666666;0,8537699923838538;LLGC;0,9;4;twomoons;6;1;fastgreedy;0,025143199993181042;200,0;2,0;29,0
1919;0,84375;0,8437330439500814;LLGC;0,9;4;twomoons;6;1;fastgreedy;0,015620500002114568;200,0;2,0;30,0
1920;0,8670212765957447;0,8668366624167729;PhyDL;0,9;6;twomoons;6;1;fastgreedy;3,074275699997088;200,0;2,0;1,0
1921;0,8297872340425532;0,8293042787424809;PhyDL;0,9;6;twomoons;6;1;fastgreedy;3,0742737999971723;200,0;2,0;2,0
1922;0,8617021276595744;0,8590054228683512;PhyDL;0,9;6;twomoons;6;1;fastgreedy;3,0742763000016566;200,0;2,0;3,0
1923;0,9202127659574468;0,9202105084458025;PhyDL;0,9;6;twomoons;6;1;fastgreedy;3,074274599995988;200,0;2,0;4,0
1924;0,925531914893617;0,9251166495959942;PhyDL;0,9;6;twomoons;6;1;fastgreedy;3,07432179999887;200,0;2,0;5,0
1925;0,8617021276595744;0,8590054228683512;PhyDL;0,9;6;twomoons;6;1;fastgreedy;3,0742686000012327;200,0;2,0;6,0
1926;0,8936170212765957;0,8936049801924165;PhyDL;0,9;6;twomoons;6;1;fastgreedy;3,074275500002841;200,0;2,0;7,0
1927;0,8882978723404256;0,8882694212537146;PhyDL;0,9;6;twomoons;6;1;fastgreedy;3,0742817999998806;200,0;2,0;8,0
1928;0,9414893617021277;0,9414479458648319;PhyDL;0,9;6;twomoons;6;1;fastgreedy;3,074272400001064;200,0;2,0;9,0
1929;0,9095744680851063;0,9092638332907474;PhyDL;0,9;6;twomoons;6;1;fastgreedy;3,074260500005039;200,0;2,0;10,0
1930;0,8351063829787234;0,8330229493166776;PhyDL;0,9;6;twomoons;6;1;fastgreedy;3,074262699999963;200,0;2,0;11,0
1931;0,8936170212765957;0,8935688405797102;PhyDL;0,9;6;twomoons;6;1;fastgreedy;3,074295300000813;200,0;2,0;12,0
1932;0,898936170212766;0,898450604122246;PhyDL;0,9;6;twomoons;6;1;fastgreedy;3,0742625999992015;200,0;2,0;13,0
1933;0,8457446808510638;0,8452147744371575;PhyDL;0,9;6;twomoons;6;1;fastgreedy;3,0743658999999752;200,0;2,0;14,0
1934;0,8404255319148937;0,8404074702886248;PhyDL;0,9;6;twomoons;6;1;fastgreedy;3,0742841999963275;200,0;2,0;15,0
1935;0,9574468085106383;0,9573696145124717;PhyDL;0,9;6;twomoons;6;1;fastgreedy;3,0742674999928568;200,0;2,0;16,0
1936;0,9840425531914894;0,9840384887505307;PhyDL;0,9;6;twomoons;6;1;fastgreedy;3,074270400000387;200,0;2,0;17,0
1937;0,8617021276595744;0,8616864742501416;PhyDL;0,9;6;twomoons;6;1;fastgreedy;3,0743376999962493;200,0;2,0;18,0
1938;0,8617021276595744;0,8590054228683512;PhyDL;0,9;6;twomoons;6;1;fastgreedy;3,0742862000042805;200,0;2,0;19,0
1939;0,8404255319148937;0,8404074702886248;PhyDL;0,9;6;twomoons;6;1;fastgreedy;3,074282800000219;200,0;2,0;20,0
1940;0,9574468085106383;0,9573696145124717;PhyDL;0,9;6;twomoons;6;1;fastgreedy;3,0742937000031816;200,0;2,0;21,0
1941;0,9202127659574468;0,9200294926693702;PhyDL;0,9;6;twomoons;6;1;fastgreedy;3,0743015999978525;200,0;2,0;22,0
1942;0,9148936170212766;0,9148839841539331;PhyDL;0,9;6;twomoons;6;1;fastgreedy;3,0742635000060545;200,0;2,0;23,0
1943;0,9095744680851063;0,9092638332907474;PhyDL;0,9;6;twomoons;6;1;fastgreedy;3,07426359999954;200,0;2,0;24,0
1944;0,9042553191489362;0,9042553191489362;PhyDL;0,9;6;twomoons;6;1;fastgreedy;3,074295999998867;200,0;2,0;25,0
1945;0,8617021276595744;0,8606931144550843;PhyDL;0,9;6;twomoons;6;1;fastgreedy;3,0742597999997088;200,0;2,0;26,0
1946;0,925531914893617;0,9251166495959942;PhyDL;0,9;6;twomoons;6;1;fastgreedy;3,0742680999974255;200,0;2,0;27,0
1947;0,8191489361702128;0,8174757281553398;PhyDL;0,9;6;twomoons;6;1;fastgreedy;3,074339599996165;200,0;2,0;28,0
1948;0,925531914893617;0,9251166495959942;PhyDL;0,9;6;twomoons;6;1;fastgreedy;3,0742662999982713;200,0;2,0;29,0
1949;0,9361702127659575;0,9359090909090908;PhyDL;0,9;6;twomoons;6;1;fastgreedy;3,07426320000377;200,0;2,0;30,0
1950;0,8351063829787234;0,8351017174546587;LLGC;0,9;6;twomoons;6;1;fastgreedy;0,014890799997374415;200,0;2,0;1,0
1951;0,8297872340425532;0,8297101449275363;LLGC;0,9;6;twomoons;6;1;fastgreedy;0,011006199994881172;200,0;2,0;2,0
1952;0,8457446808510638;0,8441528742532087;LLGC;0,9;6;twomoons;6;1;fastgreedy;0,010473200003616512;200,0;2,0;3,0
1953;0,8670212765957447;0,8669271496927999;LLGC;0,9;6;twomoons;6;1;fastgreedy;0,009597600001143292;200,0;2,0;4,0
1954;0,8617021276595744;0,8609309206782747;LLGC;0,9;6;twomoons;6;1;fastgreedy;0,0203137999997125;200,0;2,0;5,0
1955;0,8617021276595744;0,8597819850831899;LLGC;0,9;6;twomoons;6;1;fastgreedy;0,019282300003396813;200,0;2,0;6,0
1956;0,8776595744680851;0,877572977717376;LLGC;0,9;6;twomoons;6;1;fastgreedy;0,011222799999814015;200,0;2,0;7,0
1957;0,8617021276595744;0,8616864742501416;LLGC;0,9;6;twomoons;6;1;fastgreedy;0,011159300003782846;200,0;2,0;8,0
1958;0,8723404255319149;0,8722102639628413;LLGC;0,9;6;twomoons;6;1;fastgreedy;0,010660899999493267;200,0;2,0;9,0
1959;0,8563829787234043;0,8562813216682239;LLGC;0,9;6;twomoons;6;1;fastgreedy;0,018146900001738686;200,0;2,0;10,0
1960;0,824468085106383;0,8233434892793074;LLGC;0,9;6;twomoons;6;1;fastgreedy;0,009668500002590008;200,0;2,0;11,0
1961;0,8776595744680851;0,8776561129502305;LLGC;0,9;6;twomoons;6;1;fastgreedy;0,00993929999822285;200,0;2,0;12,0
1962;0,8723404255319149;0,8719782090568607;LLGC;0,9;6;twomoons;6;1;fastgreedy;0,009776499995496124;200,0;2,0;13,0
1963;0,8617021276595744;0,8609309206782747;LLGC;0,9;6;twomoons;6;1;fastgreedy;0,03304299999581417;200,0;2,0;14,0
1964;0,8563829787234043;0,8562813216682239;LLGC;0,9;6;twomoons;6;1;fastgreedy;0,014015699998708442;200,0;2,0;15,0
1965;0,8829787234042553;0,882766439909297;LLGC;0,9;6;twomoons;6;1;fastgreedy;0,01867550000315532;200,0;2,0;16,0
1966;0,8882978723404256;0,8880412897371182;LLGC;0,9;6;twomoons;6;1;fastgreedy;0,015892299998085946;200,0;2,0;17,0
1967;0,8563829787234043;0,8563463987547757;LLGC;0,9;6;twomoons;6;1;fastgreedy;0,011092699998698663;200,0;2,0;18,0
1968;0,8457446808510638;0,8452147744371575;LLGC;0,9;6;twomoons;6;1;fastgreedy;0,010673400000086986;200,0;2,0;19,0
1969;0,8351063829787234;0,8351017174546587;LLGC;0,9;6;twomoons;6;1;fastgreedy;0,010804000005009584;200,0;2,0;20,0
1970;0,8723404255319149;0,8719782090568607;LLGC;0,9;6;twomoons;6;1;fastgreedy;0,009725800002343021;200,0;2,0;21,0
1971;0,8617021276595744;0,8613097264782659;LLGC;0,9;6;twomoons;6;1;fastgreedy;0,023777299997163936;200,0;2,0;22,0
1972;0,851063829787234;0,8509963768115942;LLGC;0,9;6;twomoons;6;1;fastgreedy;0,015778000000864267;200,0;2,0;23,0
1973;0,8617021276595744;0,8616394927536233;LLGC;0,9;6;twomoons;6;1;fastgreedy;0,01014980000036303;200,0;2,0;24,0
1974;0,8723404255319149;0,8722102639628413;LLGC;0,9;6;twomoons;6;1;fastgreedy;0,01991910000651842;200,0;2,0;25,0
1975;0,8191489361702128;0,8178294573643411;LLGC;0,9;6;twomoons;6;1;fastgreedy;0,013485499999660533;200,0;2,0;26,0
1976;0,8776595744680851;0,8774897294234311;LLGC;0,9;6;twomoons;6;1;fastgreedy;0,01252799999929266;200,0;2,0;27,0
1977;0,8138297872340425;0,812637034084114;LLGC;0,9;6;twomoons;6;1;fastgreedy;0,02521859999978915;200,0;2,0;28,0
1978;0,8563829787234043;0,8554628548648879;LLGC;0,9;6;twomoons;6;1;fastgreedy;0,013809299998683855;200,0;2,0;29,0
1979;0,8404255319148937;0,8389491719017703;LLGC;0,9;6;twomoons;6;1;fastgreedy;0,011469400000351015;200,0;2,0;30,0
1980;0,8695652173913043;0,8693181818181819;PhyDL;0,9;8;twomoons;6;1;fastgreedy;3,074408799999219;200,0;2,0;1,0
1981;0,907608695652174;0,9074747833288963;PhyDL;0,9;8;twomoons;6;1;fastgreedy;3,0742711999992025;200,0;2,0;2,0
1982;0,9347826086956522;0,9347131874630397;PhyDL;0,9;8;twomoons;6;1;fastgreedy;3,0742652000044473;200,0;2,0;3,0
1983;0,8858695652173914;0,8857041441121661;PhyDL;0,9;8;twomoons;6;1;fastgreedy;3,074285199996666;200,0;2,0;4,0
1984;0,9130434782608695;0,913033203355784;PhyDL;0,9;8;twomoons;6;1;fastgreedy;3,0742700999981025;200,0;2,0;5,0
1985;0,8369565217391305;0,836937256292095;PhyDL;0,9;8;twomoons;6;1;fastgreedy;3,0742720999987796;200,0;2,0;6,0
1986;0,9184782608695652;0,9184758529020824;PhyDL;0,9;8;twomoons;6;1;fastgreedy;3,0742714000007254;200,0;2,0;7,0
1987;0,8695652173913043;0,8693181818181819;PhyDL;0,9;8;twomoons;6;1;fastgreedy;3,07426249999844;200,0;2,0;8,0
1988;0,907608695652174;0,9072773084333778;PhyDL;0,9;8;twomoons;6;1;fastgreedy;3,074279200001911;200,0;2,0;9,0
1989;0,8695652173913043;0,8695498050336761;PhyDL;0,9;8;twomoons;6;1;fastgreedy;3,0743897999927867;200,0;2,0;10,0
1990;0,8586956521739131;0,858678955453149;PhyDL;0,9;8;twomoons;6;1;fastgreedy;3,074312299999292;200,0;2,0;11,0
1991;0,8967391304347826;0,8962210941906373;PhyDL;0,9;8;twomoons;6;1;fastgreedy;3,0742768999989494;200,0;2,0;12,0
1992;0,8695652173913043;0,8693181818181819;PhyDL;0,9;8;twomoons;6;1;fastgreedy;3,074463900004048;200,0;2,0;13,0
1993;0,8858695652173914;0,8857041441121661;PhyDL;0,9;8;twomoons;6;1;fastgreedy;3,07426100000157;200,0;2,0;14,0
1994;0,907608695652174;0,9074747833288963;PhyDL;0,9;8;twomoons;6;1;fastgreedy;3,074267600000894;200,0;2,0;15,0
1995;0,8369565217391305;0,836937256292095;PhyDL;0,9;8;twomoons;6;1;fastgreedy;3,0742715999949723;200,0;2,0;16,0
1996;0,907608695652174;0,9072773084333778;PhyDL;0,9;8;twomoons;6;1;fastgreedy;3,0742700999981025;200,0;2,0;17,0
1997;0,8695652173913043;0,8693181818181819;PhyDL;0,9;8;twomoons;6;1;fastgreedy;3,074284299997089;200,0;2,0;18,0
1998;0,9456521739130435;0,9456264775413712;PhyDL;0,9;8;twomoons;6;1;fastgreedy;3,0742800000007264;200,0;2,0;19,0
1999;0,9565217391304348;0,956439393939394;PhyDL;0,9;8;twomoons;6;1;fastgreedy;3,0742848999943817;200,0;2,0;20,0
2000;0,8804347826086957;0,8787007071796715;PhyDL;0,9;8;twomoons;6;1;fastgreedy;3,0742696000015712;200,0;2,0;21,0
2001;0,8913043478260869;0,8912529550827423;PhyDL;0,9;8;twomoons;6;1;fastgreedy;3,0742587999993702;200,0;2,0;22,0
2002;0,8913043478260869;0,8912529550827423;PhyDL;0,9;8;twomoons;6;1;fastgreedy;3,0742682999989484;200,0;2,0;23,0
2003;0,9510869565217391;0,9509696521095485;PhyDL;0,9;8;twomoons;6;1;fastgreedy;3,0742771000004723;200,0;2,0;24,0
2004;0,9021739130434783;0,9021739130434783;PhyDL;0,9;8;twomoons;6;1;fastgreedy;3,0742804000037722;200,0;2,0;25,0
2005;0,8913043478260869;0,8912529550827423;PhyDL;0,9;8;twomoons;6;1;fastgreedy;3,0742690000042785;200,0;2,0;26,0
2006;0,8586956521739131;0,858678955453149;PhyDL;0,9;8;twomoons;6;1;fastgreedy;3,074274200000218;200,0;2,0;27,0
2007;0,8586956521739131;0,858678955453149;PhyDL;0,9;8;twomoons;6;1;fastgreedy;3,0742632999972557;200,0;2,0;28,0
2008;0,8369565217391305;0,836937256292095;PhyDL;0,9;8;twomoons;6;1;fastgreedy;3,0742654999994556;200,0;2,0;29,0
2009;0,8695652173913043;0,8693181818181819;PhyDL;0,9;8;twomoons;6;1;fastgreedy;3,0742702999996254;200,0;2,0;30,0
2010;0,8478260869565217;0,847808105872622;LLGC;0,9;8;twomoons;6;1;fastgreedy;0,011922099998628255;200,0;2,0;1,0
2011;0,8641304347826086;0,863221432606821;LLGC;0,9;8;twomoons;6;1;fastgreedy;0,025742399993760046;200,0;2,0;2,0
2012;0,8695652173913043;0,8695498050336761;LLGC;0,9;8;twomoons;6;1;fastgreedy;0,011937800001760479;200,0;2,0;3,0
2013;0,8369565217391305;0,8369565217391305;LLGC;0,9;8;twomoons;6;1;fastgreedy;0,012493199996242765;200,0;2,0;4,0
2014;0,8586956521739131;0,8586956521739131;LLGC;0,9;8;twomoons;6;1;fastgreedy;0,01509990000340622;200,0;2,0;5,0
2015;0,8315217391304348;0,8314769403492186;LLGC;0,9;8;twomoons;6;1;fastgreedy;0,011603200000536162;200,0;2,0;6,0
2016;0,8586956521739131;0,858678955453149;LLGC;0,9;8;twomoons;6;1;fastgreedy;0,053236799998558126;200,0;2,0;7,0
2017;0,8641304347826086;0,8638045891931903;LLGC;0,9;8;twomoons;6;1;fastgreedy;0,01653420000366168;200,0;2,0;8,0
2018;0,8586956521739131;0,8586288416075649;LLGC;0,9;8;twomoons;6;1;fastgreedy;0,013193700004194397;200,0;2,0;9,0
2019;0,8478260869565217;0,847808105872622;LLGC;0,9;8;twomoons;6;1;fastgreedy;0,016675799997756258;200,0;2,0;10,0
2020;0,8532608695652174;0,8532565352237483;LLGC;0,9;8;twomoons;6;1;fastgreedy;0,01088980000349693;200,0;2,0;11,0
2021;0,8641304347826086;0,8639335048954359;LLGC;0,9;8;twomoons;6;1;fastgreedy;0,012434600001142826;200,0;2,0;12,0
2022;0,8641304347826086;0,8638045891931903;LLGC;0,9;8;twomoons;6;1;fastgreedy;0,011062999998102896;200,0;2,0;13,0
2023;0,8369565217391305;0,836937256292095;LLGC;0,9;8;twomoons;6;1;fastgreedy;0,0108879999970668;200,0;2,0;14,0
2024;0,8586956521739131;0,8582770470434886;LLGC;0,9;8;twomoons;6;1;fastgreedy;0,07240259999525733;200,0;2,0;15,0
2025;0,8369565217391305;0,836937256292095;LLGC;0,9;8;twomoons;6;1;fastgreedy;0,009969700004148763;200,0;2,0;16,0
2026;0,8641304347826086;0,8640943067332407;LLGC;0,9;8;twomoons;6;1;fastgreedy;0,05299640000157524;200,0;2,0;17,0
2027;0,8478260869565217;0,847808105872622;LLGC;0,9;8;twomoons;6;1;fastgreedy;0,05892199999652803;200,0;2,0;18,0
2028;0,8478260869565217;0,8477541371158392;LLGC;0,9;8;twomoons;6;1;fastgreedy;0,014622599999711383;200,0;2,0;19,0
2029;0,875;0,8745516525863346;LLGC;0,9;8;twomoons;6;1;fastgreedy;0,018307300000742543;200,0;2,0;20,0
2030;0,8586956521739131;0,8578728461081402;LLGC;0,9;8;twomoons;6;1;fastgreedy;0,011272099996858742;200,0;2,0;21,0
2031;0,8586956521739131;0,8585452395032525;LLGC;0,9;8;twomoons;6;1;fastgreedy;0,009776200000487734;200,0;2,0;22,0
2032;0,8641304347826086;0,8641264215034707;LLGC;0,9;8;twomoons;6;1;fastgreedy;0,009835799995926209;200,0;2,0;23,0
2033;0,875;0,8749667621945815;LLGC;0,9;8;twomoons;6;1;fastgreedy;0,01710530000127619;200,0;2,0;24,0
2034;0,8858695652173914;0,8858661940629153;LLGC;0,9;8;twomoons;6;1;fastgreedy;0,01206570000067586;200,0;2,0;25,0
2035;0,8641304347826086;0,8641264215034707;LLGC;0,9;8;twomoons;6;1;fastgreedy;0,014031300001079217;200,0;2,0;26,0
2036;0,8532608695652174;0,8532565352237483;LLGC;0,9;8;twomoons;6;1;fastgreedy;0,012872200000856537;200,0;2,0;27,0
2037;0,8586956521739131;0,858678955453149;LLGC;0,9;8;twomoons;6;1;fastgreedy;0,01418569999805186;200,0;2,0;28,0
2038;0,8369565217391305;0,836937256292095;LLGC;0,9;8;twomoons;6;1;fastgreedy;0,012111200005165301;200,0;2,0;29,0
2039;0,8532608695652174;0,8530481852870707;LLGC;0,9;8;twomoons;6;1;fastgreedy;0,011080199998104945;200,0;2,0;30,0
2040;0,8222222222222222;0,821870361207323;PhyDL;0,9;10;twomoons;6;1;fastgreedy;3,0742639000018244;200,0;2,0;1,0
2041;0,9277777777777778;0,9277755486280441;PhyDL;0,9;10;twomoons;6;1;fastgreedy;3,074275300001318;200,0;2,0;2,0
2042;0,9277777777777778;0,927757710475132;PhyDL;0,9;10;twomoons;6;1;fastgreedy;3,07426690000284;200,0;2,0;3,0
2043;0,9722222222222222;0,9722007722007722;PhyDL;0,9;10;twomoons;6;1;fastgreedy;3,0742935000016587;200,0;2,0;4,0
2044;0,9333333333333333;0,9333251018644277;PhyDL;0,9;10;twomoons;6;1;fastgreedy;3,074446099999477;200,0;2,0;5,0
2045;0,9166666666666666;0,9164578111946533;PhyDL;0,9;10;twomoons;6;1;fastgreedy;3,0742663999990327;200,0;2,0;6,0
2046;0,9166666666666666;0,9166435120866907;PhyDL;0,9;10;twomoons;6;1;fastgreedy;3,0742583999963244;200,0;2,0;7,0
2047;0,9222222222222223;0,9217488510744007;PhyDL;0,9;10;twomoons;6;1;fastgreedy;3,0742835999990348;200,0;2,0;8,0
2048;0,9055555555555556;0,9055526405135961;PhyDL;0,9;10;twomoons;6;1;fastgreedy;3,074308800001745;200,0;2,0;9,0
2049;0,8722222222222222;0,8721235521235522;PhyDL;0,9;10;twomoons;6;1;fastgreedy;3,0742771000004723;200,0;2,0;10,0
2050;0,9222222222222223;0,9221837944664031;PhyDL;0,9;10;twomoons;6;1;fastgreedy;3,0743348999967566;200,0;2,0;11,0
2051;0,9777777777777777;0,9777667984189724;PhyDL;0,9;10;twomoons;6;1;fastgreedy;3,074346499997773;200,0;2,0;12,0
2052;0,8833333333333333;0,8825174825174825;PhyDL;0,9;10;twomoons;6;1;fastgreedy;3,074277699997765;200,0;2,0;13,0
2053;0,9555555555555556;0,9554675903018308;PhyDL;0,9;10;twomoons;6;1;fastgreedy;3,0742659000025014;200,0;2,0;14,0
2054;0,8888888888888888;0,8888339920948616;PhyDL;0,9;10;twomoons;6;1;fastgreedy;3,0742708000034327;200,0;2,0;15,0
2055;0,8722222222222222;0,8721235521235522;PhyDL;0,9;10;twomoons;6;1;fastgreedy;3,0742622000034316;200,0;2,0;16,0
2056;0,9055555555555556;0,9055526405135961;PhyDL;0,9;10;twomoons;6;1;fastgreedy;3,07426729999861;200,0;2,0;17,0
2057;0,8833333333333333;0,883300916921367;PhyDL;0,9;10;twomoons;6;1;fastgreedy;3,0743787000028533;200,0;2,0;18,0
2058;0,8833333333333333;0,883300916921367;PhyDL;0,9;10;twomoons;6;1;fastgreedy;3,07429620000039;200,0;2,0;19,0
2059;0,9833333333333333;0,9833287024173382;PhyDL;0,9;10;twomoons;6;1;fastgreedy;3,0742701000053785;200,0;2,0;20,0
2060;0,8666666666666667;0,8664027709054923;PhyDL;0,9;10;twomoons;6;1;fastgreedy;3,074272900004871;200,0;2,0;21,0
2061;0,95;0,949874686716792;PhyDL;0,9;10;twomoons;6;1;fastgreedy;3,074273499994888;200,0;2,0;22,0
2062;0,9555555555555556;0,9555500679096185;PhyDL;0,9;10;twomoons;6;1;fastgreedy;3,0742625999992015;200,0;2,0;23,0
2063;0,8833333333333333;0,883300916921367;PhyDL;0,9;10;twomoons;6;1;fastgreedy;3,074276400002418;200,0;2,0;24,0
2064;0,9277777777777778;0,9277755486280441;PhyDL;0,9;10;twomoons;6;1;fastgreedy;3,0742815999983577;200,0;2,0;25,0
2065;0,9055555555555556;0,9052015242107871;PhyDL;0,9;10;twomoons;6;1;fastgreedy;3,0742675000001327;200,0;2,0;26,0
2066;0,8944444444444445;0,8938909745276287;PhyDL;0,9;10;twomoons;6;1;fastgreedy;3,0742838000005577;200,0;2,0;27,0
2067;0,9444444444444444;0,9444169960474309;PhyDL;0,9;10;twomoons;6;1;fastgreedy;3,0744511999946553;200,0;2,0;28,0
2068;0,9333333333333333;0,9332591768631813;PhyDL;0,9;10;twomoons;6;1;fastgreedy;3,074269299999287;200,0;2,0;29,0
2069;0,9055555555555556;0,9055526405135961;PhyDL;0,9;10;twomoons;6;1;fastgreedy;3,0742625999992015;200,0;2,0;30,0
2070;0,8222222222222222;0,821870361207323;LLGC;0,9;10;twomoons;6;1;fastgreedy;0,009918699994159397;200,0;2,0;1,0
2071;0,8555555555555555;0,85526966848095;LLGC;0,9;10;twomoons;6;1;fastgreedy;0,017758100002538413;200,0;2,0;2,0
2072;0,8388888888888889;0,8387644787644788;LLGC;0,9;10;twomoons;6;1;fastgreedy;0,013729400001466274;200,0;2,0;3,0
2073;0,8611111111111112;0,8610038610038611;LLGC;0,9;10;twomoons;6;1;fastgreedy;0,014815300004556775;200,0;2,0;4,0
2074;0,85;0,8499583217560434;LLGC;0,9;10;twomoons;6;1;fastgreedy;0,024483200002578087;200,0;2,0;5,0
2075;0,8666666666666667;0,8664027709054923;LLGC;0,9;10;twomoons;6;1;fastgreedy;0,015226700001221616;200,0;2,0;6,0
2076;0,8722222222222222;0,8722182783419241;LLGC;0,9;10;twomoons;6;1;fastgreedy;0,014541500000632368;200,0;2,0;7,0
2077;0,85;0,8492134901182091;LLGC;0,9;10;twomoons;6;1;fastgreedy;0,020116700005019084;200,0;2,0;8,0
2078;0,8722222222222222;0,8721235521235522;LLGC;0,9;10;twomoons;6;1;fastgreedy;0,01250399999844376;200,0;2,0;9,0
2079;0,8555555555555555;0,85526966848095;LLGC;0,9;10;twomoons;6;1;fastgreedy;0,01638670000102138;200,0;2,0;10,0
2080;0,85;0,8498841698841699;LLGC;0,9;10;twomoons;6;1;fastgreedy;0,01884530000097584;200,0;2,0;11,0
2081;0,8722222222222222;0,8717432386381239;LLGC;0,9;10;twomoons;6;1;fastgreedy;0,016867600003024563;200,0;2,0;12,0
2082;0,8555555555555555;0,8546764377096013;LLGC;0,9;10;twomoons;6;1;fastgreedy;0,014537399998516776;200,0;2,0;13,0
2083;0,8722222222222222;0,872028685357485;LLGC;0,9;10;twomoons;6;1;fastgreedy;0,01634600000397768;200,0;2,0;14,0
2084;0,8611111111111112;0,8611068242847002;LLGC;0,9;10;twomoons;6;1;fastgreedy;0,011229200004891027;200,0;2,0;15,0
2085;0,8666666666666667;0,866600790513834;LLGC;0,9;10;twomoons;6;1;fastgreedy;0,011190799996256828;200,0;2,0;16,0
2086;0,8388888888888889;0,8388441233676021;LLGC;0,9;10;twomoons;6;1;fastgreedy;0,015004700006102212;200,0;2,0;17,0
2087;0,8555555555555555;0,85553772070626;LLGC;0,9;10;twomoons;6;1;fastgreedy;0,014570700004696846;200,0;2,0;18,0
2088;0,8388888888888889;0,8388441233676021;LLGC;0,9;10;twomoons;6;1;fastgreedy;0,05385299999761628;200,0;2,0;19,0
2089;0,8777777777777778;0,8773993808049536;LLGC;0,9;10;twomoons;6;1;fastgreedy;0,04099380000116071;200,0;2,0;20,0
2090;0,8277777777777777;0,8276447876447877;LLGC;0,9;10;twomoons;6;1;fastgreedy;0,07953919999999925;200,0;2,0;21,0
2091;0,8888888888888888;0,8887652947719689;LLGC;0,9;10;twomoons;6;1;fastgreedy;0,010089999996125698;200,0;2,0;22,0
2092;0,8777777777777778;0,8775358733300347;LLGC;0,9;10;twomoons;6;1;fastgreedy;0,009944299999915529;200,0;2,0;23,0
2093;0,8555555555555555;0,8553948832035595;LLGC;0,9;10;twomoons;6;1;fastgreedy;0,010329299999284558;200,0;2,0;24,0
2094;0,8444444444444444;0,8443675889328064;LLGC;0,9;10;twomoons;6;1;fastgreedy;0,014996500001871027;200,0;2,0;25,0
2095;0,8555555555555555;0,8554841897233202;LLGC;0,9;10;twomoons;6;1;fastgreedy;0,01834939999389462;200,0;2,0;26,0
2096;0,8611111111111112;0,8607630186577555;LLGC;0,9;10;twomoons;6;1;fastgreedy;0,11468719999538735;200,0;2,0;27,0
2097;0,85;0,8499583217560434;LLGC;0,9;10;twomoons;6;1;fastgreedy;0,08357119999709539;200,0;2,0;28,0
2098;0,8722222222222222;0,8721867185329257;LLGC;0,9;10;twomoons;6;1;fastgreedy;0,014804400001594331;200,0;2,0;29,0
2099;0,8722222222222222;0,872028685357485;LLGC;0,9;10;twomoons;6;1;fastgreedy;0,009861099999397993;200,0;2,0;30,0
2100;0,8920454545454546;0,8914532411464926;PhyDL;0,9;12;twomoons;6;1;fastgreedy;3,074265600000217;200,0;2,0;1,0
2101;0,9602272727272727;0,9601642577682931;PhyDL;0,9;12;twomoons;6;1;fastgreedy;3,0742667999948026;200,0;2,0;2,0
2102;0,9090909090909091;0,9087964762274906;PhyDL;0,9;12;twomoons;6;1;fastgreedy;3,074271499994211;200,0;2,0;3,0
2103;0,9034090909090909;0,9030303030303031;PhyDL;0,9;12;twomoons;6;1;fastgreedy;3,074273500002164;200,0;2,0;4,0
2104;0,9659090909090909;0,9659090909090909;PhyDL;0,9;12;twomoons;6;1;fastgreedy;3,074272199999541;200,0;2,0;5,0
2105;0,9204545454545454;0,9199480181936321;PhyDL;0,9;12;twomoons;6;1;fastgreedy;3,074342899999465;200,0;2,0;6,0
2106;0,9034090909090909;0,9024994297259425;PhyDL;0,9;12;twomoons;6;1;fastgreedy;3,074288100004196;200,0;2,0;7,0
2107;0,9545454545454546;0,9544513457556936;PhyDL;0,9;12;twomoons;6;1;fastgreedy;3,0742777999985265;200,0;2,0;8,0
2108;0,9375;0,9374495169784498;PhyDL;0,9;12;twomoons;6;1;fastgreedy;3,074309399999038;200,0;2,0;9,0
2109;0,8806818181818182;0,8806471405044078;PhyDL;0,9;12;twomoons;6;1;fastgreedy;3,07429399999819;200,0;2,0;10,0
2110;0,9488636363636364;0,948861985472155;PhyDL;0,9;12;twomoons;6;1;fastgreedy;3,074294199992437;200,0;2,0;11,0
2111;0,9204545454545454;0,9199480181936321;PhyDL;0,9;12;twomoons;6;1;fastgreedy;3,074269099997764;200,0;2,0;12,0
2112;0,9318181818181818;0,9317829457364342;PhyDL;0,9;12;twomoons;6;1;fastgreedy;3,0742989999998827;200,0;2,0;13,0
2113;0,9375;0,9374495169784498;PhyDL;0,9;12;twomoons;6;1;fastgreedy;3,0744091000015032;200,0;2,0;14,0
2114;0,9829545454545454;0,9829495915006297;PhyDL;0,9;12;twomoons;6;1;fastgreedy;3,074277899999288;200,0;2,0;15,0
2115;0,9545454545454546;0,9544513457556936;PhyDL;0,9;12;twomoons;6;1;fastgreedy;3,0742834999982733;200,0;2,0;16,0
2116;0,8693181818181818;0,8692126264094859;PhyDL;0,9;12;twomoons;6;1;fastgreedy;3,074282099994889;200,0;2,0;17,0
2117;0,9318181818181818;0,931809376210771;PhyDL;0,9;12;twomoons;6;1;fastgreedy;3,074266000003263;200,0;2,0;18,0
2118;0,8806818181818182;0,8804927733048793;PhyDL;0,9;12;twomoons;6;1;fastgreedy;3,0742804000037722;200,0;2,0;19,0
2119;0,8636363636363636;0,8621949628082997;PhyDL;0,9;12;twomoons;6;1;fastgreedy;3,0744036999967648;200,0;2,0;20,0
2120;0,9829545454545454;0,9829495915006297;PhyDL;0,9;12;twomoons;6;1;fastgreedy;3,0742652999979327;200,0;2,0;21,0
2121;0,9545454545454546;0,9544513457556936;PhyDL;0,9;12;twomoons;6;1;fastgreedy;3,074270700002671;200,0;2,0;22,0
2122;0,9488636363636364;0,9487295678912446;PhyDL;0,9;12;twomoons;6;1;fastgreedy;3,0742901999983587;200,0;2,0;23,0
2123;0,9545454545454546;0,9544513457556936;PhyDL;0,9;12;twomoons;6;1;fastgreedy;3,0742726999960723;200,0;2,0;24,0
2124;0,8806818181818182;0,8805854415043133;PhyDL;0,9;12;twomoons;6;1;fastgreedy;3,0742785000038566;200,0;2,0;25,0
2125;0,9488636363636364;0,9488487745018891;PhyDL;0,9;12;twomoons;6;1;fastgreedy;3,0742992000014056;200,0;2,0;26,0
2126;0,9488636363636364;0,9487295678912446;PhyDL;0,9;12;twomoons;6;1;fastgreedy;3,074370899994392;200,0;2,0;27,0
2127;0,9261363636363636;0,9260767018836225;PhyDL;0,9;12;twomoons;6;1;fastgreedy;3,0742682999989484;200,0;2,0;28,0
2128;0,8977272727272727;0,8976744186046512;PhyDL;0,9;12;twomoons;6;1;fastgreedy;3,0745631999961915;200,0;2,0;29,0
2129;0,9204545454545454;0,9199480181936321;PhyDL;0,9;12;twomoons;6;1;fastgreedy;3,0743080000029295;200,0;2,0;30,0
2130;0,8409090909090909;0,8407239819004525;LLGC;0,9;12;twomoons;6;1;fastgreedy;0,016710000003513414;200,0;2,0;1,0
2131;0,8636363636363636;0,8633540372670807;LLGC;0,9;12;twomoons;6;1;fastgreedy;0,016467800000100397;200,0;2,0;2,0
2132;0,8693181818181818;0,8689755623887361;LLGC;0,9;12;twomoons;6;1;fastgreedy;0,00957629999902565;200,0;2,0;3,0
2133;0,8465909090909091;0,8464669962198313;LLGC;0,9;12;twomoons;6;1;fastgreedy;0,01086619999841787;200,0;2,0;4,0
2134;0,8636363636363636;0,863618752421542;LLGC;0,9;12;twomoons;6;1;fastgreedy;0,010198500000115018;200,0;2,0;5,0
2135;0,8636363636363636;0,8634776987718165;LLGC;0,9;12;twomoons;6;1;fastgreedy;0,03400040000269655;200,0;2,0;6,0
2136;0,8579545454545454;0,8554865832430125;LLGC;0,9;12;twomoons;6;1;fastgreedy;0,012671199998294469;200,0;2,0;7,0
2137;0,8636363636363636;0,8610526315789473;LLGC;0,9;12;twomoons;6;1;fastgreedy;0,013368500003707595;200,0;2,0;8,0
2138;0,8579545454545454;0,8579132625052475;LLGC;0,9;12;twomoons;6;1;fastgreedy;0,011035600000468548;200,0;2,0;9,0
2139;0,8465909090909091;0,8465859564164648;LLGC;0,9;12;twomoons;6;1;fastgreedy;0,022226499997486826;200,0;2,0;10,0
2140;0,8522727272727273;0,8522536484566705;LLGC;0,9;12;twomoons;6;1;fastgreedy;0,01991670000279555;200,0;2,0;11,0
2141;0,8636363636363636;0,8635658914728682;LLGC;0,9;12;twomoons;6;1;fastgreedy;0,011102399999799673;200,0;2,0;12,0
2142;0,8579545454545454;0,8575821330312349;LLGC;0,9;12;twomoons;6;1;fastgreedy;0,03752900000108639;200,0;2,0;13,0
2143;0,8636363636363636;0,8635658914728682;LLGC;0,9;12;twomoons;6;1;fastgreedy;0,02371109999512555;200,0;2,0;14,0
2144;0,8806818181818182;0,8803689917462373;LLGC;0,9;12;twomoons;6;1;fastgreedy;0,03700689999823226;200,0;2,0;15,0
2145;0,8693181818181818;0,8692126264094859;LLGC;0,9;12;twomoons;6;1;fastgreedy;0,011947500002861489;200,0;2,0;16,0
2146;0,8465909090909091;0,8465859564164648;LLGC;0,9;12;twomoons;6;1;fastgreedy;0,010524799996346701;200,0;2,0;17,0
2147;0,8579545454545454;0,8579132625052475;LLGC;0,9;12;twomoons;6;1;fastgreedy;0,03454779999447055;200,0;2,0;18,0
2148;0,8352272727272727;0,8352219531880549;LLGC;0,9;12;twomoons;6;1;fastgreedy;0,031918600005155895;200,0;2,0;19,0
2149;0,8465909090909091;0,845749342681858;LLGC;0,9;12;twomoons;6;1;fastgreedy;0,012164199994003866;200,0;2,0;20,0
2150;0,8920454545454546;0,8918744139425098;LLGC;0,9;12;twomoons;6;1;fastgreedy;0,014506999999866821;200,0;2,0;21,0
2151;0,8636363636363636;0,8636363636363636;LLGC;0,9;12;twomoons;6;1;fastgreedy;0,03178879999904893;200,0;2,0;22,0
2152;0,875;0,8749354005167959;LLGC;0,9;12;twomoons;6;1;fastgreedy;0,012795400005416013;200,0;2,0;23,0
2153;0,8579545454545454;0,8578398113146586;LLGC;0,9;12;twomoons;6;1;fastgreedy;0,04089340000064112;200,0;2,0;24,0
2154;0,8579545454545454;0,8578398113146586;LLGC;0,9;12;twomoons;6;1;fastgreedy;0,03396390000125393;200,0;2,0;25,0
2155;0,875;0,8749838563864136;LLGC;0,9;12;twomoons;6;1;fastgreedy;0,03288579999934882;200,0;2,0;26,0
2156;0,8806818181818182;0,8805854415043133;LLGC;0,9;12;twomoons;6;1;fastgreedy;0,037749999995867256;200,0;2,0;27,0
2157;0,8579545454545454;0,8579499596448749;LLGC;0,9;12;twomoons;6;1;fastgreedy;0,015894700001808815;200,0;2,0;28,0
2158;0,8522727272727273;0,8522727272727273;LLGC;0,9;12;twomoons;6;1;fastgreedy;0,011222199995245319;200,0;2,0;29,0
2159;0,8579545454545454;0,8578398113146586;LLGC;0,9;12;twomoons;6;1;fastgreedy;0,010981200000969693;200,0;2,0;30,0
2160;0,8895348837209303;0,8889002209756927;PhyDL;0,9;14;twomoons;6;1;fastgreedy;3,0743474999981117;200,0;2,0;1,0
2161;0,9186046511627907;0,918061793929495;PhyDL;0,9;14;twomoons;6;1;fastgreedy;3,0742640999960713;200,0;2,0;2,0
2162;0,9302325581395349;0,9301475565182076;PhyDL;0,9;14;twomoons;6;1;fastgreedy;3,074269799995818;200,0;2,0;3,0
2163;1,0;1,0;PhyDL;0,9;14;twomoons;6;1;fastgreedy;3,07426509999641;200,0;2,0;4,0
2164;0,8662790697674418;0,8661659731384688;PhyDL;0,9;14;twomoons;6;1;fastgreedy;3,0742902000056347;200,0;2,0;5,0
2165;0,9825581395348837;0,982552831783601;PhyDL;0,9;14;twomoons;6;1;fastgreedy;3,074267600000894;200,0;2,0;6,0
2166;0,9825581395348837;0,982552831783601;PhyDL;0,9;14;twomoons;6;1;fastgreedy;3,0742686000012327;200,0;2,0;7,0
2167;0,9593023255813954;0,9592348061621805;PhyDL;0,9;14;twomoons;6;1;fastgreedy;3,074266499999794;200,0;2,0;8,0
2168;0,9593023255813954;0,9592348061621805;PhyDL;0,9;14;twomoons;6;1;fastgreedy;3,074282300003688;200,0;2,0;9,0
2169;0,9418604651162791;0,9418290043290043;PhyDL;0,9;14;twomoons;6;1;fastgreedy;3,0742663999990327;200,0;2,0;10,0
2170;0,877906976744186;0,8777044184865413;PhyDL;0,9;14;twomoons;6;1;fastgreedy;3,074272199999541;200,0;2,0;11,0
2171;0,9825581395348837;0,982552831783601;PhyDL;0,9;14;twomoons;6;1;fastgreedy;3,074290000004112;200,0;2,0;12,0
2172;0,9418604651162791;0,9418290043290043;PhyDL;0,9;14;twomoons;6;1;fastgreedy;3,074315800004115;200,0;2,0;13,0
2173;0,8953488372093024;0,8952922077922079;PhyDL;0,9;14;twomoons;6;1;fastgreedy;3,074281900000642;200,0;2,0;14,0
2174;1,0;1,0;PhyDL;0,9;14;twomoons;6;1;fastgreedy;3,074279499996919;200,0;2,0;15,0
2175;0,9825581395348837;0,982552831783601;PhyDL;0,9;14;twomoons;6;1;fastgreedy;3,074377099997946;200,0;2,0;16,0
2176;0,9767441860465116;0,9767316017316017;PhyDL;0,9;14;twomoons;6;1;fastgreedy;3,0744102999960887;200,0;2,0;17,0
2177;0,9709302325581395;0,9709056463344498;PhyDL;0,9;14;twomoons;6;1;fastgreedy;3,0742859999954817;200,0;2,0;18,0
2178;0,9709302325581395;0,9709056463344498;PhyDL;0,9;14;twomoons;6;1;fastgreedy;3,074279000000388;200,0;2,0;19,0
2179;0,9418604651162791;0,9418290043290043;PhyDL;0,9;14;twomoons;6;1;fastgreedy;3,0744518999999855;200,0;2,0;20,0
2180;0,936046511627907;0,935783864508027;PhyDL;0,9;14;twomoons;6;1;fastgreedy;3,074299299994891;200,0;2,0;21,0
2181;0,9186046511627907;0,918560606060606;PhyDL;0,9;14;twomoons;6;1;fastgreedy;3,074293599995144;200,0;2,0;22,0
2182;0,9418604651162791;0,9418526031102096;PhyDL;0,9;14;twomoons;6;1;fastgreedy;3,074289999996836;200,0;2,0;23,0
2183;0,9709302325581395;0,9709056463344498;PhyDL;0,9;14;twomoons;6;1;fastgreedy;3,0742674999928568;200,0;2,0;24,0
2184;0,9476744186046512;0,9475307595837712;PhyDL;0,9;14;twomoons;6;1;fastgreedy;3,0742634999987786;200,0;2,0;25,0
2185;0,9593023255813954;0,9592348061621805;PhyDL;0,9;14;twomoons;6;1;fastgreedy;3,074282799992943;200,0;2,0;26,0
2186;0,9302325581395349;0,9298913043478261;PhyDL;0,9;14;twomoons;6;1;fastgreedy;3,074455999994825;200,0;2,0;27,0
2187;0,8604651162790697;0,85892002734108;PhyDL;0,9;14;twomoons;6;1;fastgreedy;3,074263800001063;200,0;2,0;28,0
2188;0,9651162790697675;0,9651162790697675;PhyDL;0,9;14;twomoons;6;1;fastgreedy;3,0742743000009796;200,0;2,0;29,0
2189;0,9011627906976745;0,9007568815124054;PhyDL;0,9;14;twomoons;6;1;fastgreedy;3,0742562000014004;200,0;2,0;30,0
2190;0,8488372093023255;0,8487554112554112;LLGC;0,9;14;twomoons;6;1;fastgreedy;0,1270284999991418;200,0;2,0;1,0
2191;0,877906976744186;0,8772055073941867;LLGC;0,9;14;twomoons;6;1;fastgreedy;0,02051680000295164;200,0;2,0;2,0
2192;0,877906976744186;0,8779028496095731;LLGC;0,9;14;twomoons;6;1;fastgreedy;0,010260600000037812;200,0;2,0;3,0
2193;0,8837209302325582;0,8835792608636794;LLGC;0,9;14;twomoons;6;1;fastgreedy;0,011733100000128616;200,0;2,0;4,0
2194;0,8430232558139535;0,8429754860524091;LLGC;0,9;14;twomoons;6;1;fastgreedy;0,046014999999897555;200,0;2,0;5,0
2195;0,8837209302325582;0,8833265499932166;LLGC;0,9;14;twomoons;6;1;fastgreedy;0,014206100000592414;200,0;2,0;6,0
2196;0,8895348837209303;0,8895311496467566;LLGC;0,9;14;twomoons;6;1;fastgreedy;0,03193120000651106;200,0;2,0;7,0
2197;0,8604651162790697;0,8601626016260162;LLGC;0,9;14;twomoons;6;1;fastgreedy;0,016674299993610475;200,0;2,0;8,0
2198;0,8604651162790697;0,8601626016260162;LLGC;0,9;14;twomoons;6;1;fastgreedy;0,014090399999986403;200,0;2,0;9,0
2199;0,8604651162790697;0,8604462474645029;LLGC;0,9;14;twomoons;6;1;fastgreedy;0,04987719999917317;200,0;2,0;10,0
2200;0,8430232558139535;0,8430179494980226;LLGC;0,9;14;twomoons;6;1;fastgreedy;0,0631366999950842;200,0;2,0;11,0
2201;0,872093023255814;0,8720757268424612;LLGC;0,9;14;twomoons;6;1;fastgreedy;0,05632570000307169;200,0;2,0;12,0
2202;0,8372093023255814;0,8371872887085869;LLGC;0,9;14;twomoons;6;1;fastgreedy;0,0993594999963534;200,0;2,0;13,0
2203;0,8430232558139535;0,8430179494980226;LLGC;0,9;14;twomoons;6;1;fastgreedy;0,0761759000015445;200,0;2,0;14,0
2204;0,872093023255814;0,8720757268424612;LLGC;0,9;14;twomoons;6;1;fastgreedy;0,11002790000202367;200,0;2,0;15,0
2205;0,872093023255814;0,8703399122807017;LLGC;0,9;14;twomoons;6;1;fastgreedy;0,11010879999957979;200,0;2,0;16,0
2206;0,872093023255814;0,8720757268424612;LLGC;0,9;14;twomoons;6;1;fastgreedy;0,10236830000212649;200,0;2,0;17,0
2207;0,8837209302325582;0,8837052062204191;LLGC;0,9;14;twomoons;6;1;fastgreedy;0,05673940000269795;200,0;2,0;18,0
2208;0,877906976744186;0,8778698224852071;LLGC;0,9;14;twomoons;6;1;fastgreedy;0,0645619999995688;200,0;2,0;19,0
2209;0,8430232558139535;0,8429754860524091;LLGC;0,9;14;twomoons;6;1;fastgreedy;0,15641980000509648;200,0;2,0;20,0
2210;0,872093023255814;0,8720238095238095;LLGC;0,9;14;twomoons;6;1;fastgreedy;0,014310099999420345;200,0;2,0;21,0
2211;0,8662790697674418;0,8662745495723896;LLGC;0,9;14;twomoons;6;1;fastgreedy;0,01069149999966612;200,0;2,0;22,0
2212;0,8546511627906976;0,8546462495352061;LLGC;0,9;14;twomoons;6;1;fastgreedy;0,010179900004004594;200,0;2,0;23,0
2213;0,8895348837209303;0,8895012679628065;LLGC;0,9;14;twomoons;6;1;fastgreedy;0,010013500002969522;200,0;2,0;24,0
2214;0,877906976744186;0,8777044184865413;LLGC;0,9;14;twomoons;6;1;fastgreedy;0,011465600000519771;200,0;2,0;25,0
2215;0,8604651162790697;0,8603896103896104;LLGC;0,9;14;twomoons;6;1;fastgreedy;0,010115299999597482;200,0;2,0;26,0
2216;0,8662790697674418;0,8660572202471644;LLGC;0,9;14;twomoons;6;1;fastgreedy;0,012086000002454966;200,0;2,0;27,0
2217;0,8430232558139535;0,8423785765197027;LLGC;0,9;14;twomoons;6;1;fastgreedy;0,014864699995086994;200,0;2,0;28,0
2218;0,8546511627906976;0,8546462495352061;LLGC;0,9;14;twomoons;6;1;fastgreedy;0,010419799997180235;200,0;2,0;29,0
2219;0,8488372093023255;0,8488372093023255;LLGC;0,9;14;twomoons;6;1;fastgreedy;0,010261600000376347;200,0;2,0;30,0
2220;0,9821428571428571;0,9821371610845295;PhyDL;0,9;16;twomoons;6;1;fastgreedy;3,074316899997939;200,0;2,0;1,0
2221;0,9404761904761905;0,9404424276800907;PhyDL;0,9;16;twomoons;6;1;fastgreedy;3,0742610999950557;200,0;2,0;2,0
2222;0,8988095238095238;0,8983738390919119;PhyDL;0,9;16;twomoons;6;1;fastgreedy;3,0742793000026722;200,0;2,0;3,0
2223;0,9464285714285714;0,9464266732806577;PhyDL;0,9;16;twomoons;6;1;fastgreedy;3,0742792999953963;200,0;2,0;4,0
2224;0,9107142857142857;0,9107111221344293;PhyDL;0,9;16;twomoons;6;1;fastgreedy;3,0742757999978494;200,0;2,0;5,0
2225;0,9107142857142857;0,9107111221344293;PhyDL;0,9;16;twomoons;6;1;fastgreedy;3,074280100001488;200,0;2,0;6,0
2226;0,9345238095238095;0,9344657611972056;PhyDL;0,9;16;twomoons;6;1;fastgreedy;3,074282300003688;200,0;2,0;7,0
2227;0,9464285714285714;0,9462743843939878;PhyDL;0,9;16;twomoons;6;1;fastgreedy;3,074262300004193;200,0;2,0;8,0
2228;0,8809523809523809;0,8808848553601816;PhyDL;0,9;16;twomoons;6;1;fastgreedy;3,0742685000004712;200,0;2,0;9,0
2229;0,9642857142857143;0,9642857142857143;PhyDL;0,9;16;twomoons;6;1;fastgreedy;3,074473999993643;200,0;2,0;10,0
2230;0,9642857142857143;0,9642857142857143;PhyDL;0,9;16;twomoons;6;1;fastgreedy;3,0742717000030098;200,0;2,0;11,0
2231;0,9464285714285714;0,9464114832535885;PhyDL;0,9;16;twomoons;6;1;fastgreedy;3,0742804999972577;200,0;2,0;12,0
2232;0,9642857142857143;0,9642857142857143;PhyDL;0,9;16;twomoons;6;1;fastgreedy;3,0742631999964942;200,0;2,0;13,0
2233;0,9821428571428571;0,9821371610845295;PhyDL;0,9;16;twomoons;6;1;fastgreedy;3,0742922999925213;200,0;2,0;14,0
2234;0,9285714285714286;0,9284802043422733;PhyDL;0,9;16;twomoons;6;1;fastgreedy;3,0742764999959036;200,0;2,0;15,0
2235;0,9226190476190477;0,9226163058498389;PhyDL;0,9;16;twomoons;6;1;fastgreedy;3,0743757000018377;200,0;2,0;16,0
2236;0,9166666666666666;0,9166193987521271;PhyDL;0,9;16;twomoons;6;1;fastgreedy;3,07426580000174;200,0;2,0;17,0
2237;0,9821428571428571;0,9821371610845295;PhyDL;0,9;16;twomoons;6;1;fastgreedy;3,074284800000896;200,0;2,0;18,0
2238;0,9404761904761905;0,9404424276800907;PhyDL;0,9;16;twomoons;6;1;fastgreedy;3,0742965000026743;200,0;2,0;19,0
2239;1,0;1,0;PhyDL;0,9;16;twomoons;6;1;fastgreedy;3,0742780000000494;200,0;2,0;20,0
2240;0,8809523809523809;0,8808848553601816;PhyDL;0,9;16;twomoons;6;1;fastgreedy;3,0742663999990327;200,0;2,0;21,0
2241;0,9345238095238095;0,9344657611972056;PhyDL;0,9;16;twomoons;6;1;fastgreedy;3,07426249999844;200,0;2,0;22,0
2242;0,9285714285714286;0,9285309132161089;PhyDL;0,9;16;twomoons;6;1;fastgreedy;3,0742729999983567;200,0;2,0;23,0
2243;0,9226190476190477;0,9226163058498389;PhyDL;0,9;16;twomoons;6;1;fastgreedy;3,074273099999118;200,0;2,0;24,0
2244;0,8630952380952381;0,8629738643214299;PhyDL;0,9;16;twomoons;6;1;fastgreedy;3,0742815999983577;200,0;2,0;25,0
2245;0,9464285714285714;0,9464266732806577;PhyDL;0,9;16;twomoons;6;1;fastgreedy;3,0742546999972546;200,0;2,0;26,0
2246;0,9642857142857143;0,9642401021711366;PhyDL;0,9;16;twomoons;6;1;fastgreedy;3,0742597999997088;200,0;2,0;27,0
2247;0,9047619047619048;0,9044232683828759;PhyDL;0,9;16;twomoons;6;1;fastgreedy;3,074282999994466;200,0;2,0;28,0
2248;0,9345238095238095;0,9344657611972056;PhyDL;0,9;16;twomoons;6;1;fastgreedy;3,0742755999963265;200,0;2,0;29,0
2249;0,9821428571428571;0,9821371610845295;PhyDL;0,9;16;twomoons;6;1;fastgreedy;3,0742939000047045;200,0;2,0;30,0
2250;0,8571428571428571;0,8571428571428571;LLGC;0,9;16;twomoons;6;1;fastgreedy;0,053191099999821745;200,0;2,0;1,0
2251;0,875;0,8747826086956522;LLGC;0,9;16;twomoons;6;1;fastgreedy;0,014551000000210479;200,0;2,0;2,0
2252;0,8511904761904762;0,8502940652290145;LLGC;0,9;16;twomoons;6;1;fastgreedy;0,017672499998298008;200,0;2,0;3,0
2253;0,8571428571428571;0,8570618264322178;LLGC;0,9;16;twomoons;6;1;fastgreedy;0,010123500003828667;200,0;2,0;4,0
2254;0,8571428571428571;0,8570618264322178;LLGC;0,9;16;twomoons;6;1;fastgreedy;0,014689400006318465;200,0;2,0;5,0
2255;0,8392857142857143;0,8392800198419728;LLGC;0,9;16;twomoons;6;1;fastgreedy;0,014940300003217999;200,0;2,0;6,0
2256;0,8571428571428571;0,8571226080793763;LLGC;0,9;16;twomoons;6;1;fastgreedy;0,011933000001590699;200,0;2,0;7,0
2257;0,8571428571428571;0,8569604086845466;LLGC;0,9;16;twomoons;6;1;fastgreedy;0,01464710000436753;200,0;2,0;8,0
2258;0,8571428571428571;0,8570618264322178;LLGC;0,9;16;twomoons;6;1;fastgreedy;0,010584399999061134;200,0;2,0;9,0
2259;0,8511904761904762;0,8511852035573824;LLGC;0,9;16;twomoons;6;1;fastgreedy;0,01133539999864297;200,0;2,0;10,0
2260;0,8690476190476191;0,869029057406095;LLGC;0,9;16;twomoons;6;1;fastgreedy;0,01645680000365246;200,0;2,0;11,0
2261;0,8630952380952381;0,8630903872727917;LLGC;0,9;16;twomoons;6;1;fastgreedy;0,011773800004448276;200,0;2,0;12,0
2262;0,8630952380952381;0,8630903872727917;LLGC;0,9;16;twomoons;6;1;fastgreedy;0,0137449000030756;200,0;2,0;13,0
2263;0,8571428571428571;0,8571428571428571;LLGC;0,9;16;twomoons;6;1;fastgreedy;0,011781199995311908;200,0;2,0;14,0
2264;0,8511904761904762;0,8511430090377459;LLGC;0,9;16;twomoons;6;1;fastgreedy;0,04214049999427516;200,0;2,0;15,0
2265;0,8630952380952381;0,8629738643214299;LLGC;0,9;16;twomoons;6;1;fastgreedy;0,1324982000005548;200,0;2,0;16,0
2266;0,8571428571428571;0,8571428571428571;LLGC;0,9;16;twomoons;6;1;fastgreedy;0,0212554999961867;200,0;2,0;17,0
2267;0,8690476190476191;0,8690476190476191;LLGC;0,9;16;twomoons;6;1;fastgreedy;0,010385499997937586;200,0;2,0;18,0
2268;0,8571428571428571;0,8568181818181818;LLGC;0,9;16;twomoons;6;1;fastgreedy;0,018082700000377372;200,0;2,0;19,0
2269;0,8690476190476191;0,8688803746275011;LLGC;0,9;16;twomoons;6;1;fastgreedy;0,013628200002131052;200,0;2,0;20,0
2270;0,8333333333333334;0,8333097094259391;LLGC;0,9;16;twomoons;6;1;fastgreedy;0,01972550000209594;200,0;2,0;21,0
2271;0,8630952380952381;0,8630515683147262;LLGC;0,9;16;twomoons;6;1;fastgreedy;0,010575099993729964;200,0;2,0;22,0
2272;0,8571428571428571;0,8570618264322178;LLGC;0,9;16;twomoons;6;1;fastgreedy;0,015677600000344682;200,0;2,0;23,0
2273;0,8452380952380952;0,8452161587526577;LLGC;0,9;16;twomoons;6;1;fastgreedy;0,011311700000078417;200,0;2,0;24,0
2274;0,8333333333333334;0,8333097094259391;LLGC;0,9;16;twomoons;6;1;fastgreedy;0,009746299998369068;200,0;2,0;25,0
2275;0,8571428571428571;0,8571226080793763;LLGC;0,9;16;twomoons;6;1;fastgreedy;0,009662099997512996;200,0;2,0;26,0
2276;0,8869047619047619;0,8867080745341616;LLGC;0,9;16;twomoons;6;1;fastgreedy;0,010300900001311675;200,0;2,0;27,0
2277;0,8392857142857143;0,8392800198419728;LLGC;0,9;16;twomoons;6;1;fastgreedy;0,010055500002636109;200,0;2,0;28,0
2278;0,8571428571428571;0,8569604086845466;LLGC;0,9;16;twomoons;6;1;fastgreedy;0,01053150000370806;200,0;2,0;29,0
2279;0,8630952380952381;0,8628571428571428;LLGC;0,9;16;twomoons;6;1;fastgreedy;0,00984980000066571;200,0;2,0;30,0
2280;0,9451219512195121;0,9449561812418422;PhyDL;0,9;18;twomoons;6;1;fastgreedy;3,0742837999932817;200,0;2,0;1,0
2281;0,926829268292683;0,92681838464971;PhyDL;0,9;18;twomoons;6;1;fastgreedy;3,074264499999117;200,0;2,0;2,0
2282;1,0;1,0;PhyDL;0,9;18;twomoons;6;1;fastgreedy;3,0742665999932797;200,0;2,0;3,0
2283;0,9817073170731707;0,9817011938855209;PhyDL;0,9;18;twomoons;6;1;fastgreedy;3,0742731999926036;200,0;2,0;4,0
2284;0,9512195121951219;0,95121225643314;PhyDL;0,9;18;twomoons;6;1;fastgreedy;3,074259200002416;200,0;2,0;5,0
2285;0,9817073170731707;0,9817011938855209;PhyDL;0,9;18;twomoons;6;1;fastgreedy;3,074271499994211;200,0;2,0;6,0
2286;1,0;1,0;PhyDL;0,9;18;twomoons;6;1;fastgreedy;3,0742774000027566;200,0;2,0;7,0
2287;0,926829268292683;0,9264354066985645;PhyDL;0,9;18;twomoons;6;1;fastgreedy;3,0742720999987796;200,0;2,0;8,0
2288;0,9512195121951219;0,95121225643314;PhyDL;0,9;18;twomoons;6;1;fastgreedy;3,0742804999972577;200,0;2,0;9,0
2289;0,8963414634146342;0,8958730158730158;PhyDL;0,9;18;twomoons;6;1;fastgreedy;3,0742609000008088;200,0;2,0;10,0
2290;0,926829268292683;0,9267857142857143;PhyDL;0,9;18;twomoons;6;1;fastgreedy;3,074271299999964;200,0;2,0;11,0
2291;0,9451219512195121;0,9451035816565627;PhyDL;0,9;18;twomoons;6;1;fastgreedy;3,074258699998609;200,0;2,0;12,0
2292;0,9634146341463414;0,9634146341463414;PhyDL;0,9;18;twomoons;6;1;fastgreedy;3,074261199995817;200,0;2,0;13,0
2293;0,8902439024390244;0,8900967982129561;PhyDL;0,9;18;twomoons;6;1;fastgreedy;3,0742574999967474;200,0;2,0;14,0
2294;0,9634146341463414;0,9634146341463414;PhyDL;0,9;18;twomoons;6;1;fastgreedy;3,0742645999998786;200,0;2,0;15,0
2295;0,926829268292683;0,9264354066985645;PhyDL;0,9;18;twomoons;6;1;fastgreedy;3,074268899996241;200,0;2,0;16,0
2296;0,9329268292682927;0,9326237161531279;PhyDL;0,9;18;twomoons;6;1;fastgreedy;3,0742659000025014;200,0;2,0;17,0
2297;0,9695121951219512;0,9694838301514643;PhyDL;0,9;18;twomoons;6;1;fastgreedy;3,074279899999965;200,0;2,0;18,0
2298;0,9695121951219512;0,9694838301514643;PhyDL;0,9;18;twomoons;6;1;fastgreedy;3,0742779999927734;200,0;2,0;19,0
2299;0,9695121951219512;0,9694838301514643;PhyDL;0,9;18;twomoons;6;1;fastgreedy;3,074276600003941;200,0;2,0;20,0
2300;0,9024390243902439;0,90242451286628;PhyDL;0,9;18;twomoons;6;1;fastgreedy;3,074349300004542;200,0;2,0;21,0
2301;0,8780487804878049;0,8780306410828499;PhyDL;0,9;18;twomoons;6;1;fastgreedy;3,0742764999959036;200,0;2,0;22,0
2302;0,9695121951219512;0,9694838301514643;PhyDL;0,9;18;twomoons;6;1;fastgreedy;3,074267999996664;200,0;2,0;23,0
2303;1,0;1,0;PhyDL;0,9;18;twomoons;6;1;fastgreedy;3,0742659000025014;200,0;2,0;24,0
2304;0,8902439024390244;0,8899821109123435;PhyDL;0,9;18;twomoons;6;1;fastgreedy;3,0742686000012327;200,0;2,0;25,0
2305;1,0;1,0;PhyDL;0,9;18;twomoons;6;1;fastgreedy;3,0742576000047848;200,0;2,0;26,0
2306;0,9512195121951219;0,951103160405486;PhyDL;0,9;18;twomoons;6;1;fastgreedy;3,0742591000016546;200,0;2,0;27,0
2307;0,8902439024390244;0,8901785714285715;PhyDL;0,9;18;twomoons;6;1;fastgreedy;3,0742728999975952;200,0;2,0;28,0
2308;0,9817073170731707;0,9817011938855209;PhyDL;0,9;18;twomoons;6;1;fastgreedy;3,074275699997088;200,0;2,0;29,0
2309;0,9817073170731707;0,9817011938855209;PhyDL;0,9;18;twomoons;6;1;fastgreedy;3,074390499998117;200,0;2,0;30,0
2310;0,8658536585365854;0,8658536585365854;LLGC;0,9;18;twomoons;6;1;fastgreedy;0,01121640000201296;200,0;2,0;1,0
2311;0,8536585365853658;0,8535714285714285;LLGC;0,9;18;twomoons;6;1;fastgreedy;0,01109599999472266;200,0;2,0;2,0
2312;0,8719512195121951;0,8717175103363504;LLGC;0,9;18;twomoons;6;1;fastgreedy;0,020163599998340942;200,0;2,0;3,0
2313;0,8780487804878049;0,8779761904761905;LLGC;0,9;18;twomoons;6;1;fastgreedy;0,01239039999927627;200,0;2,0;4,0
2314;0,8353658536585366;0,8353597322922476;LLGC;0,9;18;twomoons;6;1;fastgreedy;0,010403000000223983;200,0;2,0;5,0
2315;0,8658536585365854;0,8657738095238096;LLGC;0,9;18;twomoons;6;1;fastgreedy;0,010875399995711632;200,0;2,0;6,0
2316;0,8719512195121951;0,8719464584495259;LLGC;0,9;18;twomoons;6;1;fastgreedy;0,022571900000912137;200,0;2,0;7,0
2317;0,8475609756097561;0,8465970741198039;LLGC;0,9;18;twomoons;6;1;fastgreedy;0,012048500000673812;200,0;2,0;8,0
2318;0,8536585365853658;0,8536585365853658;LLGC;0,9;18;twomoons;6;1;fastgreedy;0,012751299997034948;200,0;2,0;9,0
2319;0,8475609756097561;0,8474191507573221;LLGC;0,9;18;twomoons;6;1;fastgreedy;0,011896099997102283;200,0;2,0;10,0
2320;0,8536585365853658;0,8534623976172747;LLGC;0,9;18;twomoons;6;1;fastgreedy;0,012556399997265544;200,0;2,0;11,0
2321;0,8536585365853658;0,8535714285714285;LLGC;0,9;18;twomoons;6;1;fastgreedy;0,01036539999768138;200,0;2,0;12,0
2322;0,8414634146341463;0,8414398334077049;LLGC;0,9;18;twomoons;6;1;fastgreedy;0,010269600003084633;200,0;2,0;13,0
2323;0,8475609756097561;0,8475099490460074;LLGC;0,9;18;twomoons;6;1;fastgreedy;0,009883299993816763;200,0;2,0;14,0
2324;0,8597560975609756;0,8597091531223268;LLGC;0,9;18;twomoons;6;1;fastgreedy;0,011052800000470597;200,0;2,0;15,0
2325;0,8536585365853658;0,8536367692994199;LLGC;0,9;18;twomoons;6;1;fastgreedy;0,011202599998796359;200,0;2,0;16,0
2326;0,8475609756097561;0,8472827504004172;LLGC;0,9;18;twomoons;6;1;fastgreedy;0,014680000000225846;200,0;2,0;17,0
2327;0,8780487804878049;0,8779761904761905;LLGC;0,9;18;twomoons;6;1;fastgreedy;0,01427970000077039;200,0;2,0;18,0
2328;0,8597560975609756;0,8597508830637666;LLGC;0,9;18;twomoons;6;1;fastgreedy;0,013524000001780223;200,0;2,0;19,0
2329;0,8658536585365854;0,8657738095238096;LLGC;0,9;18;twomoons;6;1;fastgreedy;0,011188799995579757;200,0;2,0;20,0
2330;0,8353658536585366;0,8353107449696879;LLGC;0,9;18;twomoons;6;1;fastgreedy;0,012925900002301205;200,0;2,0;21,0
2331;0,8170731707317073;0,8168279970215935;LLGC;0,9;18;twomoons;6;1;fastgreedy;0,016061300004366785;200,0;2,0;22,0
2332;0,8719512195121951;0,8719083571986461;LLGC;0,9;18;twomoons;6;1;fastgreedy;0,023627000002306886;200,0;2,0;23,0
2333;0,8841463414634146;0,8841075612749656;LLGC;0,9;18;twomoons;6;1;fastgreedy;0,017406200000550598;200,0;2,0;24,0
2334;0,8475609756097561;0,8474191507573221;LLGC;0,9;18;twomoons;6;1;fastgreedy;0,010370299998612609;200,0;2,0;25,0
2335;0,8841463414634146;0,8841420338352854;LLGC;0,9;18;twomoons;6;1;fastgreedy;0,010963900000206195;200,0;2,0;26,0
2336;0,8658536585365854;0,8655336911150864;LLGC;0,9;18;twomoons;6;1;fastgreedy;0,010529099999985192;200,0;2,0;27,0
2337;0,8475609756097561;0,8475553076780071;LLGC;0,9;18;twomoons;6;1;fastgreedy;0,015107899998838548;200,0;2,0;28,0
2338;0,8841463414634146;0,883934890304317;LLGC;0,9;18;twomoons;6;1;fastgreedy;0,010634999998728745;200,0;2,0;29,0
2339;0,8719512195121951;0,8719464584495259;LLGC;0,9;18;twomoons;6;1;fastgreedy;0,01270239999576006;200,0;2,0;30,0
2340;1,0;1,0;PhyDL;0,9;20;twomoons;6;1;fastgreedy;3,074265399998694;200,0;2,0;1,0
2341;0,875;0,8749218261413383;PhyDL;0,9;20;twomoons;6;1;fastgreedy;3,07426729999861;200,0;2,0;2,0
2342;0,8625;0,8619607843137256;PhyDL;0,9;20;twomoons;6;1;fastgreedy;3,0742652000044473;200,0;2,0;3,0
2343;0,9625;0,9624471913628541;PhyDL;0,9;20;twomoons;6;1;fastgreedy;3,0742592999959015;200,0;2,0;4,0
2344;1,0;1,0;PhyDL;0,9;20;twomoons;6;1;fastgreedy;3,074261200003093;200,0;2,0;5,0
2345;0,95;0,949874686716792;PhyDL;0,9;20;twomoons;6;1;fastgreedy;3,0742772000012337;200,0;2,0;6,0
2346;0,90625;0,9062463377475682;PhyDL;0,9;20;twomoons;6;1;fastgreedy;3,074266000003263;200,0;2,0;7,0
2347;0,925;0,9249882794186592;PhyDL;0,9;20;twomoons;6;1;fastgreedy;3,074292699995567;200,0;2,0;8,0
2348;0,98125;0,9812434058848813;PhyDL;0,9;20;twomoons;6;1;fastgreedy;3,0742757999978494;200,0;2,0;9,0
2349;0,94375;0,9435714565617774;PhyDL;0,9;20;twomoons;6;1;fastgreedy;3,0742737999971723;200,0;2,0;10,0
2350;0,925;0,924894382725708;PhyDL;0,9;20;twomoons;6;1;fastgreedy;3,074264499999117;200,0;2,0;11,0
2351;0,925;0,924894382725708;PhyDL;0,9;20;twomoons;6;1;fastgreedy;3,0742767000047024;200,0;2,0;12,0
2352;0,86875;0,8687038411941699;PhyDL;0,9;20;twomoons;6;1;fastgreedy;3,0742874999996275;200,0;2,0;13,0
2353;0,95625;0,9562482909488652;PhyDL;0,9;20;twomoons;6;1;fastgreedy;3,0742788999996264;200,0;2,0;14,0
2354;0,95;0,9499921862791061;PhyDL;0,9;20;twomoons;6;1;fastgreedy;3,074288700001489;200,0;2,0;15,0
2355;0,9125;0,9122807017543859;PhyDL;0,9;20;twomoons;6;1;fastgreedy;3,0745397999999113;200,0;2,0;16,0
2356;0,93125;0,9311827956989247;PhyDL;0,9;20;twomoons;6;1;fastgreedy;3,0742987999983598;200,0;2,0;17,0
2357;0,96875;0,9687194525904204;PhyDL;0,9;20;twomoons;6;1;fastgreedy;3,07426580000174;200,0;2,0;18,0
2358;0,95625;0,9562482909488652;PhyDL;0,9;20;twomoons;6;1;fastgreedy;3,0742670000036014;200,0;2,0;19,0
2359;0,93125;0,9311827956989247;PhyDL;0,9;20;twomoons;6;1;fastgreedy;3,0742782000015723;200,0;2,0;20,0
2360;0,89375;0,8932454177950468;PhyDL;0,9;20;twomoons;6;1;fastgreedy;3,0742716000022483;200,0;2,0;21,0
2361;0,95625;0,9561660991742007;PhyDL;0,9;20;twomoons;6;1;fastgreedy;3,0742752000005567;200,0;2,0;22,0
2362;0,98125;0,9812434058848813;PhyDL;0,9;20;twomoons;6;1;fastgreedy;3,074258100001316;200,0;2,0;23,0
2363;0,95625;0,9562482909488652;PhyDL;0,9;20;twomoons;6;1;fastgreedy;3,0742777999985265;200,0;2,0;24,0
2364;0,94375;0,9435714565617774;PhyDL;0,9;20;twomoons;6;1;fastgreedy;3,074278799998865;200,0;2,0;25,0
2365;0,925;0,9245757385292269;PhyDL;0,9;20;twomoons;6;1;fastgreedy;3,0742651999971713;200,0;2,0;26,0
2366;0,9125;0,9118249094630766;PhyDL;0,9;20;twomoons;6;1;fastgreedy;3,07435660000192;200,0;2,0;27,0
2367;0,96875;0,9687194525904204;PhyDL;0,9;20;twomoons;6;1;fastgreedy;3,074281699999119;200,0;2,0;28,0
2368;0,875;0,873015873015873;PhyDL;0,9;20;twomoons;6;1;fastgreedy;3,074257599997509;200,0;2,0;29,0
2369;0,94375;0,9435714565617774;PhyDL;0,9;20;twomoons;6;1;fastgreedy;3,0742823999971733;200,0;2,0;30,0
2370;0,88125;0,8812082372709156;LLGC;0,9;20;twomoons;6;1;fastgreedy;0,014128499999060296;200,0;2,0;1,0
2371;0,825;0,825;LLGC;0,9;20;twomoons;6;1;fastgreedy;0,010058799998660106;200,0;2,0;2,0
2372;0,825;0,8248905565978737;LLGC;0,9;20;twomoons;6;1;fastgreedy;0,01348639999923762;200,0;2,0;3,0
2373;0,875;0,8749804656977653;LLGC;0,9;20;twomoons;6;1;fastgreedy;0,013552799995522946;200,0;2,0;4,0
2374;0,88125;0,8810222691871159;LLGC;0,9;20;twomoons;6;1;fastgreedy;0,011954399997193832;200,0;2,0;5,0
2375;0,85625;0,8561994451174242;LLGC;0,9;20;twomoons;6;1;fastgreedy;0,010364399997342844;200,0;2,0;6,0
2376;0,85625;0,8562443845462713;LLGC;0,9;20;twomoons;6;1;fastgreedy;0,016093199999886565;200,0;2,0;7,0
2377;0,88125;0,8810222691871159;LLGC;0,9;20;twomoons;6;1;fastgreedy;0,012693000004219357;200,0;2,0;8,0
2378;0,8625;0,8624785122675418;LLGC;0,9;20;twomoons;6;1;fastgreedy;0,01618869999947492;200,0;2,0;9,0
2379;0,85625;0,8561994451174242;LLGC;0,9;20;twomoons;6;1;fastgreedy;0,010062000001198612;200,0;2,0;10,0
2380;0,8375;0,8374746054070948;LLGC;0,9;20;twomoons;6;1;fastgreedy;0,01017850000062026;200,0;2,0;11,0
2381;0,85;0,8499765588373183;LLGC;0,9;20;twomoons;6;1;fastgreedy;0,010636899998644367;200,0;2,0;12,0
2382;0,825;0,8249726519768714;LLGC;0,9;20;twomoons;6;1;fastgreedy;0,029103100001520943;200,0;2,0;13,0
2383;0,85625;0,8561994451174242;LLGC;0,9;20;twomoons;6;1;fastgreedy;0,053152699998463504;200,0;2,0;14,0
2384;0,8625;0,8623063683304647;LLGC;0,9;20;twomoons;6;1;fastgreedy;0,012274799999431707;200,0;2,0;15,0
2385;0,85;0,8499765588373183;LLGC;0,9;20;twomoons;6;1;fastgreedy;0,01095799999893643;200,0;2,0;16,0
2386;0,83125;0,8312434079456229;LLGC;0,9;20;twomoons;6;1;fastgreedy;0,022342899996147025;200,0;2,0;17,0
2387;0,86875;0,8687448728465956;LLGC;0,9;20;twomoons;6;1;fastgreedy;0,015861499996390194;200,0;2,0;18,0
2388;0,86875;0,8686217008797654;LLGC;0,9;20;twomoons;6;1;fastgreedy;0,011735799998859875;200,0;2,0;19,0
2389;0,85;0,849906191369606;LLGC;0,9;20;twomoons;6;1;fastgreedy;0,010655899997800589;200,0;2,0;20,0
2390;0,84375;0,8436950490406784;LLGC;0,9;20;twomoons;6;1;fastgreedy;0,015012000003480352;200,0;2,0;21,0
2391;0,85625;0,8559743258580877;LLGC;0,9;20;twomoons;6;1;fastgreedy;0,01053939999837894;200,0;2,0;22,0
2392;0,88125;0,8810222691871159;LLGC;0,9;20;twomoons;6;1;fastgreedy;0,012761400001181755;200,0;2,0;23,0
2393;0,85625;0,8562443845462713;LLGC;0,9;20;twomoons;6;1;fastgreedy;0,013342199999897275;200,0;2,0;24,0
2394;0,84375;0,8436950490406784;LLGC;0,9;20;twomoons;6;1;fastgreedy;0,011659299998427741;200,0;2,0;25,0
2395;0,85;0,8499765588373183;LLGC;0,9;20;twomoons;6;1;fastgreedy;0,013571799994679168;200,0;2,0;26,0
2396;0,85;0,849788765451416;LLGC;0,9;20;twomoons;6;1;fastgreedy;0,011274199998297263;200,0;2,0;27,0
2397;0,875;0,8749218261413383;LLGC;0,9;20;twomoons;6;1;fastgreedy;0,016082900001492817;200,0;2,0;28,0
2398;0,85625;0,8552947190436868;LLGC;0,9;20;twomoons;6;1;fastgreedy;0,009903999998641666;200,0;2,0;29,0
2399;0,85;0,849788765451416;LLGC;0,9;20;twomoons;6;1;fastgreedy;0,016484599997056648;200,0;2,0;30,0
2400;0,32346938775510203;0,2977784444878481;PhyDL;0,9;2;mnist;6;1;fastgreedy;416,15125040000567;1000,0;784,0;1,0
2401;0,3989795918367347;0,37736870167533426;PhyDL;0,9;2;mnist;6;1;fastgreedy;416,1489708000008;1000,0;784,0;2,0
2402;0,26326530612244897;0,2578253391668558;PhyDL;0,9;2;mnist;6;1;fastgreedy;416,1490885000021;1000,0;784,0;3,0
2403;0,26326530612244897;0,2641246471614984;PhyDL;0,9;2;mnist;6;1;fastgreedy;416,1491208000007;1000,0;784,0;4,0
2404;0,4051020408163265;0,409698364362749;PhyDL;0,9;2;mnist;6;1;fastgreedy;416,148889600001;1000,0;784,0;5,0
2405;0,33877551020408164;0,35549894402577575;PhyDL;0,9;2;mnist;6;1;fastgreedy;416,1491423999978;1000,0;784,0;6,0
2406;0,3469387755102041;0,35776811964467037;PhyDL;0,9;2;mnist;6;1;fastgreedy;416,14870040000096;1000,0;784,0;7,0
2407;0,35612244897959183;0,372300801180748;PhyDL;0,9;2;mnist;6;1;fastgreedy;416,1485956000033;1000,0;784,0;8,0
2408;0,39285714285714285;0,39947389856573345;PhyDL;0,9;2;mnist;6;1;fastgreedy;416,1492339000033;1000,0;784,0;9,0
2409;0,39081632653061227;0,4062161103793037;PhyDL;0,9;2;mnist;6;1;fastgreedy;416,14884090000123;1000,0;784,0;10,0
2410;0,38877551020408163;0,3828347618936263;PhyDL;0,9;2;mnist;6;1;fastgreedy;416,1490941000011;1000,0;784,0;11,0
2411;0,3224489795918367;0,29215188072000703;PhyDL;0,9;2;mnist;6;1;fastgreedy;416,1497890000028;1000,0;784,0;12,0
2412;0,27448979591836736;0,2804642178746379;PhyDL;0,9;2;mnist;6;1;fastgreedy;416,14904950000346;1000,0;784,0;13,0
2413;0,3806122448979592;0,36939544770925464;PhyDL;0,9;2;mnist;6;1;fastgreedy;416,14936339999986;1000,0;784,0;14,0
2414;0,31326530612244896;0,3246425772516917;PhyDL;0,9;2;mnist;6;1;fastgreedy;416,1490178000022;1000,0;784,0;15,0
2415;0,30612244897959184;0,3040227085161258;PhyDL;0,9;2;mnist;6;1;fastgreedy;416,1488973000014;1000,0;784,0;16,0
2416;0,2673469387755102;0,2762206045069816;PhyDL;0,9;2;mnist;6;1;fastgreedy;416,1487927000053;1000,0;784,0;17,0
2417;0,3153061224489796;0,29829480432077166;PhyDL;0,9;2;mnist;6;1;fastgreedy;416,14966119999735;1000,0;784,0;18,0
2418;0,376530612244898;0,39629412916516327;PhyDL;0,9;2;mnist;6;1;fastgreedy;416,1488726000025;1000,0;784,0;19,0
2419;0,35;0,3625632810098302;PhyDL;0,9;2;mnist;6;1;fastgreedy;416,14902739999525;1000,0;784,0;20,0
2420;0,31326530612244896;0,30401907369133013;PhyDL;0,9;2;mnist;6;1;fastgreedy;416,14877229999547;1000,0;784,0;21,0
2421;0,29591836734693877;0,30107415506032836;PhyDL;0,9;2;mnist;6;1;fastgreedy;416,1488479000036;1000,0;784,0;22,0
2422;0,3183673469387755;0,2916262910538696;PhyDL;0,9;2;mnist;6;1;fastgreedy;416,1494065000006;1000,0;784,0;23,0
2423;0,3489795918367347;0,3440166403232101;PhyDL;0,9;2;mnist;6;1;fastgreedy;416,14938309999707;1000,0;784,0;24,0
2424;0,3112244897959184;0,33857259452936733;PhyDL;0,9;2;mnist;6;1;fastgreedy;416,14931960000104;1000,0;784,0;25,0
2425;0,336734693877551;0,3548222780194056;PhyDL;0,9;2;mnist;6;1;fastgreedy;416,1493890999991;1000,0;784,0;26,0
2426;0,336734693877551;0,3301075614070379;PhyDL;0,9;2;mnist;6;1;fastgreedy;416,149456799998;1000,0;784,0;27,0
2427;0,30918367346938774;0,31321053328075177;PhyDL;0,9;2;mnist;6;1;fastgreedy;416,14924820000306;1000,0;784,0;28,0
2428;0,3653061224489796;0,38379673897165123;PhyDL;0,9;2;mnist;6;1;fastgreedy;416,1489387000038;1000,0;784,0;29,0
2429;0,27448979591836736;0,2681517296277978;PhyDL;0,9;2;mnist;6;1;fastgreedy;416,148846600001;1000,0;784,0;30,0
2430;0,2173469387755102;0,12004385590944733;LLGC;0,9;2;mnist;6;1;fastgreedy;8,008154800001648;1000,0;784,0;1,0
2431;0,23775510204081632;0,14226450979281166;LLGC;0,9;2;mnist;6;1;fastgreedy;5,023984999999811;1000,0;784,0;2,0
2432;0,18061224489795918;0,13152926761069755;LLGC;0,9;2;mnist;6;1;fastgreedy;5,3060287999978755;1000,0;784,0;3,0
2433;0,14081632653061224;0,08847405320585092;LLGC;0,9;2;mnist;6;1;fastgreedy;5,6790504999953555;1000,0;784,0;4,0
2434;0,20204081632653062;0,12749998251657718;LLGC;0,9;2;mnist;6;1;fastgreedy;4,969070499995723;1000,0;784,0;5,0
2435;0,11224489795918367;0,04114951552317126;LLGC;0,9;2;mnist;6;1;fastgreedy;6,029596600004879;1000,0;784,0;6,0
2436;0,19795918367346937;0,09039258936440145;LLGC;0,9;2;mnist;6;1;fastgreedy;4,903906700004882;1000,0;784,0;7,0
2437;0,12448979591836734;0,06215305382353438;LLGC;0,9;2;mnist;6;1;fastgreedy;4,746847099995648;1000,0;784,0;8,0
2438;0,29285714285714287;0,24884897956656774;LLGC;0,9;2;mnist;6;1;fastgreedy;5,081705000004149;1000,0;784,0;9,0
2439;0,20714285714285716;0,1154203817469869;LLGC;0,9;2;mnist;6;1;fastgreedy;4,668657800000801;1000,0;784,0;10,0
2440;0,22040816326530613;0,1108743790731593;LLGC;0,9;2;mnist;6;1;fastgreedy;5,049256600002991;1000,0;784,0;11,0
2441;0,20510204081632652;0,08591717466747611;LLGC;0,9;2;mnist;6;1;fastgreedy;4,586787500003993;1000,0;784,0;12,0
2442;0,10408163265306122;0,026267342484481437;LLGC;0,9;2;mnist;6;1;fastgreedy;4,725861099999747;1000,0;784,0;13,0
2443;0,2193877551020408;0,1292477099891693;LLGC;0,9;2;mnist;6;1;fastgreedy;5,627934000003734;1000,0;784,0;14,0
2444;0,11020408163265306;0,0375725677830941;LLGC;0,9;2;mnist;6;1;fastgreedy;5,0288034999975935;1000,0;784,0;15,0
2445;0,1306122448979592;0,07183325350262736;LLGC;0,9;2;mnist;6;1;fastgreedy;5,005656100001943;1000,0;784,0;16,0
2446;0,12346938775510204;0,061454483757618875;LLGC;0,9;2;mnist;6;1;fastgreedy;4,9524190000011;1000,0;784,0;17,0
2447;0,25612244897959185;0,1807128731070498;LLGC;0,9;2;mnist;6;1;fastgreedy;4,938876200001687;1000,0;784,0;18,0
2448;0,17959183673469387;0,09774120964058071;LLGC;0,9;2;mnist;6;1;fastgreedy;4,728262499993434;1000,0;784,0;19,0
2449;0,20714285714285716;0,10582863285219675;LLGC;0,9;2;mnist;6;1;fastgreedy;4,923828699997102;1000,0;784,0;20,0
2450;0,1377551020408163;0,07217315012787671;LLGC;0,9;2;mnist;6;1;fastgreedy;4,7826291999954265;1000,0;784,0;21,0
2451;0,1377551020408163;0,080574875780522;LLGC;0,9;2;mnist;6;1;fastgreedy;4,701594500002102;1000,0;784,0;22,0
2452;0,23877551020408164;0,13720710463408198;LLGC;0,9;2;mnist;6;1;fastgreedy;4,812131300001056;1000,0;784,0;23,0
2453;0,12244897959183673;0,05614212848891106;LLGC;0,9;2;mnist;6;1;fastgreedy;4,674236499995459;1000,0;784,0;24,0
2454;0,22857142857142856;0,14929398163514077;LLGC;0,9;2;mnist;6;1;fastgreedy;4,715348800003994;1000,0;784,0;25,0
2455;0,1826530612244898;0,14696971912243717;LLGC;0,9;2;mnist;6;1;fastgreedy;4,700683600000048;1000,0;784,0;26,0
2456;0,1653061224489796;0,09803859768375305;LLGC;0,9;2;mnist;6;1;fastgreedy;4,828046999995422;1000,0;784,0;27,0
2457;0,1673469387755102;0,11343499730947668;LLGC;0,9;2;mnist;6;1;fastgreedy;4,854943500002264;1000,0;784,0;28,0
2458;0,14285714285714285;0,09046772945240183;LLGC;0,9;2;mnist;6;1;fastgreedy;4,731487000004563;1000,0;784,0;29,0
2459;0,16224489795918368;0,10996150286620487;LLGC;0,9;2;mnist;6;1;fastgreedy;4,719333599998208;1000,0;784,0;30,0
2460;0,38125;0,39168011924405405;PhyDL;0,9;4;mnist;6;1;fastgreedy;416,14890240000386;1000,0;784,0;1,0
2461;0,4354166666666667;0,4437013183955193;PhyDL;0,9;4;mnist;6;1;fastgreedy;416,1494210999954;1000,0;784,0;2,0
2462;0,390625;0,3856899096452142;PhyDL;0,9;4;mnist;6;1;fastgreedy;416,1491144000029;1000,0;784,0;3,0
2463;0,3614583333333333;0,36670029135830723;PhyDL;0,9;4;mnist;6;1;fastgreedy;416,14893519999896;1000,0;784,0;4,0
2464;0,40520833333333334;0,39849297605277884;PhyDL;0,9;4;mnist;6;1;fastgreedy;416,1490774999984;1000,0;784,0;5,0
2465;0,3958333333333333;0,40006011436534117;PhyDL;0,9;4;mnist;6;1;fastgreedy;416,14885109999886;1000,0;784,0;6,0
2466;0,4239583333333333;0,4246007489523043;PhyDL;0,9;4;mnist;6;1;fastgreedy;416,1494734000007;1000,0;784,0;7,0
2467;0,35833333333333334;0,3476223239315651;PhyDL;0,9;4;mnist;6;1;fastgreedy;416,1488513000004;1000,0;784,0;8,0
2468;0,4010416666666667;0,4101532840285965;PhyDL;0,9;4;mnist;6;1;fastgreedy;416,1495617000037;1000,0;784,0;9,0
2469;0,3625;0,36928346419228664;PhyDL;0,9;4;mnist;6;1;fastgreedy;416,14964870000404;1000,0;784,0;10,0
2470;0,440625;0,4545871035396895;PhyDL;0,9;4;mnist;6;1;fastgreedy;416,1488193999976;1000,0;784,0;11,0
2471;0,3375;0,32430662259534826;PhyDL;0,9;4;mnist;6;1;fastgreedy;416,14914389999467;1000,0;784,0;12,0
2472;0,47604166666666664;0,4669394882533715;PhyDL;0,9;4;mnist;6;1;fastgreedy;416,14880890000495;1000,0;784,0;13,0
2473;0,465625;0,45959152645582735;PhyDL;0,9;4;mnist;6;1;fastgreedy;416,1494337999975;1000,0;784,0;14,0
2474;0,4041666666666667;0,4045935152429281;PhyDL;0,9;4;mnist;6;1;fastgreedy;416,1488043999998;1000,0;784,0;15,0
2475;0,36666666666666664;0,37884569267507673;PhyDL;0,9;4;mnist;6;1;fastgreedy;416,14892880000116;1000,0;784,0;16,0
2476;0,41041666666666665;0,4264175516608705;PhyDL;0,9;4;mnist;6;1;fastgreedy;416,1489029000004;1000,0;784,0;17,0
2477;0,5260416666666666;0,5127335261777649;PhyDL;0,9;4;mnist;6;1;fastgreedy;416,1488385000048;1000,0;784,0;18,0
2478;0,365625;0,36098397206465827;PhyDL;0,9;4;mnist;6;1;fastgreedy;416,14906429999974;1000,0;784,0;19,0
2479;0,3958333333333333;0,4150306037625768;PhyDL;0,9;4;mnist;6;1;fastgreedy;416,1494154000029;1000,0;784,0;20,0
2480;0,47604166666666664;0,4561914383375785;PhyDL;0,9;4;mnist;6;1;fastgreedy;416,1488137999986;1000,0;784,0;21,0
2481;0,39375;0,4048355189565401;PhyDL;0,9;4;mnist;6;1;fastgreedy;416,14883890000056;1000,0;784,0;22,0
2482;0,42604166666666665;0,44503527740121873;PhyDL;0,9;4;mnist;6;1;fastgreedy;416,148901499997;1000,0;784,0;23,0
2483;0,37083333333333335;0,374371471014434;PhyDL;0,9;4;mnist;6;1;fastgreedy;416,1492161999995;1000,0;784,0;24,0
2484;0,45625;0,4687470925604071;PhyDL;0,9;4;mnist;6;1;fastgreedy;416,14951629999996;1000,0;784,0;25,0
2485;0,46145833333333336;0,4579275215423884;PhyDL;0,9;4;mnist;6;1;fastgreedy;416,14885669999785;1000,0;784,0;26,0
2486;0,45625;0,45011311110282487;PhyDL;0,9;4;mnist;6;1;fastgreedy;416,1490146000069;1000,0;784,0;27,0
2487;0,359375;0,35430577466802066;PhyDL;0,9;4;mnist;6;1;fastgreedy;416,1497157000049;1000,0;784,0;28,0
2488;0,4635416666666667;0,47612693086646257;PhyDL;0,9;4;mnist;6;1;fastgreedy;416,14964820000023;1000,0;784,0;29,0
2489;0,4708333333333333;0,46615323487031535;PhyDL;0,9;4;mnist;6;1;fastgreedy;416,14886419999675;1000,0;784,0;30,0
2490;0,10416666666666667;0,026330171559732017;LLGC;0,9;4;mnist;6;1;fastgreedy;4,768163299995649;1000,0;784,0;1,0
2491;0,1625;0,10135332165093076;LLGC;0,9;4;mnist;6;1;fastgreedy;4,806510300004447;1000,0;784,0;2,0
2492;0,15625;0,06774608185815763;LLGC;0,9;4;mnist;6;1;fastgreedy;4,717224399995757;1000,0;784,0;3,0
2493;0,11770833333333333;0,04896918610799907;LLGC;0,9;4;mnist;6;1;fastgreedy;4,750101899997389;1000,0;784,0;4,0
2494;0,18020833333333333;0,0922564878796758;LLGC;0,9;4;mnist;6;1;fastgreedy;4,769598799997766;1000,0;784,0;5,0
2495;0,15520833333333334;0,06102796674225246;LLGC;0,9;4;mnist;6;1;fastgreedy;4,8793880000011995;1000,0;784,0;6,0
2496;0,17395833333333333;0,05990509956664648;LLGC;0,9;4;mnist;6;1;fastgreedy;4,7613958999936585;1000,0;784,0;7,0
2497;0,21145833333333333;0,0985713326102271;LLGC;0,9;4;mnist;6;1;fastgreedy;4,75704979999864;1000,0;784,0;8,0
2498;0,13125;0,07245319335083114;LLGC;0,9;4;mnist;6;1;fastgreedy;4,8237000000008265;1000,0;784,0;9,0
2499;0,11666666666666667;0,05001476056073517;LLGC;0,9;4;mnist;6;1;fastgreedy;4,783883100004459;1000,0;784,0;10,0
2500;0,10208333333333333;0,02234003012578493;LLGC;0,9;4;mnist;6;1;fastgreedy;4,867523699998856;1000,0;784,0;11,0
2501;0,16354166666666667;0,06856878961381682;LLGC;0,9;4;mnist;6;1;fastgreedy;4,673953099998471;1000,0;784,0;12,0
2502;0,234375;0,16081910673113212;LLGC;0,9;4;mnist;6;1;fastgreedy;4,7814695999986725;1000,0;784,0;13,0
2503;0,23229166666666667;0,14621371164528524;LLGC;0,9;4;mnist;6;1;fastgreedy;4,697369200002868;1000,0;784,0;14,0
2504;0,121875;0,05630346811770961;LLGC;0,9;4;mnist;6;1;fastgreedy;4,813408599999093;1000,0;784,0;15,0
2505;0,11979166666666667;0,054686234340534115;LLGC;0,9;4;mnist;6;1;fastgreedy;4,821339399997669;1000,0;784,0;16,0
2506;0,18645833333333334;0,13105107875648214;LLGC;0,9;4;mnist;6;1;fastgreedy;4,727005900000222;1000,0;784,0;17,0
2507;0,18958333333333333;0,1284572263878971;LLGC;0,9;4;mnist;6;1;fastgreedy;4,697674600000028;1000,0;784,0;18,0
2508;0,10833333333333334;0,03343325583344957;LLGC;0,9;4;mnist;6;1;fastgreedy;4,733546800001932;1000,0;784,0;19,0
2509;0,115625;0,04574861935686678;LLGC;0,9;4;mnist;6;1;fastgreedy;4,775973499999964;1000,0;784,0;20,0
2510;0,2833333333333333;0,19070229112834566;LLGC;0,9;4;mnist;6;1;fastgreedy;4,714737499998591;1000,0;784,0;21,0
2511;0,12604166666666666;0,06206376061501802;LLGC;0,9;4;mnist;6;1;fastgreedy;4,713426800000889;1000,0;784,0;22,0
2512;0,140625;0,08685172603108561;LLGC;0,9;4;mnist;6;1;fastgreedy;4,789421100002073;1000,0;784,0;23,0
2513;0,14895833333333333;0,08752709110402739;LLGC;0,9;4;mnist;6;1;fastgreedy;4,868032000005769;1000,0;784,0;24,0
2514;0,13958333333333334;0,09019082547305408;LLGC;0,9;4;mnist;6;1;fastgreedy;4,706801200001792;1000,0;784,0;25,0
2515;0,209375;0,13685680141351167;LLGC;0,9;4;mnist;6;1;fastgreedy;4,703070700001263;1000,0;784,0;26,0
2516;0,25;0,14457474015405292;LLGC;0,9;4;mnist;6;1;fastgreedy;4,691913000002387;1000,0;784,0;27,0
2517;0,10208333333333333;0,022340030125784935;LLGC;0,9;4;mnist;6;1;fastgreedy;4,825822500002687;1000,0;784,0;28,0
2518;0,10208333333333333;0,02229795143863997;LLGC;0,9;4;mnist;6;1;fastgreedy;4,645938699999533;1000,0;784,0;29,0
2519;0,25833333333333336;0,1639767007210194;LLGC;0,9;4;mnist;6;1;fastgreedy;4,763660600001458;1000,0;784,0;30,0
2520;0,5063829787234042;0,5109397216344227;PhyDL;0,9;6;mnist;6;1;fastgreedy;416,149109900005;1000,0;784,0;1,0
2521;0,4425531914893617;0,4369722925059406;PhyDL;0,9;6;mnist;6;1;fastgreedy;416,1493788000007;1000,0;784,0;2,0
2522;0,48936170212765956;0,4783208768385981;PhyDL;0,9;6;mnist;6;1;fastgreedy;416,14906030000566;1000,0;784,0;3,0
2523;0,5138297872340426;0,5064565583973731;PhyDL;0,9;6;mnist;6;1;fastgreedy;416,14883259999624;1000,0;784,0;4,0
2524;0,5340425531914894;0,5319264972161031;PhyDL;0,9;6;mnist;6;1;fastgreedy;416,14877030000207;1000,0;784,0;5,0
2525;0,5170212765957447;0,5207686617083584;PhyDL;0,9;6;mnist;6;1;fastgreedy;416,1500324000008;1000,0;784,0;6,0
2526;0,38085106382978723;0,3895359928106026;PhyDL;0,9;6;mnist;6;1;fastgreedy;416,1487860999987;1000,0;784,0;7,0
2527;0,49148936170212765;0,4976994002319387;PhyDL;0,9;6;mnist;6;1;fastgreedy;416,1488157000058;1000,0;784,0;8,0
2528;0,502127659574468;0,5004792040863072;PhyDL;0,9;6;mnist;6;1;fastgreedy;416,14881470000546;1000,0;784,0;9,0
2529;0,5106382978723404;0,503890728819399;PhyDL;0,9;6;mnist;6;1;fastgreedy;416,1488157999993;1000,0;784,0;10,0
2530;0,5053191489361702;0,5056482102691929;PhyDL;0,9;6;mnist;6;1;fastgreedy;416,14940830000705;1000,0;784,0;11,0
2531;0,46595744680851064;0,46146232665237574;PhyDL;0,9;6;mnist;6;1;fastgreedy;416,1488348999992;1000,0;784,0;12,0
2532;0,44361702127659575;0,4269638964589696;PhyDL;0,9;6;mnist;6;1;fastgreedy;416,14896359999693;1000,0;784,0;13,0
2533;0,5202127659574468;0,5207628489919052;PhyDL;0,9;6;mnist;6;1;fastgreedy;416,14881649999734;1000,0;784,0;14,0
2534;0,4808510638297872;0,47750842373639674;PhyDL;0,9;6;mnist;6;1;fastgreedy;416,14990260000195;1000,0;784,0;15,0
2535;0,4521276595744681;0,4472335185318979;PhyDL;0,9;6;mnist;6;1;fastgreedy;416,14939589999994;1000,0;784,0;16,0
2536;0,5212765957446809;0,5273105264524153;PhyDL;0,9;6;mnist;6;1;fastgreedy;416,1491667999944;1000,0;784,0;17,0
2537;0,42340425531914894;0,41821804051309525;PhyDL;0,9;6;mnist;6;1;fastgreedy;416,14864719999605;1000,0;784,0;18,0
2538;0,5063829787234042;0,5005833385360045;PhyDL;0,9;6;mnist;6;1;fastgreedy;416,1492794000005;1000,0;784,0;19,0
2539;0,425531914893617;0,41780766638009686;PhyDL;0,9;6;mnist;6;1;fastgreedy;416,1487522000025;1000,0;784,0;20,0
2540;0,5531914893617021;0,5519273651592942;PhyDL;0,9;6;mnist;6;1;fastgreedy;416,14859240000806;1000,0;784,0;21,0
2541;0,548936170212766;0,5435807757947624;PhyDL;0,9;6;mnist;6;1;fastgreedy;416,1488911999986;1000,0;784,0;22,0
2542;0,42340425531914894;0,42229865104289016;PhyDL;0,9;6;mnist;6;1;fastgreedy;416,1487428000037;1000,0;784,0;23,0
2543;0,44893617021276594;0,44123538611599145;PhyDL;0,9;6;mnist;6;1;fastgreedy;416,14864800000214;1000,0;784,0;24,0
2544;0,5542553191489362;0,5533360594797813;PhyDL;0,9;6;mnist;6;1;fastgreedy;416,1487916000042;1000,0;784,0;25,0
2545;0,4765957446808511;0,47644661598024457;PhyDL;0,9;6;mnist;6;1;fastgreedy;416,1486412000013;1000,0;784,0;26,0
2546;0,4308510638297872;0,4278280817253156;PhyDL;0,9;6;mnist;6;1;fastgreedy;416,1490307999993;1000,0;784,0;27,0
2547;0,48723404255319147;0,4898199833905895;PhyDL;0,9;6;mnist;6;1;fastgreedy;416,14862910000375;1000,0;784,0;28,0
2548;0,46595744680851064;0,45482233090498597;PhyDL;0,9;6;mnist;6;1;fastgreedy;416,14882470000157;1000,0;784,0;29,0
2549;0,4297872340425532;0,4265298523573783;PhyDL;0,9;6;mnist;6;1;fastgreedy;416,1487492000015;1000,0;784,0;30,0
2550;0,11595744680851064;0,04861998765836747;LLGC;0,9;6;mnist;6;1;fastgreedy;4,7114220000003115;1000,0;784,0;1,0
2551;0,1723404255319149;0,1238883410481352;LLGC;0,9;6;mnist;6;1;fastgreedy;4,845196700000088;1000,0;784,0;2,0
2552;0,19042553191489361;0,12160663985991657;LLGC;0,9;6;mnist;6;1;fastgreedy;4,659753100000671;1000,0;784,0;3,0
2553;0,18404255319148935;0,09749909754196578;LLGC;0,9;6;mnist;6;1;fastgreedy;4,779796399998304;1000,0;784,0;4,0
2554;0,1372340425531915;0,08312437620100917;LLGC;0,9;6;mnist;6;1;fastgreedy;4,718534100000397;1000,0;784,0;5,0
2555;0,16170212765957448;0,1212395325382271;LLGC;0,9;6;mnist;6;1;fastgreedy;4,814554600001429;1000,0;784,0;6,0
2556;0,1425531914893617;0,08814840496109233;LLGC;0,9;6;mnist;6;1;fastgreedy;4,6741139000005205;1000,0;784,0;7,0
2557;0,13297872340425532;0,07103667668038591;LLGC;0,9;6;mnist;6;1;fastgreedy;4,774112200000673;1000,0;784,0;8,0
2558;0,125531914893617;0,06279990405055544;LLGC;0,9;6;mnist;6;1;fastgreedy;4,75626740000007;1000,0;784,0;9,0
2559;0,17340425531914894;0,10627245895058465;LLGC;0,9;6;mnist;6;1;fastgreedy;4,86724750000576;1000,0;784,0;10,0
2560;0,19893617021276597;0,10096892505367994;LLGC;0,9;6;mnist;6;1;fastgreedy;4,769473200001812;1000,0;784,0;11,0
2561;0,17553191489361702;0,09252566620738557;LLGC;0,9;6;mnist;6;1;fastgreedy;4,728192599999602;1000,0;784,0;12,0
2562;0,10531914893617021;0,028622398885916667;LLGC;0,9;6;mnist;6;1;fastgreedy;4,808430499993847;1000,0;784,0;13,0
2563;0,10957446808510639;0,036369516219914674;LLGC;0,9;6;mnist;6;1;fastgreedy;5,123057800003153;1000,0;784,0;14,0
2564;0,1148936170212766;0,04653244274320832;LLGC;0,9;6;mnist;6;1;fastgreedy;5,224035200000799;1000,0;784,0;15,0
2565;0,1723404255319149;0,09322888456909202;LLGC;0,9;6;mnist;6;1;fastgreedy;4,908785899999202;1000,0;784,0;16,0
2566;0,14042553191489363;0,08257033243029628;LLGC;0,9;6;mnist;6;1;fastgreedy;4,437976000001072;1000,0;784,0;17,0
2567;0,15212765957446808;0,10988307791436147;LLGC;0,9;6;mnist;6;1;fastgreedy;4,2747614000036265;1000,0;784,0;18,0
2568;0,13191489361702127;0,07322577881847697;LLGC;0,9;6;mnist;6;1;fastgreedy;4,636527399998158;1000,0;784,0;19,0
2569;0,10425531914893617;0,026629620166922156;LLGC;0,9;6;mnist;6;1;fastgreedy;4,118439500001841;1000,0;784,0;20,0
2570;0,26382978723404255;0,14985726907601243;LLGC;0,9;6;mnist;6;1;fastgreedy;4,2549895999982255;1000,0;784,0;21,0
2571;0,125531914893617;0,061057840977065014;LLGC;0,9;6;mnist;6;1;fastgreedy;4,147323899996991;1000,0;784,0;22,0
2572;0,1074468085106383;0,03241100804591811;LLGC;0,9;6;mnist;6;1;fastgreedy;4,290969800000312;1000,0;784,0;23,0
2573;0,13617021276595745;0,07723280714680358;LLGC;0,9;6;mnist;6;1;fastgreedy;4,275249799997255;1000,0;784,0;24,0
2574;0,18829787234042553;0,1341657437106654;LLGC;0,9;6;mnist;6;1;fastgreedy;4,065995099997963;1000,0;784,0;25,0
2575;0,13617021276595745;0,08129536092307471;LLGC;0,9;6;mnist;6;1;fastgreedy;4,115801799998735;1000,0;784,0;26,0
2576;0,10212765957446808;0,022427580579355365;LLGC;0,9;6;mnist;6;1;fastgreedy;4,142192899998918;1000,0;784,0;27,0
2577;0,11170212765957446;0,04006986548341773;LLGC;0,9;6;mnist;6;1;fastgreedy;4,1238578999982565;1000,0;784,0;28,0
2578;0,20957446808510638;0,15427289987766207;LLGC;0,9;6;mnist;6;1;fastgreedy;4,243723899999168;1000,0;784,0;29,0
2579;0,12234042553191489;0,058281251600385685;LLGC;0,9;6;mnist;6;1;fastgreedy;4,205712700000731;1000,0;784,0;30,0
2580;0,5391304347826087;0,5318489619969635;PhyDL;0,9;8;mnist;6;1;fastgreedy;416,1486717000007;1000,0;784,0;1,0
2581;0,5413043478260869;0,5432926378363999;PhyDL;0,9;8;mnist;6;1;fastgreedy;416,1488320999997;1000,0;784,0;2,0
2582;0,5608695652173913;0,5475003119410079;PhyDL;0,9;8;mnist;6;1;fastgreedy;416,1485637000005;1000,0;784,0;3,0
2583;0,5532608695652174;0,5573327257690603;PhyDL;0,9;8;mnist;6;1;fastgreedy;416,14881140000216;1000,0;784,0;4,0
2584;0,5315217391304348;0,5159532132925502;PhyDL;0,9;8;mnist;6;1;fastgreedy;416,14952520000224;1000,0;784,0;5,0
2585;0,5152173913043478;0,5150755697298149;PhyDL;0,9;8;mnist;6;1;fastgreedy;416,1492070000022;1000,0;784,0;6,0
2586;0,5478260869565217;0,5464871821182549;PhyDL;0,9;8;mnist;6;1;fastgreedy;416,14897219999693;1000,0;784,0;7,0
2587;0,533695652173913;0,5330972946230335;PhyDL;0,9;8;mnist;6;1;fastgreedy;416,148632000004;1000,0;784,0;8,0
2588;0,5391304347826087;0,5374746631631462;PhyDL;0,9;8;mnist;6;1;fastgreedy;416,1485729999986;1000,0;784,0;9,0
2589;0,5760869565217391;0,5775091320590029;PhyDL;0,9;8;mnist;6;1;fastgreedy;416,1491803000026;1000,0;784,0;10,0
2590;0,5097826086956522;0,4992635407886234;PhyDL;0,9;8;mnist;6;1;fastgreedy;416,1488928000035;1000,0;784,0;11,0
2591;0,5782608695652174;0,5561704467647292;PhyDL;0,9;8;mnist;6;1;fastgreedy;416,1492384000012;1000,0;784,0;12,0
2592;0,5097826086956522;0,5159015175627353;PhyDL;0,9;8;mnist;6;1;fastgreedy;416,14865740000096;1000,0;784,0;13,0
2593;0,5239130434782608;0,5135215651441288;PhyDL;0,9;8;mnist;6;1;fastgreedy;416,1490632000059;1000,0;784,0;14,0
2594;0,5402173913043479;0,5310566928109771;PhyDL;0,9;8;mnist;6;1;fastgreedy;416,1486453000034;1000,0;784,0;15,0
2595;0,5543478260869565;0,5530366367384005;PhyDL;0,9;8;mnist;6;1;fastgreedy;416,1486245999986;1000,0;784,0;16,0
2596;0,4945652173913043;0,49242809098917545;PhyDL;0,9;8;mnist;6;1;fastgreedy;416,1486060000025;1000,0;784,0;17,0
2597;0,4706521739130435;0,4571018206890085;PhyDL;0,9;8;mnist;6;1;fastgreedy;416,1487571000034;1000,0;784,0;18,0
2598;0,5163043478260869;0,5212933021292196;PhyDL;0,9;8;mnist;6;1;fastgreedy;416,14872099999775;1000,0;784,0;19,0
2599;0,5293478260869565;0,5148025850682623;PhyDL;0,9;8;mnist;6;1;fastgreedy;416,1487103000036;1000,0;784,0;20,0
2600;0,5652173913043478;0,5525838378788135;PhyDL;0,9;8;mnist;6;1;fastgreedy;416,14909899999475;1000,0;784,0;21,0
2601;0,5239130434782608;0,5164381782794341;PhyDL;0,9;8;mnist;6;1;fastgreedy;416,14967060000345;1000,0;784,0;22,0
2602;0,5728260869565217;0,5497043675547653;PhyDL;0,9;8;mnist;6;1;fastgreedy;416,14856640000653;1000,0;784,0;23,0
2603;0,46630434782608693;0,4458996151729761;PhyDL;0,9;8;mnist;6;1;fastgreedy;416,1486395999964;1000,0;784,0;24,0
2604;0,5152173913043478;0,5157290643374461;PhyDL;0,9;8;mnist;6;1;fastgreedy;416,14858800000366;1000,0;784,0;25,0
2605;0,4467391304347826;0,41599361675562213;PhyDL;0,9;8;mnist;6;1;fastgreedy;416,1486217000056;1000,0;784,0;26,0
2606;0,5554347826086956;0,5511025826675322;PhyDL;0,9;8;mnist;6;1;fastgreedy;416,1487960000013;1000,0;784,0;27,0
2607;0,4717391304347826;0,45918039447218695;PhyDL;0,9;8;mnist;6;1;fastgreedy;416,14919960000407;1000,0;784,0;28,0
2608;0,4489130434782609;0,44625689182952133;PhyDL;0,9;8;mnist;6;1;fastgreedy;416,1486101999981;1000,0;784,0;29,0
2609;0,475;0,4662613697067785;PhyDL;0,9;8;mnist;6;1;fastgreedy;416,14863300000434;1000,0;784,0;30,0
2610;0,13043478260869565;0,06325835037491478;LLGC;0,9;8;mnist;6;1;fastgreedy;4,028249599999981;1000,0;784,0;1,0
2611;0,1;0,01818181818181818;LLGC;0,9;8;mnist;6;1;fastgreedy;4,3023944000015035;1000,0;784,0;2,0
2612;0,10869565217391304;0,03506010023854618;LLGC;0,9;8;mnist;6;1;fastgreedy;4,082441700003983;1000,0;784,0;3,0
2613;0,12173913043478261;0,06007455917031414;LLGC;0,9;8;mnist;6;1;fastgreedy;4,0583196000006865;1000,0;784,0;4,0
2614;0,17391304347826086;0,1115572271145914;LLGC;0,9;8;mnist;6;1;fastgreedy;4,118267199999536;1000,0;784,0;5,0
2615;0,14456521739130435;0,08560537434957934;LLGC;0,9;8;mnist;6;1;fastgreedy;4,303803800001333;1000,0;784,0;6,0
2616;0,14673913043478262;0,0950014858287446;LLGC;0,9;8;mnist;6;1;fastgreedy;4,15069190000213;1000,0;784,0;7,0
2617;0,12608695652173912;0,06589553185159172;LLGC;0,9;8;mnist;6;1;fastgreedy;3,9809519999980694;1000,0;784,0;8,0
2618;0,12282608695652174;0,0571879923235505;LLGC;0,9;8;mnist;6;1;fastgreedy;4,116294899999048;1000,0;784,0;9,0
2619;0,19021739130434784;0,1125204671788802;LLGC;0,9;8;mnist;6;1;fastgreedy;4,306400399997074;1000,0;784,0;10,0
2620;0,1;0,01818181818181818;LLGC;0,9;8;mnist;6;1;fastgreedy;4,1277149000015925;1000,0;784,0;11,0
2621;0,11304347826086956;0,042910638297872346;LLGC;0,9;8;mnist;6;1;fastgreedy;4,304931300001044;1000,0;784,0;12,0
2622;0,14891304347826087;0,1028510446939098;LLGC;0,9;8;mnist;6;1;fastgreedy;3,997180300000764;1000,0;784,0;13,0
2623;0,18369565217391304;0,0984291910596117;LLGC;0,9;8;mnist;6;1;fastgreedy;4,082382799999323;1000,0;784,0;14,0
2624;0,14021739130434782;0,08510178594989995;LLGC;0,9;8;mnist;6;1;fastgreedy;4,039040099996782;1000,0;784,0;15,0
2625;0,13043478260869565;0,07204106484848347;LLGC;0,9;8;mnist;6;1;fastgreedy;4,117213700003049;1000,0;784,0;16,0
2626;0,10652173913043478;0,030750074434228242;LLGC;0,9;8;mnist;6;1;fastgreedy;4,103549600004044;1000,0;784,0;17,0
2627;0,15760869565217392;0,09617110872119665;LLGC;0,9;8;mnist;6;1;fastgreedy;4,0986831999980495;1000,0;784,0;18,0
2628;0,14673913043478262;0,09333474598732427;LLGC;0,9;8;mnist;6;1;fastgreedy;4,059619899999234;1000,0;784,0;19,0
2629;0,11739130434782609;0,04462465763059109;LLGC;0,9;8;mnist;6;1;fastgreedy;4,10411749999912;1000,0;784,0;20,0
2630;0,17608695652173914;0,08176222335387875;LLGC;0,9;8;mnist;6;1;fastgreedy;4,128116599997156;1000,0;784,0;21,0
2631;0,15;0,09823391092131387;LLGC;0,9;8;mnist;6;1;fastgreedy;4,304942000002484;1000,0;784,0;22,0
2632;0,20978260869565218;0,09494596353887719;LLGC;0,9;8;mnist;6;1;fastgreedy;4,003782200001297;1000,0;784,0;23,0
2633;0,11847826086956521;0,05202753797559408;LLGC;0,9;8;mnist;6;1;fastgreedy;4,090736600002856;1000,0;784,0;24,0
2634;0,20326086956521738;0,16470652239326938;LLGC;0,9;8;mnist;6;1;fastgreedy;4,080272600003809;1000,0;784,0;25,0
2635;0,12065217391304348;0,05219542251948957;LLGC;0,9;8;mnist;6;1;fastgreedy;4,073622299998533;1000,0;784,0;26,0
2636;0,1641304347826087;0,08208278250628982;LLGC;0,9;8;mnist;6;1;fastgreedy;4,055488099998911;1000,0;784,0;27,0
2637;0,11956521739130435;0,05222597736937359;LLGC;0,9;8;mnist;6;1;fastgreedy;4,615311100002145;1000,0;784,0;28,0
2638;0,14021739130434782;0,07457333573086825;LLGC;0,9;8;mnist;6;1;fastgreedy;4,038863200003107;1000,0;784,0;29,0
2639;0,11630434782608695;0,04937186117951199;LLGC;0,9;8;mnist;6;1;fastgreedy;4,064829100003408;1000,0;784,0;30,0
2640;0,5411111111111111;0,5280418692524902;PhyDL;0,9;10;mnist;6;1;fastgreedy;416,14863519999926;1000,0;784,0;1,0
2641;0,5011111111111111;0,5009113539261499;PhyDL;0,9;10;mnist;6;1;fastgreedy;416,1486255999989;1000,0;784,0;2,0
2642;0,5466666666666666;0,5301115606948144;PhyDL;0,9;10;mnist;6;1;fastgreedy;416,14869400000316;1000,0;784,0;3,0
2643;0,5977777777777777;0,5966905989247013;PhyDL;0,9;10;mnist;6;1;fastgreedy;416,1488173999969;1000,0;784,0;4,0
2644;0,5611111111111111;0,5625618039483911;PhyDL;0,9;10;mnist;6;1;fastgreedy;416,149021899997;1000,0;784,0;5,0
2645;0,5522222222222222;0,5504733892794366;PhyDL;0,9;10;mnist;6;1;fastgreedy;416,1486489000017;1000,0;784,0;6,0
2646;0,59;0,5947661600110827;PhyDL;0,9;10;mnist;6;1;fastgreedy;416,14857889999985;1000,0;784,0;7,0
2647;0,62;0,6086128223229169;PhyDL;0,9;10;mnist;6;1;fastgreedy;416,14919940000254;1000,0;784,0;8,0
2648;0,5944444444444444;0,5884796297849576;PhyDL;0,9;10;mnist;6;1;fastgreedy;416,14871209999546;1000,0;784,0;9,0
2649;0,53;0,5328774622393218;PhyDL;0,9;10;mnist;6;1;fastgreedy;416,14871769999445;1000,0;784,0;10,0
2650;0,5977777777777777;0,5963940025470983;PhyDL;0,9;10;mnist;6;1;fastgreedy;416,1487715999974;1000,0;784,0;11,0
2651;0,5677777777777778;0,5631458994413613;PhyDL;0,9;10;mnist;6;1;fastgreedy;416,14918350000517;1000,0;784,0;12,0
2652;0,6222222222222222;0,6209412923549937;PhyDL;0,9;10;mnist;6;1;fastgreedy;416,14899349999905;1000,0;784,0;13,0
2653;0,56;0,5589500655413638;PhyDL;0,9;10;mnist;6;1;fastgreedy;416,14877590000106;1000,0;784,0;14,0
2654;0,5633333333333334;0,5625940141430807;PhyDL;0,9;10;mnist;6;1;fastgreedy;416,14919240000745;1000,0;784,0;15,0
2655;0,5144444444444445;0,511927253491994;PhyDL;0,9;10;mnist;6;1;fastgreedy;416,1486412999948;1000,0;784,0;16,0
2656;0,5711111111111111;0,5639906459663616;PhyDL;0,9;10;mnist;6;1;fastgreedy;416,14885859999777;1000,0;784,0;17,0
2657;0,53;0,5207264460979891;PhyDL;0,9;10;mnist;6;1;fastgreedy;416,1490813000055;1000,0;784,0;18,0
2658;0,5788888888888889;0,5746820007796843;PhyDL;0,9;10;mnist;6;1;fastgreedy;416,14894520000234;1000,0;784,0;19,0
2659;0,55;0,5524309528657483;PhyDL;0,9;10;mnist;6;1;fastgreedy;416,1491421000028;1000,0;784,0;20,0
2660;0,5422222222222223;0,5372135794827633;PhyDL;0,9;10;mnist;6;1;fastgreedy;416,1491762000005;1000,0;784,0;21,0
2661;0,5288888888888889;0,5286145959056185;PhyDL;0,9;10;mnist;6;1;fastgreedy;416,1490503000023;1000,0;784,0;22,0
2662;0,5755555555555556;0,5745846077772875;PhyDL;0,9;10;mnist;6;1;fastgreedy;416,1493743000028;1000,0;784,0;23,0
2663;0,5922222222222222;0,5975867455186112;PhyDL;0,9;10;mnist;6;1;fastgreedy;416,1486647999991;1000,0;784,0;24,0
2664;0,5666666666666667;0,5571267661239804;PhyDL;0,9;10;mnist;6;1;fastgreedy;416,14863779999723;1000,0;784,0;25,0
2665;0,4777777777777778;0,468476083208774;PhyDL;0,9;10;mnist;6;1;fastgreedy;416,14875530000427;1000,0;784,0;26,0
2666;0,5155555555555555;0,5155062477927815;PhyDL;0,9;10;mnist;6;1;fastgreedy;416,1486685999989;1000,0;784,0;27,0
2667;0,5377777777777778;0,5336325433067624;PhyDL;0,9;10;mnist;6;1;fastgreedy;416,14861469999596;1000,0;784,0;28,0
2668;0,5233333333333333;0,5279963967838758;PhyDL;0,9;10;mnist;6;1;fastgreedy;416,1486433999962;1000,0;784,0;29,0
2669;0,5244444444444445;0,5219155135789163;PhyDL;0,9;10;mnist;6;1;fastgreedy;416,14863019999757;1000,0;784,0;30,0
2670;0,1622222222222222;0,0683016006915739;LLGC;0,9;10;mnist;6;1;fastgreedy;4,145276100003684;1000,0;784,0;1,0
2671;0,1388888888888889;0,08630224665874067;LLGC;0,9;10;mnist;6;1;fastgreedy;4,08481309999479;1000,0;784,0;2,0
2672;0,12555555555555556;0,06522674985313676;LLGC;0,9;10;mnist;6;1;fastgreedy;4,070813500002259;1000,0;784,0;3,0
2673;0,10444444444444445;0,026713308108315143;LLGC;0,9;10;mnist;6;1;fastgreedy;4,106528200005414;1000,0;784,0;4,0
2674;0,10888888888888888;0,035489992299104;LLGC;0,9;10;mnist;6;1;fastgreedy;4,853272599997581;1000,0;784,0;5,0
2675;0,11222222222222222;0,04168554726393105;LLGC;0,9;10;mnist;6;1;fastgreedy;4,056549100001575;1000,0;784,0;6,0
2676;0,19555555555555557;0,11538924122276766;LLGC;0,9;10;mnist;6;1;fastgreedy;4,0578392000024905;1000,0;784,0;7,0
2677;0,14888888888888888;0,0807759523744441;LLGC;0,9;10;mnist;6;1;fastgreedy;4,122763899998972;1000,0;784,0;8,0
2678;0,12333333333333334;0,061414168005066584;LLGC;0,9;10;mnist;6;1;fastgreedy;4,351286500001152;1000,0;784,0;9,0
2679;0,11444444444444445;0,04394139602240828;LLGC;0,9;10;mnist;6;1;fastgreedy;4,058346400001028;1000,0;784,0;10,0
2680;0,12111111111111111;0,05652465698946113;LLGC;0,9;10;mnist;6;1;fastgreedy;4,270916800000123;1000,0;784,0;11,0
2681;0,12;0,05366843955277038;LLGC;0,9;10;mnist;6;1;fastgreedy;4,296699900005478;1000,0;784,0;12,0
2682;0,14666666666666667;0,09911404803421783;LLGC;0,9;10;mnist;6;1;fastgreedy;4,427183100000548;1000,0;784,0;13,0
2683;0,16;0,06296791443850266;LLGC;0,9;10;mnist;6;1;fastgreedy;3,9875338999991072;1000,0;784,0;14,0
2684;0,13444444444444445;0,07613495110030125;LLGC;0,9;10;mnist;6;1;fastgreedy;4,13540600000124;1000,0;784,0;15,0
2685;0,12333333333333334;0,054323818953408265;LLGC;0,9;10;mnist;6;1;fastgreedy;4,150494700006675;1000,0;784,0;16,0
2686;0,14777777777777779;0,0965269758025469;LLGC;0,9;10;mnist;6;1;fastgreedy;4,169826899997133;1000,0;784,0;17,0
2687;0,17666666666666667;0,1147897378479287;LLGC;0,9;10;mnist;6;1;fastgreedy;4,457616099993174;1000,0;784,0;18,0
2688;0,1;0,01818181818181818;LLGC;0,9;10;mnist;6;1;fastgreedy;4,099948000002769;1000,0;784,0;19,0
2689;0,10444444444444445;0,026766216391178627;LLGC;0,9;10;mnist;6;1;fastgreedy;4,659021500003291;1000,0;784,0;20,0
2690;0,10444444444444445;0,026904993194334294;LLGC;0,9;10;mnist;6;1;fastgreedy;4,659213399994769;1000,0;784,0;21,0
2691;0,1388888888888889;0,08057230642751197;LLGC;0,9;10;mnist;6;1;fastgreedy;4,864012800004275;1000,0;784,0;22,0
2692;0,15888888888888889;0,11312313323204023;LLGC;0,9;10;mnist;6;1;fastgreedy;4,913404900005844;1000,0;784,0;23,0
2693;0,11333333333333333;0,04088628762541806;LLGC;0,9;10;mnist;6;1;fastgreedy;5,233780299997306;1000,0;784,0;24,0
2694;0,14666666666666667;0,07802667920314979;LLGC;0,9;10;mnist;6;1;fastgreedy;4,516205400002946;1000,0;784,0;25,0
2695;0,1288888888888889;0,06782925252855143;LLGC;0,9;10;mnist;6;1;fastgreedy;4,2649944000004325;1000,0;784,0;26,0
2696;0,12666666666666668;0,06582894673444314;LLGC;0,9;10;mnist;6;1;fastgreedy;4,276233800002956;1000,0;784,0;27,0
2697;0,15222222222222223;0,08801113510724257;LLGC;0,9;10;mnist;6;1;fastgreedy;4,549620199999481;1000,0;784,0;28,0
2698;0,12111111111111111;0,056686551253363957;LLGC;0,9;10;mnist;6;1;fastgreedy;4,0909993999957805;1000,0;784,0;29,0
2699;0,11444444444444445;0,04633847712917947;LLGC;0,9;10;mnist;6;1;fastgreedy;4,065863999996509;1000,0;784,0;30,0
2700;0,5602272727272727;0,5477984722461733;PhyDL;0,9;12;mnist;6;1;fastgreedy;416,14863859999605;1000,0;784,0;1,0
2701;0,5886363636363636;0,5802938349786354;PhyDL;0,9;12;mnist;6;1;fastgreedy;416,1486135000014;1000,0;784,0;2,0
2702;0,6170454545454546;0,6145159015108476;PhyDL;0,9;12;mnist;6;1;fastgreedy;416,14862330000324;1000,0;784,0;3,0
2703;0,5772727272727273;0,5775553122182524;PhyDL;0,9;12;mnist;6;1;fastgreedy;416,14905480000016;1000,0;784,0;4,0
2704;0,6443181818181818;0,6437851202139578;PhyDL;0,9;12;mnist;6;1;fastgreedy;416,1492056999996;1000,0;784,0;5,0
2705;0,525;0,5215372421862161;PhyDL;0,9;12;mnist;6;1;fastgreedy;416,1491739000048;1000,0;784,0;6,0
2706;0,5727272727272728;0,5755329021802005;PhyDL;0,9;12;mnist;6;1;fastgreedy;416,1486506000001;1000,0;784,0;7,0
2707;0,5590909090909091;0,5602938630092134;PhyDL;0,9;12;mnist;6;1;fastgreedy;416,1489292000042;1000,0;784,0;8,0
2708;0,5840909090909091;0,5819821509780215;PhyDL;0,9;12;mnist;6;1;fastgreedy;416,1486223999964;1000,0;784,0;9,0
2709;0,5920454545454545;0,5867520376535094;PhyDL;0,9;12;mnist;6;1;fastgreedy;416,14929960000154;1000,0;784,0;10,0
2710;0,5545454545454546;0,5509138135834994;PhyDL;0,9;12;mnist;6;1;fastgreedy;416,1486844000028;1000,0;784,0;11,0
2711;0,6045454545454545;0,6005090711579888;PhyDL;0,9;12;mnist;6;1;fastgreedy;416,14916580000136;1000,0;784,0;12,0
2712;0,55;0,5455244161397446;PhyDL;0,9;12;mnist;6;1;fastgreedy;416,1486395000029;1000,0;784,0;13,0
2713;0,5329545454545455;0,5194866291335203;PhyDL;0,9;12;mnist;6;1;fastgreedy;416,1486278999946;1000,0;784,0;14,0
2714;0,5840909090909091;0,5822976394519286;PhyDL;0,9;12;mnist;6;1;fastgreedy;416,14863250000053;1000,0;784,0;15,0
2715;0,5727272727272728;0,5728395002442351;PhyDL;0,9;12;mnist;6;1;fastgreedy;416,1486730000033;1000,0;784,0;16,0
2716;0,6102272727272727;0,6124392907740642;PhyDL;0,9;12;mnist;6;1;fastgreedy;416,1487275999971;1000,0;784,0;17,0
2717;0,5545454545454546;0,5383679499157393;PhyDL;0,9;12;mnist;6;1;fastgreedy;416,14873230000376;1000,0;784,0;18,0
2718;0,5954545454545455;0,5930391391035681;PhyDL;0,9;12;mnist;6;1;fastgreedy;416,1489131000053;1000,0;784,0;19,0
2719;0,5897727272727272;0,5891936151769579;PhyDL;0,9;12;mnist;6;1;fastgreedy;416,14881949999835;1000,0;784,0;20,0
2720;0,6238636363636364;0,6229989385430378;PhyDL;0,9;12;mnist;6;1;fastgreedy;416,1486514999997;1000,0;784,0;21,0
2721;0,6102272727272727;0,6033430183370883;PhyDL;0,9;12;mnist;6;1;fastgreedy;416,14863680000417;1000,0;784,0;22,0
2722;0,5886363636363636;0,5749630201593876;PhyDL;0,9;12;mnist;6;1;fastgreedy;416,1495858000053;1000,0;784,0;23,0
2723;0,6011363636363637;0,5894073581311897;PhyDL;0,9;12;mnist;6;1;fastgreedy;416,1486873000031;1000,0;784,0;24,0
2724;0,5556818181818182;0,553796683342957;PhyDL;0,9;12;mnist;6;1;fastgreedy;416,1486414999963;1000,0;784,0;25,0
2725;0,5852272727272727;0,5671279219606126;PhyDL;0,9;12;mnist;6;1;fastgreedy;416,1486972999992;1000,0;784,0;26,0
2726;0,5727272727272728;0,5729897928126063;PhyDL;0,9;12;mnist;6;1;fastgreedy;416,14907759999915;1000,0;784,0;27,0
2727;0,5636363636363636;0,552630749218654;PhyDL;0,9;12;mnist;6;1;fastgreedy;416,1493088000061;1000,0;784,0;28,0
2728;0,5727272727272728;0,5605698338434275;PhyDL;0,9;12;mnist;6;1;fastgreedy;416,14866520000214;1000,0;784,0;29,0
2729;0,5795454545454546;0,568174474825551;PhyDL;0,9;12;mnist;6;1;fastgreedy;416,1491395999983;1000,0;784,0;30,0
2730;0,15454545454545454;0,10821385744356707;LLGC;0,9;12;mnist;6;1;fastgreedy;4,099267999998119;1000,0;784,0;1,0
2731;0,11818181818181818;0,052854319421382245;LLGC;0,9;12;mnist;6;1;fastgreedy;4,0707180999961565;1000,0;784,0;2,0
2732;0,10795454545454546;0,03394471790594743;LLGC;0,9;12;mnist;6;1;fastgreedy;4,099771099994541;1000,0;784,0;3,0
2733;0,12045454545454545;0,057133408314481805;LLGC;0,9;12;mnist;6;1;fastgreedy;4,142003699998895;1000,0;784,0;4,0
2734;0,13522727272727272;0,07467869932664445;LLGC;0,9;12;mnist;6;1;fastgreedy;4,361478999999235;1000,0;784,0;5,0
2735;0,12272727272727273;0,05968176040524799;LLGC;0,9;12;mnist;6;1;fastgreedy;3,9791089999998803;1000,0;784,0;6,0
2736;0,2215909090909091;0,14706996338366862;LLGC;0,9;12;mnist;6;1;fastgreedy;4,081012199996621;1000,0;784,0;7,0
2737;0,14772727272727273;0,09608090171372798;LLGC;0,9;12;mnist;6;1;fastgreedy;4,1870437999969;1000,0;784,0;8,0
2738;0,15;0,10524018287891683;LLGC;0,9;12;mnist;6;1;fastgreedy;4,080317699997977;1000,0;784,0;9,0
2739;0,1375;0,08717429077025914;LLGC;0,9;12;mnist;6;1;fastgreedy;4,065810899999633;1000,0;784,0;10,0
2740;0,12840909090909092;0,0627097257013377;LLGC;0,9;12;mnist;6;1;fastgreedy;4,080071199998201;1000,0;784,0;11,0
2741;0,13977272727272727;0,08740986492876716;LLGC;0,9;12;mnist;6;1;fastgreedy;4,04329300000245;1000,0;784,0;12,0
2742;0,1215909090909091;0,05643986939113912;LLGC;0,9;12;mnist;6;1;fastgreedy;4,3839049999951385;1000,0;784,0;13,0
2743;0,10568181818181818;0,02931407118323006;LLGC;0,9;12;mnist;6;1;fastgreedy;4,004187300000922;1000,0;784,0;14,0
2744;0,10795454545454546;0,03355472422279153;LLGC;0,9;12;mnist;6;1;fastgreedy;4,0497316000037245;1000,0;784,0;15,0
2745;0,12613636363636363;0,056903668906487015;LLGC;0,9;12;mnist;6;1;fastgreedy;4,067477200005669;1000,0;784,0;16,0
2746;0,12727272727272726;0,06400657684678114;LLGC;0,9;12;mnist;6;1;fastgreedy;4,032123099997989;1000,0;784,0;17,0
2747;0,16363636363636364;0,08837359649459949;LLGC;0,9;12;mnist;6;1;fastgreedy;4,0442293000014615;1000,0;784,0;18,0
2748;0,1715909090909091;0,08912247293692452;LLGC;0,9;12;mnist;6;1;fastgreedy;4,070951399997284;1000,0;784,0;19,0
2749;0,125;0,06013607022229965;LLGC;0,9;12;mnist;6;1;fastgreedy;4,051801299996441;1000,0;784,0;20,0
2750;0,2034090909090909;0,12484536052389432;LLGC;0,9;12;mnist;6;1;fastgreedy;4,1636483000038425;1000,0;784,0;21,0
2751;0,15113636363636362;0,09782924647254498;LLGC;0,9;12;mnist;6;1;fastgreedy;4,039841400001023;1000,0;784,0;22,0
2752;0,1215909090909091;0,05380913410925314;LLGC;0,9;12;mnist;6;1;fastgreedy;4,19469730000128;1000,0;784,0;23,0
2753;0,1159090909090909;0,048440714178522734;LLGC;0,9;12;mnist;6;1;fastgreedy;4,3609909000006155;1000,0;784,0;24,0
2754;0,11818181818181818;0,05244826720228283;LLGC;0,9;12;mnist;6;1;fastgreedy;4,015357199998107;1000,0;784,0;25,0
2755;0,13636363636363635;0,08096774689117388;LLGC;0,9;12;mnist;6;1;fastgreedy;4,042194899993774;1000,0;784,0;26,0
2756;0,15454545454545454;0,09867871741411172;LLGC;0,9;12;mnist;6;1;fastgreedy;4,071270100001129;1000,0;784,0;27,0
2757;0,10227272727272728;0,022633946364516315;LLGC;0,9;12;mnist;6;1;fastgreedy;4,496496499996283;1000,0;784,0;28,0
2758;0,15795454545454546;0,1149703233239503;LLGC;0,9;12;mnist;6;1;fastgreedy;4,7318440999952145;1000,0;784,0;29,0
2759;0,1431818181818182;0,0670167092551428;LLGC;0,9;12;mnist;6;1;fastgreedy;4,524451199999021;1000,0;784,0;30,0
2760;0,5930232558139535;0,5913272662643316;PhyDL;0,9;14;mnist;6;1;fastgreedy;416,1486042999968;1000,0;784,0;1,0
2761;0,6162790697674418;0,6122198481233241;PhyDL;0,9;14;mnist;6;1;fastgreedy;416,1486311000044;1000,0;784,0;2,0
2762;0,6209302325581395;0,6165758648848971;PhyDL;0,9;14;mnist;6;1;fastgreedy;416,1487036000035;1000,0;784,0;3,0
2763;0,6;0,5960975573415129;PhyDL;0,9;14;mnist;6;1;fastgreedy;416,14863460000197;1000,0;784,0;4,0
2764;0,6511627906976745;0,6490582090377256;PhyDL;0,9;14;mnist;6;1;fastgreedy;416,148632599994;1000,0;784,0;5,0
2765;0,6034883720930233;0,6104011243694989;PhyDL;0,9;14;mnist;6;1;fastgreedy;416,1492944000056;1000,0;784,0;6,0
2766;0,5848837209302326;0,5841931076997426;PhyDL;0,9;14;mnist;6;1;fastgreedy;416,1486728999953;1000,0;784,0;7,0
2767;0,5941860465116279;0,5944549326160089;PhyDL;0,9;14;mnist;6;1;fastgreedy;416,1487407999957;1000,0;784,0;8,0
2768;0,5976744186046512;0,5976294425526917;PhyDL;0,9;14;mnist;6;1;fastgreedy;416,1492892000024;1000,0;784,0;9,0
2769;0,5755813953488372;0,5738255001547835;PhyDL;0,9;14;mnist;6;1;fastgreedy;416,14879010000004;1000,0;784,0;10,0
2770;0,6139534883720931;0,6145950421280266;PhyDL;0,9;14;mnist;6;1;fastgreedy;416,14864769999986;1000,0;784,0;11,0
2771;0,6488372093023256;0,6543442625537581;PhyDL;0,9;14;mnist;6;1;fastgreedy;416,14923070000077;1000,0;784,0;12,0
2772;0,5883720930232558;0,586718614869383;PhyDL;0,9;14;mnist;6;1;fastgreedy;416,14920939999865;1000,0;784,0;13,0
2773;0,6325581395348837;0,6304097977319023;PhyDL;0,9;14;mnist;6;1;fastgreedy;416,1486569999979;1000,0;784,0;14,0
2774;0,6151162790697674;0,595897259895254;PhyDL;0,9;14;mnist;6;1;fastgreedy;416,14874569999665;1000,0;784,0;15,0
2775;0,5790697674418605;0,5822230531224968;PhyDL;0,9;14;mnist;6;1;fastgreedy;416,1486029000007;1000,0;784,0;16,0
2776;0,5965116279069768;0,5936777131710633;PhyDL;0,9;14;mnist;6;1;fastgreedy;416,14943920000223;1000,0;784,0;17,0
2777;0,6104651162790697;0,6055505713541646;PhyDL;0,9;14;mnist;6;1;fastgreedy;416,14934450000146;1000,0;784,0;18,0
2778;0,6267441860465116;0,6250139107987256;PhyDL;0,9;14;mnist;6;1;fastgreedy;416,1498921999955;1000,0;784,0;19,0
2779;0,6104651162790697;0,6041943043087794;PhyDL;0,9;14;mnist;6;1;fastgreedy;416,14883640000335;1000,0;784,0;20,0
2780;0,5767441860465117;0,5753531275833474;PhyDL;0,9;14;mnist;6;1;fastgreedy;416,1489980999977;1000,0;784,0;21,0
2781;0,5686046511627907;0,5712641333437606;PhyDL;0,9;14;mnist;6;1;fastgreedy;416,14927650000027;1000,0;784,0;22,0
2782;0,6104651162790697;0,6116901224970264;PhyDL;0,9;14;mnist;6;1;fastgreedy;416,1486565000014;1000,0;784,0;23,0
2783;0,5965116279069768;0,5908464871753125;PhyDL;0,9;14;mnist;6;1;fastgreedy;416,14862659999926;1000,0;784,0;24,0
2784;0,5732558139534883;0,5586784549583105;PhyDL;0,9;14;mnist;6;1;fastgreedy;416,14862909999647;1000,0;784,0;25,0
2785;0,6011627906976744;0,5954614336914681;PhyDL;0,9;14;mnist;6;1;fastgreedy;416,1486264999985;1000,0;784,0;26,0
2786;0,6488372093023256;0,646240063711038;PhyDL;0,9;14;mnist;6;1;fastgreedy;416,148640600004;1000,0;784,0;27,0
2787;0,586046511627907;0,5802177946198487;PhyDL;0,9;14;mnist;6;1;fastgreedy;416,1486251000024;1000,0;784,0;28,0
2788;0,6174418604651163;0,6099051581464698;PhyDL;0,9;14;mnist;6;1;fastgreedy;416,14867100000265;1000,0;784,0;29,0
2789;0,5662790697674419;0,5640642326960903;PhyDL;0,9;14;mnist;6;1;fastgreedy;416,14863519999926;1000,0;784,0;30,0
2790;0,10232558139534884;0,022818040132476132;LLGC;0,9;14;mnist;6;1;fastgreedy;4,014115999998467;1000,0;784,0;1,0
2791;0,13488372093023257;0,07604878392336537;LLGC;0,9;14;mnist;6;1;fastgreedy;4,119393100001616;1000,0;784,0;2,0
2792;0,10348837209302325;0,024871833798507548;LLGC;0,9;14;mnist;6;1;fastgreedy;4,183592699999281;1000,0;784,0;3,0
2793;0,13372093023255813;0,07281930467786361;LLGC;0,9;14;mnist;6;1;fastgreedy;4,051523800000723;1000,0;784,0;4,0
2794;0,14186046511627906;0,08071919239760102;LLGC;0,9;14;mnist;6;1;fastgreedy;4,106518500004313;1000,0;784,0;5,0
2795;0,11744186046511627;0,04877360889909503;LLGC;0,9;14;mnist;6;1;fastgreedy;4,203879000000597;1000,0;784,0;6,0
2796;0,13837209302325582;0,08122628106108282;LLGC;0,9;14;mnist;6;1;fastgreedy;4,256231799998204;1000,0;784,0;7,0
2797;0,13837209302325582;0,08115463647882408;LLGC;0,9;14;mnist;6;1;fastgreedy;3,9927803999962634;1000,0;784,0;8,0
2798;0,13953488372093023;0,06873313291583656;LLGC;0,9;14;mnist;6;1;fastgreedy;4,833846200002881;1000,0;784,0;9,0
2799;0,11395348837209303;0,04414559906252732;LLGC;0,9;14;mnist;6;1;fastgreedy;4,24584429999959;1000,0;784,0;10,0
2800;0,15232558139534882;0,08827575679293583;LLGC;0,9;14;mnist;6;1;fastgreedy;4,128796400000283;1000,0;784,0;11,0
2801;0,13604651162790699;0,0802111774861688;LLGC;0,9;14;mnist;6;1;fastgreedy;4,3995894999970915;1000,0;784,0;12,0
2802;0,10232558139534884;0,022818040132476132;LLGC;0,9;14;mnist;6;1;fastgreedy;4,351651899996796;1000,0;784,0;13,0
2803;0,15348837209302327;0,09030951761951048;LLGC;0,9;14;mnist;6;1;fastgreedy;4,217722000001231;1000,0;784,0;14,0
2804;0,11046511627906977;0,03814150807152513;LLGC;0,9;14;mnist;6;1;fastgreedy;4,16747910000413;1000,0;784,0;15,0
2805;0,1127906976744186;0,04186728836595984;LLGC;0,9;14;mnist;6;1;fastgreedy;4,061316300001636;1000,0;784,0;16,0
2806;0,1186046511627907;0,053579759136725545;LLGC;0,9;14;mnist;6;1;fastgreedy;4,612040600004548;1000,0;784,0;17,0
2807;0,14186046511627906;0,08971717265640713;LLGC;0,9;14;mnist;6;1;fastgreedy;4,875039599995944;1000,0;784,0;18,0
2808;0,11976744186046512;0,05080591378765821;LLGC;0,9;14;mnist;6;1;fastgreedy;5,108572999997705;1000,0;784,0;19,0
2809;0,11627906976744186;0,04887930583148786;LLGC;0,9;14;mnist;6;1;fastgreedy;4,934663799998816;1000,0;784,0;20,0
2810;0,1313953488372093;0,061314467378540606;LLGC;0,9;14;mnist;6;1;fastgreedy;7,5688890000019455;1000,0;784,0;21,0
2811;0,12558139534883722;0,05347103038811383;LLGC;0,9;14;mnist;6;1;fastgreedy;7,06782380000368;1000,0;784,0;22,0
2812;0,12441860465116279;0,06166357834147902;LLGC;0,9;14;mnist;6;1;fastgreedy;4,349121599996579;1000,0;784,0;23,0
2813;0,1186046511627907;0,04959373207154853;LLGC;0,9;14;mnist;6;1;fastgreedy;3,879962400002114;1000,0;784,0;24,0
2814;0,10465116279069768;0,027402179049444586;LLGC;0,9;14;mnist;6;1;fastgreedy;4,19431220000115;1000,0;784,0;25,0
2815;0,1569767441860465;0,08202450006519976;LLGC;0,9;14;mnist;6;1;fastgreedy;3,809706500003813;1000,0;784,0;26,0
2816;0,12558139534883722;0,06225213534371481;LLGC;0,9;14;mnist;6;1;fastgreedy;4,083002200000919;1000,0;784,0;27,0
2817;0,17674418604651163;0,08326360326906224;LLGC;0,9;14;mnist;6;1;fastgreedy;4,074286300005042;1000,0;784,0;28,0
2818;0,10232558139534884;0,022818040132476132;LLGC;0,9;14;mnist;6;1;fastgreedy;3,8989317000014125;1000,0;784,0;29,0
2819;0,10697674418604651;0,03158573390414916;LLGC;0,9;14;mnist;6;1;fastgreedy;3,9943697999988217;1000,0;784,0;30,0
2820;0,6095238095238096;0,6065769209710459;PhyDL;0,9;16;mnist;6;1;fastgreedy;416,1492200000066;1000,0;784,0;1,0
2821;0,6440476190476191;0,6377754922612878;PhyDL;0,9;16;mnist;6;1;fastgreedy;416,1486761999986;1000,0;784,0;2,0
2822;0,611904761904762;0,6065892152062753;PhyDL;0,9;16;mnist;6;1;fastgreedy;416,14877030000207;1000,0;784,0;3,0
2823;0,5869047619047619;0,5829901622294743;PhyDL;0,9;16;mnist;6;1;fastgreedy;416,14862490000087;1000,0;784,0;4,0
2824;0,6095238095238096;0,6145836355476095;PhyDL;0,9;16;mnist;6;1;fastgreedy;416,14884199999506;1000,0;784,0;5,0
2825;0,6142857142857143;0,6147858267304389;PhyDL;0,9;16;mnist;6;1;fastgreedy;416,14982269999746;1000,0;784,0;6,0
2826;0,6154761904761905;0,6102190276851971;PhyDL;0,9;16;mnist;6;1;fastgreedy;416,14907780000067;1000,0;784,0;7,0
2827;0,6095238095238096;0,6056011714265563;PhyDL;0,9;16;mnist;6;1;fastgreedy;416,1492795000013;1000,0;784,0;8,0
2828;0,5857142857142857;0,5818815257569;PhyDL;0,9;16;mnist;6;1;fastgreedy;416,14998789999663;1000,0;784,0;9,0
2829;0,6309523809523809;0,6378994880380203;PhyDL;0,9;16;mnist;6;1;fastgreedy;416,14961149999726;1000,0;784,0;10,0
2830;0,6321428571428571;0,609838341288566;PhyDL;0,9;16;mnist;6;1;fastgreedy;416,14951300000394;1000,0;784,0;11,0
2831;0,6035714285714285;0,5938048063014698;PhyDL;0,9;16;mnist;6;1;fastgreedy;416,1495963999987;1000,0;784,0;12,0
2832;0,6095238095238096;0,5980484988713056;PhyDL;0,9;16;mnist;6;1;fastgreedy;416,1491765000028;1000,0;784,0;13,0
2833;0,6178571428571429;0,6133261893328177;PhyDL;0,9;16;mnist;6;1;fastgreedy;416,14885729999514;1000,0;784,0;14,0
2834;0,65;0,6475736334628477;PhyDL;0,9;16;mnist;6;1;fastgreedy;416,14891940000234;1000,0;784,0;15,0
2835;0,6261904761904762;0,6197322421221806;PhyDL;0,9;16;mnist;6;1;fastgreedy;416,1488704000003;1000,0;784,0;16,0
2836;0,6238095238095238;0,631961770359011;PhyDL;0,9;16;mnist;6;1;fastgreedy;416,1488404999982;1000,0;784,0;17,0
2837;0,625;0,6261684237282792;PhyDL;0,9;16;mnist;6;1;fastgreedy;416,1489967000016;1000,0;784,0;18,0
2838;0,6357142857142857;0,6315558141474675;PhyDL;0,9;16;mnist;6;1;fastgreedy;416,1493627000018;1000,0;784,0;19,0
2839;0,625;0,6224429094823285;PhyDL;0,9;16;mnist;6;1;fastgreedy;416,1496840999971;1000,0;784,0;20,0
2840;0,5988095238095238;0,5899138337048566;PhyDL;0,9;16;mnist;6;1;fastgreedy;416,1497281000047;1000,0;784,0;21,0
2841;0,5869047619047619;0,5808277347079884;PhyDL;0,9;16;mnist;6;1;fastgreedy;416,1489117999954;1000,0;784,0;22,0
2842;0,5916666666666667;0,5875495534570316;PhyDL;0,9;16;mnist;6;1;fastgreedy;416,1496258999978;1000,0;784,0;23,0
2843;0,6190476190476191;0,6107640234289512;PhyDL;0,9;16;mnist;6;1;fastgreedy;416,14895689999685;1000,0;784,0;24,0
2844;0,6047619047619047;0,6023356227620958;PhyDL;0,9;16;mnist;6;1;fastgreedy;416,14899760000117;1000,0;784,0;25,0
2845;0,6011904761904762;0,6013996203640072;PhyDL;0,9;16;mnist;6;1;fastgreedy;416,1489055999991;1000,0;784,0;26,0
2846;0,6107142857142858;0,6098361874399023;PhyDL;0,9;16;mnist;6;1;fastgreedy;416,14920329999586;1000,0;784,0;27,0
2847;0,6392857142857142;0,6412411378220274;PhyDL;0,9;16;mnist;6;1;fastgreedy;416,1493980000014;1000,0;784,0;28,0
2848;0,6464285714285715;0,6296054142068768;PhyDL;0,9;16;mnist;6;1;fastgreedy;416,1488754999955;1000,0;784,0;29,0
2849;0,6583333333333333;0,6516798197099153;PhyDL;0,9;16;mnist;6;1;fastgreedy;416,1492270000017;1000,0;784,0;30,0
2850;0,11071428571428571;0,03916155114872345;LLGC;0,9;16;mnist;6;1;fastgreedy;3,909370900000795;1000,0;784,0;1,0
2851;0,10595238095238095;0,029883174011790747;LLGC;0,9;16;mnist;6;1;fastgreedy;4,164525699998194;1000,0;784,0;2,0
2852;0,11547619047619048;0,047668439631503925;LLGC;0,9;16;mnist;6;1;fastgreedy;4,133214699999371;1000,0;784,0;3,0
2853;0,10476190476190476;0,027610425297228743;LLGC;0,9;16;mnist;6;1;fastgreedy;4,095680200000061;1000,0;784,0;4,0
2854;0,10714285714285714;0,03158316213156681;LLGC;0,9;16;mnist;6;1;fastgreedy;4,53595900000073;1000,0;784,0;5,0
2855;0,16904761904761906;0,07973523837781196;LLGC;0,9;16;mnist;6;1;fastgreedy;5,322559599997476;1000,0;784,0;6,0
2856;0,14166666666666666;0,08429048612771417;LLGC;0,9;16;mnist;6;1;fastgreedy;5,820474300002388;1000,0;784,0;7,0
2857;0,15714285714285714;0,09973290028634212;LLGC;0,9;16;mnist;6;1;fastgreedy;5,255362399999285;1000,0;784,0;8,0
2858;0,10595238095238095;0,029019041854834955;LLGC;0,9;16;mnist;6;1;fastgreedy;5,435914400004549;1000,0;784,0;9,0
2859;0,15714285714285714;0,06364372469635628;LLGC;0,9;16;mnist;6;1;fastgreedy;5,039800500002457;1000,0;784,0;10,0
2860;0,11785714285714285;0,05045250725630703;LLGC;0,9;16;mnist;6;1;fastgreedy;5,243357899998955;1000,0;784,0;11,0
2861;0,12023809523809524;0,05067000128440945;LLGC;0,9;16;mnist;6;1;fastgreedy;5,133088100003079;1000,0;784,0;12,0
2862;0,11666666666666667;0,04511444572885389;LLGC;0,9;16;mnist;6;1;fastgreedy;4,934482099997695;1000,0;784,0;13,0
2863;0,1488095238095238;0,09567420771407013;LLGC;0,9;16;mnist;6;1;fastgreedy;5,085688200000732;1000,0;784,0;14,0
2864;0,20833333333333334;0,1538741688519295;LLGC;0,9;16;mnist;6;1;fastgreedy;5,08828490000451;1000,0;784,0;15,0
2865;0,1523809523809524;0,10449562681758662;LLGC;0,9;16;mnist;6;1;fastgreedy;5,051939600001788;1000,0;784,0;16,0
2866;0,14166666666666666;0,09115947051228983;LLGC;0,9;16;mnist;6;1;fastgreedy;4,8506734000038705;1000,0;784,0;17,0
2867;0,11547619047619048;0,04629153467284382;LLGC;0,9;16;mnist;6;1;fastgreedy;4,7944226000036;1000,0;784,0;18,0
2868;0,11666666666666667;0,048112701252236136;LLGC;0,9;16;mnist;6;1;fastgreedy;4,875310499999614;1000,0;784,0;19,0
2869;0,13690476190476192;0,07083168190053205;LLGC;0,9;16;mnist;6;1;fastgreedy;4,779735799995251;1000,0;784,0;20,0
2870;0,15119047619047618;0,10060596826170758;LLGC;0,9;16;mnist;6;1;fastgreedy;4,873918600002071;1000,0;784,0;21,0
2871;0,12023809523809524;0,0548847515790303;LLGC;0,9;16;mnist;6;1;fastgreedy;4,882748400006676;1000,0;784,0;22,0
2872;0,12142857142857143;0,05899945259400645;LLGC;0,9;16;mnist;6;1;fastgreedy;4,858627100002195;1000,0;784,0;23,0
2873;0,1380952380952381;0,06564511338198367;LLGC;0,9;16;mnist;6;1;fastgreedy;4,707745599996997;1000,0;784,0;24,0
2874;0,1261904761904762;0,06226029989429314;LLGC;0,9;16;mnist;6;1;fastgreedy;4,797750899997482;1000,0;784,0;25,0
2875;0,10595238095238095;0,029516694990891417;LLGC;0,9;16;mnist;6;1;fastgreedy;4,648469200001273;1000,0;784,0;26,0
2876;0,15476190476190477;0,07555048878015247;LLGC;0,9;16;mnist;6;1;fastgreedy;4,822422299999744;1000,0;784,0;27,0
2877;0,11190476190476191;0,041271965796540244;LLGC;0,9;16;mnist;6;1;fastgreedy;4,779247300000861;1000,0;784,0;28,0
2878;0,10476190476190476;0,02751036246582591;LLGC;0,9;16;mnist;6;1;fastgreedy;4,959947299998021;1000,0;784,0;29,0
2879;0,12857142857142856;0,06932603739170087;LLGC;0,9;16;mnist;6;1;fastgreedy;5,469723099995463;1000,0;784,0;30,0
2880;0,6182926829268293;0,6140104973128532;PhyDL;0,9;18;mnist;6;1;fastgreedy;416,1495084999988;1000,0;784,0;1,0
2881;0,5829268292682926;0,5850338807088088;PhyDL;0,9;18;mnist;6;1;fastgreedy;416,14887589999853;1000,0;784,0;2,0
2882;0,624390243902439;0,6284150671919451;PhyDL;0,9;18;mnist;6;1;fastgreedy;416,14952859999903;1000,0;784,0;3,0
2883;0,6646341463414634;0,6664817173238491;PhyDL;0,9;18;mnist;6;1;fastgreedy;416,1489717000004;1000,0;784,0;4,0
2884;0,6219512195121951;0,6152198823954129;PhyDL;0,9;18;mnist;6;1;fastgreedy;416,1496992999964;1000,0;784,0;5,0
2885;0,6048780487804878;0,6040742750171991;PhyDL;0,9;18;mnist;6;1;fastgreedy;416,14902240000083;1000,0;784,0;6,0
2886;0,6304878048780488;0,6317853031740339;PhyDL;0,9;18;mnist;6;1;fastgreedy;416,1497692000048;1000,0;784,0;7,0
2887;0,6109756097560975;0,6103017789956465;PhyDL;0,9;18;mnist;6;1;fastgreedy;416,148600600005;1000,0;784,0;8,0
2888;0,6170731707317073;0,6117766781504557;PhyDL;0,9;18;mnist;6;1;fastgreedy;416,14863799999875;1000,0;784,0;9,0
2889;0,6097560975609756;0,6040294659479732;PhyDL;0,9;18;mnist;6;1;fastgreedy;416,14865049999935;1000,0;784,0;10,0
2890;0,6390243902439025;0,6331648070271518;PhyDL;0,9;18;mnist;6;1;fastgreedy;416,149697199995;1000,0;784,0;11,0
2891;0,6036585365853658;0,6102748129895589;PhyDL;0,9;18;mnist;6;1;fastgreedy;416,14877980000165;1000,0;784,0;12,0
2892;0,6365853658536585;0,6292902293539218;PhyDL;0,9;18;mnist;6;1;fastgreedy;416,14862309999444;1000,0;784,0;13,0
2893;0,6341463414634146;0,6374939670930002;PhyDL;0,9;18;mnist;6;1;fastgreedy;416,14865190000273;1000,0;784,0;14,0
2894;0,6292682926829268;0,6355116238229722;PhyDL;0,9;18;mnist;6;1;fastgreedy;416,14964709999913;1000,0;784,0;15,0
2895;0,6341463414634146;0,6387408812424276;PhyDL;0,9;18;mnist;6;1;fastgreedy;416,1490244000015;1000,0;784,0;16,0
2896;0,6036585365853658;0,6030487669115896;PhyDL;0,9;18;mnist;6;1;fastgreedy;416,14927439999883;1000,0;784,0;17,0
2897;0,6134146341463415;0,6120616279045029;PhyDL;0,9;18;mnist;6;1;fastgreedy;416,14864210000087;1000,0;784,0;18,0
2898;0,6414634146341464;0,6453102941635301;PhyDL;0,9;18;mnist;6;1;fastgreedy;416,1492128999962;1000,0;784,0;19,0
2899;0,5463414634146342;0,5344005748357759;PhyDL;0,9;18;mnist;6;1;fastgreedy;416,1492692999964;1000,0;784,0;20,0
2900;0,6060975609756097;0,5985659794694371;PhyDL;0,9;18;mnist;6;1;fastgreedy;416,14890939999896;1000,0;784,0;21,0
2901;0,6341463414634146;0,638910862060259;PhyDL;0,9;18;mnist;6;1;fastgreedy;416,1488743000009;1000,0;784,0;22,0
2902;0,6134146341463415;0,6031640040467705;PhyDL;0,9;18;mnist;6;1;fastgreedy;416,14899510000396;1000,0;784,0;23,0
2903;0,6182926829268293;0,5993781778649984;PhyDL;0,9;18;mnist;6;1;fastgreedy;416,1496546000053;1000,0;784,0;24,0
2904;0,598780487804878;0,5988612658917262;PhyDL;0,9;18;mnist;6;1;fastgreedy;416,14897130000463;1000,0;784,0;25,0
2905;0,6426829268292683;0,6466524177417531;PhyDL;0,9;18;mnist;6;1;fastgreedy;416,1496294999961;1000,0;784,0;26,0
2906;0,624390243902439;0,6195779933520003;PhyDL;0,9;18;mnist;6;1;fastgreedy;416,14969059999567;1000,0;784,0;27,0
2907;0,6073170731707317;0,6003545020607831;PhyDL;0,9;18;mnist;6;1;fastgreedy;416,1492419999995;1000,0;784,0;28,0
2908;0,6463414634146342;0,6454125915070443;PhyDL;0,9;18;mnist;6;1;fastgreedy;416,149654300003;1000,0;784,0;29,0
2909;0,6451219512195122;0,6426729641121393;PhyDL;0,9;18;mnist;6;1;fastgreedy;416,14899760000117;1000,0;784,0;30,0
2910;0,1378048780487805;0,07957071186404656;LLGC;0,9;18;mnist;6;1;fastgreedy;4,918895599999814;1000,0;784,0;1,0
2911;0,11463414634146342;0,04656405558834171;LLGC;0,9;18;mnist;6;1;fastgreedy;4,817320300004212;1000,0;784,0;2,0
2912;0,11951219512195121;0,054781816167658634;LLGC;0,9;18;mnist;6;1;fastgreedy;4,916788499998802;1000,0;784,0;3,0
2913;0,11585365853658537;0,0483975876566058;LLGC;0,9;18;mnist;6;1;fastgreedy;4,803333099996962;1000,0;784,0;4,0
2914;0,11097560975609756;0,037045990771626826;LLGC;0,9;18;mnist;6;1;fastgreedy;4,902430299996922;1000,0;784,0;5,0
2915;0,13658536585365855;0,06322119937871729;LLGC;0,9;18;mnist;6;1;fastgreedy;5,043390699996962;1000,0;784,0;6,0
2916;0,14268292682926828;0,08871488816661957;LLGC;0,9;18;mnist;6;1;fastgreedy;4,996933800000988;1000,0;784,0;7,0
2917;0,11585365853658537;0,047972080464973386;LLGC;0,9;18;mnist;6;1;fastgreedy;4,349731099995552;1000,0;784,0;8,0
2918;0,1402439024390244;0,07474644813320488;LLGC;0,9;18;mnist;6;1;fastgreedy;3,9538678000026266;1000,0;784,0;9,0
2919;0,13170731707317074;0,06103958017941098;LLGC;0,9;18;mnist;6;1;fastgreedy;3,919365599998855;1000,0;784,0;10,0
2920;0,17804878048780487;0,12875868398798138;LLGC;0,9;18;mnist;6;1;fastgreedy;4,703571199999715;1000,0;784,0;11,0
2921;0,12195121951219512;0,05518690562589834;LLGC;0,9;18;mnist;6;1;fastgreedy;4,214188099998864;1000,0;784,0;12,0
2922;0,14390243902439023;0,08306638624553968;LLGC;0,9;18;mnist;6;1;fastgreedy;4,021606400005112;1000,0;784,0;13,0
2923;0,15609756097560976;0,10771585718328151;LLGC;0,9;18;mnist;6;1;fastgreedy;4,1866087000016705;1000,0;784,0;14,0
2924;0,12073170731707317;0,05287450778976203;LLGC;0,9;18;mnist;6;1;fastgreedy;4,492806599999312;1000,0;784,0;15,0
2925;0,1024390243902439;0,022948374010338286;LLGC;0,9;18;mnist;6;1;fastgreedy;4,24056539999583;1000,0;784,0;16,0
2926;0,12804878048780488;0,0671118402292896;LLGC;0,9;18;mnist;6;1;fastgreedy;4,353577599998971;1000,0;784,0;17,0
2927;0,12317073170731707;0,05839765097322751;LLGC;0,9;18;mnist;6;1;fastgreedy;4,5707288999983575;1000,0;784,0;18,0
2928;0,12073170731707317;0,05287450778976203;LLGC;0,9;18;mnist;6;1;fastgreedy;4,192443500003719;1000,0;784,0;19,0
2929;0,1548780487804878;0,08974574153473491;LLGC;0,9;18;mnist;6;1;fastgreedy;4,678764399999636;1000,0;784,0;20,0
2930;0,10853658536585366;0,03472818851645546;LLGC;0,9;18;mnist;6;1;fastgreedy;5,238260900005116;1000,0;784,0;21,0
2931;0,1073170731707317;0,03158929301839471;LLGC;0,9;18;mnist;6;1;fastgreedy;5,159349599998677;1000,0;784,0;22,0
2932;0,11707317073170732;0,04823152024264619;LLGC;0,9;18;mnist;6;1;fastgreedy;5,265493400002015;1000,0;784,0;23,0
2933;0,1719512195121951;0,1169513946578189;LLGC;0,9;18;mnist;6;1;fastgreedy;5,335774599996512;1000,0;784,0;24,0
2934;0,12439024390243902;0,060109081967945996;LLGC;0,9;18;mnist;6;1;fastgreedy;4,890126100006455;1000,0;784,0;25,0
2935;0,174390243902439;0,12426907299763854;LLGC;0,9;18;mnist;6;1;fastgreedy;4,975629900000058;1000,0;784,0;26,0
2936;0,1378048780487805;0,07645167329781913;LLGC;0,9;18;mnist;6;1;fastgreedy;5,0665938000020105;1000,0;784,0;27,0
2937;0,10853658536585366;0,03437002453694922;LLGC;0,9;18;mnist;6;1;fastgreedy;5,013385199999902;1000,0;784,0;28,0
2938;0,1402439024390244;0,08205273467406238;LLGC;0,9;18;mnist;6;1;fastgreedy;5,10125600000174;1000,0;784,0;29,0
2939;0,13658536585365855;0,08112785144404336;LLGC;0,9;18;mnist;6;1;fastgreedy;4,977007200002845;1000,0;784,0;30,0
2940;0,635;0,6302871956354357;PhyDL;0,9;20;mnist;6;1;fastgreedy;416,1488423999981;1000,0;784,0;1,0
2941;0,6075;0,6103828470011303;PhyDL;0,9;20;mnist;6;1;fastgreedy;416,1500304000001;1000,0;784,0;2,0
2942;0,62125;0,6165575757125829;PhyDL;0,9;20;mnist;6;1;fastgreedy;416,14939720000257;1000,0;784,0;3,0
2943;0,62875;0,6244878945497739;PhyDL;0,9;20;mnist;6;1;fastgreedy;416,1496612999981;1000,0;784,0;4,0
2944;0,6625;0,6665176471640578;PhyDL;0,9;20;mnist;6;1;fastgreedy;416,1496100000004;1000,0;784,0;5,0
2945;0,63125;0,6316653044770808;PhyDL;0,9;20;mnist;6;1;fastgreedy;416,14898930000345;1000,0;784,0;6,0
2946;0,6525;0,6471886178368528;PhyDL;0,9;20;mnist;6;1;fastgreedy;416,1489924000052;1000,0;784,0;7,0
2947;0,6425;0,6455803303692362;PhyDL;0,9;20;mnist;6;1;fastgreedy;416,14907000000676;1000,0;784,0;8,0
2948;0,62;0,6104419015765465;PhyDL;0,9;20;mnist;6;1;fastgreedy;416,14890580000065;1000,0;784,0;9,0
2949;0,6425;0,6367816341390077;PhyDL;0,9;20;mnist;6;1;fastgreedy;416,14886110000225;1000,0;784,0;10,0
2950;0,6475;0,6507478571335781;PhyDL;0,9;20;mnist;6;1;fastgreedy;416,14931570000044;1000,0;784,0;11,0
2951;0,645;0,6432820240359012;PhyDL;0,9;20;mnist;6;1;fastgreedy;416,14977640000143;1000,0;784,0;12,0
2952;0,60125;0,6081274249965978;PhyDL;0,9;20;mnist;6;1;fastgreedy;416,14979079999466;1000,0;784,0;13,0
2953;0,59;0,5814191000704084;PhyDL;0,9;20;mnist;6;1;fastgreedy;416,1490869000045;1000,0;784,0;14,0
2954;0,615;0,6134910334959438;PhyDL;0,9;20;mnist;6;1;fastgreedy;416,1488631000029;1000,0;784,0;15,0
2955;0,64125;0,6362795969029695;PhyDL;0,9;20;mnist;6;1;fastgreedy;416,1491060000044;1000,0;784,0;16,0
2956;0,63;0,6313185878121563;PhyDL;0,9;20;mnist;6;1;fastgreedy;416,14895040000556;1000,0;784,0;17,0
2957;0,66;0,6677393868701675;PhyDL;0,9;20;mnist;6;1;fastgreedy;416,14969389999897;1000,0;784,0;18,0
2958;0,60125;0,5962881834174155;PhyDL;0,9;20;mnist;6;1;fastgreedy;416,1495858999988;1000,0;784,0;19,0
2959;0,6075;0,6140507720213673;PhyDL;0,9;20;mnist;6;1;fastgreedy;416,1488157999993;1000,0;784,0;20,0
2960;0,6525;0,646627746220421;PhyDL;0,9;20;mnist;6;1;fastgreedy;416,1494439999951;1000,0;784,0;21,0
2961;0,6375;0,6291913256965143;PhyDL;0,9;20;mnist;6;1;fastgreedy;416,14884399999573;1000,0;784,0;22,0
2962;0,615;0,6121602753806183;PhyDL;0,9;20;mnist;6;1;fastgreedy;416,1494773000013;1000,0;784,0;23,0
2963;0,64875;0,6474699827750869;PhyDL;0,9;20;mnist;6;1;fastgreedy;416,14938220000477;1000,0;784,0;24,0
2964;0,64125;0,638678624215772;PhyDL;0,9;20;mnist;6;1;fastgreedy;416,14903629999753;1000,0;784,0;25,0
2965;0,63;0,6225783183393251;PhyDL;0,9;20;mnist;6;1;fastgreedy;416,14891990000615;1000,0;784,0;26,0
2966;0,63625;0,6362924427149437;PhyDL;0,9;20;mnist;6;1;fastgreedy;416,14894600000116;1000,0;784,0;27,0
2967;0,64625;0,6399387800760847;PhyDL;0,9;20;mnist;6;1;fastgreedy;416,1488287999964;1000,0;784,0;28,0
2968;0,6025;0,5985883999028172;PhyDL;0,9;20;mnist;6;1;fastgreedy;416,14882999999827;1000,0;784,0;29,0
2969;0,61375;0,6078128270174676;PhyDL;0,9;20;mnist;6;1;fastgreedy;416,14968529999896;1000,0;784,0;30,0
2970;0,1075;0,032882736401213954;LLGC;0,9;20;mnist;6;1;fastgreedy;4,889079200002016;1000,0;784,0;1,0
2971;0,1275;0,06823053796950196;LLGC;0,9;20;mnist;6;1;fastgreedy;4,8876202999963425;1000,0;784,0;2,0
2972;0,16;0,10439168152109328;LLGC;0,9;20;mnist;6;1;fastgreedy;4,875113199996122;1000,0;784,0;3,0
2973;0,16875;0,07881721371466191;LLGC;0,9;20;mnist;6;1;fastgreedy;4,973304999999527;1000,0;784,0;4,0
2974;0,1125;0,041829943203646594;LLGC;0,9;20;mnist;6;1;fastgreedy;4,967390799996792;1000,0;784,0;5,0
2975;0,13375;0,07582241628786676;LLGC;0,9;20;mnist;6;1;fastgreedy;5,319367299998703;1000,0;784,0;6,0
2976;0,1375;0,07363380943082017;LLGC;0,9;20;mnist;6;1;fastgreedy;5,121845599998778;1000,0;784,0;7,0
2977;0,1;0,01818181818181818;LLGC;0,9;20;mnist;6;1;fastgreedy;5,09786520000489;1000,0;784,0;8,0
2978;0,10375;0,025591198265967202;LLGC;0,9;20;mnist;6;1;fastgreedy;5,029025099996943;1000,0;784,0;9,0
2979;0,16125;0,10603231063042469;LLGC;0,9;20;mnist;6;1;fastgreedy;4,893382599999313;1000,0;784,0;10,0
2980;0,11375;0,04497211388316328;LLGC;0,9;20;mnist;6;1;fastgreedy;4,751739599996654;1000,0;784,0;11,0
2981;0,12125;0,05594576395946517;LLGC;0,9;20;mnist;6;1;fastgreedy;4,895687700001872;1000,0;784,0;12,0
2982;0,17375;0,12423734335118423;LLGC;0,9;20;mnist;6;1;fastgreedy;4,775801900002989;1000,0;784,0;13,0
2983;0,14625;0,09890425258796222;LLGC;0,9;20;mnist;6;1;fastgreedy;4,839884699998947;1000,0;784,0;14,0
2984;0,14;0,08328845216440654;LLGC;0,9;20;mnist;6;1;fastgreedy;4,932303300003696;1000,0;784,0;15,0
2985;0,13;0,06558733023119649;LLGC;0,9;20;mnist;6;1;fastgreedy;4,825594699999783;1000,0;784,0;16,0
2986;0,17;0,10216814099603408;LLGC;0,9;20;mnist;6;1;fastgreedy;4,877976900002977;1000,0;784,0;17,0
2987;0,185;0,09002601263470829;LLGC;0,9;20;mnist;6;1;fastgreedy;5,047299899997597;1000,0;784,0;18,0
2988;0,1575;0,11178335550354557;LLGC;0,9;20;mnist;6;1;fastgreedy;4,9621025000014924;1000,0;784,0;19,0
2989;0,13625;0,06933475896262911;LLGC;0,9;20;mnist;6;1;fastgreedy;4,986814500000037;1000,0;784,0;20,0
2990;0,1175;0,050455908077584474;LLGC;0,9;20;mnist;6;1;fastgreedy;4,814241600004607;1000,0;784,0;21,0
2991;0,10625;0,030050420168067228;LLGC;0,9;20;mnist;6;1;fastgreedy;4,972795000001497;1000,0;784,0;22,0
2992;0,12375;0,05707089014230624;LLGC;0,9;20;mnist;6;1;fastgreedy;4,800720100000035;1000,0;784,0;23,0
2993;0,1275;0,06669537418539492;LLGC;0,9;20;mnist;6;1;fastgreedy;4,918381900002714;1000,0;784,0;24,0
2994;0,1175;0,048203359795011794;LLGC;0,9;20;mnist;6;1;fastgreedy;4,799750300000596;1000,0;784,0;25,0
2995;0,13625;0,07816183462222966;LLGC;0,9;20;mnist;6;1;fastgreedy;4,850961899996037;1000,0;784,0;26,0
2996;0,13375;0,07615801604070134;LLGC;0,9;20;mnist;6;1;fastgreedy;4,930580199994438;1000,0;784,0;27,0
2997;0,12625;0,06637753464939547;LLGC;0,9;20;mnist;6;1;fastgreedy;4,9592210999981035;1000,0;784,0;28,0
2998;0,12;0,0524360120626165;LLGC;0,9;20;mnist;6;1;fastgreedy;4,87245090000215;1000,0;784,0;29,0
2999;0,1475;0,09377296865950369;LLGC;0,9;20;mnist;6;1;fastgreedy;5,048423799999;1000,0;784,0;30,0
